"","Year","Variable","Intercept","Val","Loc","N","season"
"1",1941,"BT_insitu",4.8623337615225,-2.84254011274532,"NYB",6,"winter"
"2",1942,"BT_insitu",4.8623337615225,-0.060436171828969,"NYB",36,"winter"
"3",1943,"BT_insitu",4.8623337615225,-1.63023592332815,"NYB",22,"winter"
"4",1944,"BT_insitu",4.8623337615225,0.325847487671461,"NYB",3,"winter"
"5",1945,"BT_insitu",4.8623337615225,-1.7534933467027,"NYB",41,"winter"
"6",1946,"BT_insitu",4.8623337615225,0.789112425075643,"NYB",2,"winter"
"7",1948,"BT_insitu",4.8623337615225,-3.14767279410663,"NYB",71,"winter"
"8",1949,"BT_insitu",4.8623337615225,4.84670351440037,"NYB",4,"winter"
"9",1950,"BT_insitu",4.8623337615225,3.58087419535012,"NYB",89,"winter"
"10",1951,"BT_insitu",4.8623337615225,2.9561388510465,"NYB",7,"winter"
"11",1952,"BT_insitu",4.8623337615225,3.60850774057155,"NYB",13,"winter"
"12",1953,"BT_insitu",4.8623337615225,-0.555009265035158,"NYB",3,"winter"
"13",1954,"BT_insitu",4.8623337615225,1.28929512425839,"NYB",28,"winter"
"14",1955,"BT_insitu",4.8623337615225,-1.3125384953449,"NYB",69,"winter"
"15",1956,"BT_insitu",4.8623337615225,0.327328245450969,"NYB",11,"winter"
"16",1957,"BT_insitu",4.8623337615225,0.710749602408534,"NYB",62,"winter"
"17",1958,"BT_insitu",4.8623337615225,1.24735221093188,"NYB",11,"winter"
"18",1959,"BT_insitu",4.8623337615225,0.0989878714522976,"NYB",140,"winter"
"19",1960,"BT_insitu",4.8623337615225,0.636544787496118,"NYB",46,"winter"
"20",1961,"BT_insitu",4.8623337615225,-0.911964008426891,"NYB",104,"winter"
"21",1962,"BT_insitu",4.8623337615225,-1.56977909685845,"NYB",79,"winter"
"22",1963,"BT_insitu",4.8623337615225,0.500993078609728,"NYB",12,"winter"
"23",1964,"BT_insitu",4.8623337615225,-1.41611948818026,"NYB",92,"winter"
"24",1965,"BT_insitu",4.8623337615225,-2.70455431964362,"NYB",29,"winter"
"25",1966,"BT_insitu",4.8623337615225,-2.57240145281383,"NYB",137,"winter"
"26",1967,"BT_insitu",4.8623337615225,-0.0453452998356774,"NYB",22,"winter"
"27",1968,"BT_insitu",4.8623337615225,-1.52382691411638,"NYB",48,"winter"
"28",1969,"BT_insitu",4.8623337615225,-1.51914719899805,"NYB",49,"winter"
"29",1970,"BT_insitu",4.8623337615225,-1.79265544772427,"NYB",25,"winter"
"30",1971,"BT_insitu",4.8623337615225,-0.83558803849431,"NYB",181,"winter"
"31",1972,"BT_insitu",4.8623337615225,0.443425301288368,"NYB",183,"winter"
"32",1973,"BT_insitu",4.8623337615225,0.632858023148181,"NYB",66,"winter"
"33",1974,"BT_insitu",4.8623337615225,1.92673838627866,"NYB",37,"winter"
"34",1975,"BT_insitu",4.8623337615225,0.594236358189577,"NYB",160,"winter"
"35",1976,"BT_insitu",4.8623337615225,0.550679119297387,"NYB",96,"winter"
"36",1977,"BT_insitu",4.8623337615225,-2.22186081198771,"NYB",41,"winter"
"37",1978,"BT_insitu",4.8623337615225,-1.04966727236362,"NYB",255,"winter"
"38",1979,"BT_insitu",4.8623337615225,-0.343822288082715,"NYB",87,"winter"
"39",1980,"BT_insitu",4.8623337615225,0.185502741503295,"NYB",80,"winter"
"40",1981,"BT_insitu",4.8623337615225,-0.303384164674386,"NYB",55,"winter"
"41",1982,"BT_insitu",4.8623337615225,-0.695736573571726,"NYB",195,"winter"
"42",1983,"BT_insitu",4.8623337615225,0.119875509425019,"NYB",180,"winter"
"43",1984,"BT_insitu",4.8623337615225,-0.644926648825325,"NYB",156,"winter"
"44",1985,"BT_insitu",4.8623337615225,-0.56892809513765,"NYB",78,"winter"
"45",1986,"BT_insitu",4.8623337615225,0.459215084586627,"NYB",55,"winter"
"46",1987,"BT_insitu",4.8623337615225,0.246631421320695,"NYB",22,"winter"
"47",1988,"BT_insitu",4.8623337615225,-0.096616131916865,"NYB",64,"winter"
"48",1989,"BT_insitu",4.8623337615225,-0.51449702307089,"NYB",43,"winter"
"49",1990,"BT_insitu",4.8623337615225,-0.0928295893585891,"NYB",94,"winter"
"50",1991,"BT_insitu",4.8623337615225,0.394154827407911,"NYB",170,"winter"
"51",1992,"BT_insitu",4.8623337615225,-0.239826156506777,"NYB",139,"winter"
"52",1993,"BT_insitu",4.8623337615225,-0.742190522045363,"NYB",154,"winter"
"53",1994,"BT_insitu",4.8623337615225,-0.516501239231471,"NYB",148,"winter"
"54",1995,"BT_insitu",4.8623337615225,1.61634212946384,"NYB",76,"winter"
"55",1996,"BT_insitu",4.8623337615225,-0.778475739653091,"NYB",77,"winter"
"56",1997,"BT_insitu",4.8623337615225,0.863547506597732,"NYB",120,"winter"
"57",1998,"BT_insitu",4.8623337615225,-0.470350128955848,"NYB",129,"winter"
"58",1999,"BT_insitu",4.8623337615225,1.42530290225197,"NYB",129,"winter"
"59",2000,"BT_insitu",4.8623337615225,0.335776355270569,"NYB",86,"winter"
"60",2001,"BT_insitu",4.8623337615225,0.629932338546531,"NYB",164,"winter"
"61",2002,"BT_insitu",4.8623337615225,1.43247685313554,"NYB",131,"winter"
"62",2003,"BT_insitu",4.8623337615225,-1.44625203021065,"NYB",105,"winter"
"63",2004,"BT_insitu",4.8623337615225,-0.943873491115212,"NYB",128,"winter"
"64",2005,"BT_insitu",4.8623337615225,-0.520797741641848,"NYB",134,"winter"
"65",2006,"BT_insitu",4.8623337615225,1.0370189061053,"NYB",103,"winter"
"66",2007,"BT_insitu",4.8623337615225,0.205621053301202,"NYB",169,"winter"
"67",2008,"BT_insitu",4.8623337615225,0.918636935790685,"NYB",101,"winter"
"68",2009,"BT_insitu",4.8623337615225,0.320619583366321,"NYB",134,"winter"
"69",2010,"BT_insitu",4.8623337615225,-0.559436152899047,"NYB",101,"winter"
"70",2011,"BT_insitu",4.8623337615225,-0.510785301034872,"NYB",91,"winter"
"71",2012,"BT_insitu",4.8623337615225,1.5647135195014,"NYB",170,"winter"
"72",2013,"BT_insitu",4.8623337615225,0.289800398981398,"NYB",100,"winter"
"73",2014,"BT_insitu",4.8623337615225,-1.17221918670991,"NYB",20,"winter"
"74",2015,"BT_insitu",4.8623337615225,-0.626644893259404,"NYB",46,"winter"
"75",2016,"BT_insitu",4.8623337615225,0.914348777976282,"NYB",30,"winter"
"76",2017,"BT_insitu",4.8623337615225,0.149780534877576,"NYB",78,"winter"
"77",2018,"BT_insitu",4.8623337615225,-0.889463001524886,"NYB",46,"winter"
"78",2019,"BT_insitu",4.8623337615225,0.34670679064283,"NYB",74,"winter"
"79",2020,"BT_insitu",4.8623337615225,1.36487053941857,"NYB",36,"winter"
"80",2021,"BT_insitu",4.8623337615225,0.973955399664193,"NYB",56,"winter"
"81",2022,"BT_insitu",4.8623337615225,1.28118912590024,"NYB",63,"winter"
"82",1941,"BT_insitu",6.68070736663698,-1.54219104189006,"NYB",34,"spring"
"83",1942,"BT_insitu",6.68070736663698,1.4143687183526,"NYB",91,"spring"
"84",1943,"BT_insitu",6.68070736663698,0.153884728833976,"NYB",18,"spring"
"85",1944,"BT_insitu",6.68070736663698,0.610483267780216,"NYB",18,"spring"
"86",1945,"BT_insitu",6.68070736663698,1.73822102925326,"NYB",30,"spring"
"87",1946,"BT_insitu",6.68070736663698,-0.368085413142543,"NYB",210,"spring"
"88",1947,"BT_insitu",6.68070736663698,-0.39605490990392,"NYB",69,"spring"
"89",1948,"BT_insitu",6.68070736663698,-0.94700274770791,"NYB",96,"spring"
"90",1949,"BT_insitu",6.68070736663698,2.56985674570409,"NYB",18,"spring"
"91",1950,"BT_insitu",6.68070736663698,-0.0912494615261352,"NYB",69,"spring"
"92",1951,"BT_insitu",6.68070736663698,-0.328036644018067,"NYB",56,"spring"
"93",1952,"BT_insitu",6.68070736663698,-0.793412248359123,"NYB",15,"spring"
"94",1953,"BT_insitu",6.68070736663698,2.14902710953606,"NYB",57,"spring"
"95",1954,"BT_insitu",6.68070736663698,1.55294371397025,"NYB",38,"spring"
"96",1955,"BT_insitu",6.68070736663698,-1.29146755418945,"NYB",33,"spring"
"97",1956,"BT_insitu",6.68070736663698,-0.00276684408733563,"NYB",48,"spring"
"98",1957,"BT_insitu",6.68070736663698,1.78511317097238,"NYB",40,"spring"
"99",1958,"BT_insitu",6.68070736663698,-0.537071470885295,"NYB",83,"spring"
"100",1959,"BT_insitu",6.68070736663698,0.570190723349214,"NYB",180,"spring"
"101",1960,"BT_insitu",6.68070736663698,-2.3620457445135,"NYB",803,"spring"
"102",1961,"BT_insitu",6.68070736663698,-0.109637296286678,"NYB",36,"spring"
"103",1962,"BT_insitu",6.68070736663698,-0.166328198616024,"NYB",35,"spring"
"104",1963,"BT_insitu",6.68070736663698,0.652537829348672,"NYB",116,"spring"
"105",1964,"BT_insitu",6.68070736663698,-0.849710515784675,"NYB",83,"spring"
"106",1965,"BT_insitu",6.68070736663698,-0.468020297225097,"NYB",52,"spring"
"107",1966,"BT_insitu",6.68070736663698,-1.58114548979092,"NYB",120,"spring"
"108",1967,"BT_insitu",6.68070736663698,0.688394703151815,"NYB",74,"spring"
"109",1968,"BT_insitu",6.68070736663698,0.431496704303456,"NYB",33,"spring"
"110",1969,"BT_insitu",6.68070736663698,0.117916709796454,"NYB",77,"spring"
"111",1970,"BT_insitu",6.68070736663698,-1.62790786752574,"NYB",282,"spring"
"112",1971,"BT_insitu",6.68070736663698,-1.385628490979,"NYB",98,"spring"
"113",1972,"BT_insitu",6.68070736663698,-1.14431803739785,"NYB",80,"spring"
"114",1973,"BT_insitu",6.68070736663698,-0.166167733431568,"NYB",63,"spring"
"115",1974,"BT_insitu",6.68070736663698,-1.23905367008601,"NYB",58,"spring"
"116",1975,"BT_insitu",6.68070736663698,-0.226143034607647,"NYB",112,"spring"
"117",1976,"BT_insitu",6.68070736663698,-0.261178263783036,"NYB",247,"spring"
"118",1977,"BT_insitu",6.68070736663698,-1.29087849195828,"NYB",375,"spring"
"119",1978,"BT_insitu",6.68070736663698,-2.16601237908465,"NYB",309,"spring"
"120",1979,"BT_insitu",6.68070736663698,-1.21058985009487,"NYB",342,"spring"
"121",1980,"BT_insitu",6.68070736663698,-1.02001093907299,"NYB",250,"spring"
"122",1981,"BT_insitu",6.68070736663698,-1.08584734013008,"NYB",224,"spring"
"123",1982,"BT_insitu",6.68070736663698,-0.493457837491278,"NYB",248,"spring"
"124",1983,"BT_insitu",6.68070736663698,-0.162342030471622,"NYB",186,"spring"
"125",1984,"BT_insitu",6.68070736663698,-1.00309172476666,"NYB",154,"spring"
"126",1985,"BT_insitu",6.68070736663698,0.203666598910655,"NYB",77,"spring"
"127",1986,"BT_insitu",6.68070736663698,1.46430750760126,"NYB",64,"spring"
"128",1987,"BT_insitu",6.68070736663698,-0.765588830642833,"NYB",281,"spring"
"129",1988,"BT_insitu",6.68070736663698,-0.966243883131377,"NYB",59,"spring"
"130",1989,"BT_insitu",6.68070736663698,0.374236147394391,"NYB",129,"spring"
"131",1990,"BT_insitu",6.68070736663698,0.403768342839297,"NYB",125,"spring"
"132",1991,"BT_insitu",6.68070736663698,0.340646049615812,"NYB",113,"spring"
"133",1992,"BT_insitu",6.68070736663698,0.0616768750054291,"NYB",53,"spring"
"134",1993,"BT_insitu",6.68070736663698,0.132568361472419,"NYB",42,"spring"
"135",1994,"BT_insitu",6.68070736663698,-0.619978486728194,"NYB",55,"spring"
"136",1995,"BT_insitu",6.68070736663698,-0.0390922957114588,"NYB",84,"spring"
"137",1996,"BT_insitu",6.68070736663698,-0.869157716633011,"NYB",71,"spring"
"138",1997,"BT_insitu",6.68070736663698,0.232747442519119,"NYB",53,"spring"
"139",1998,"BT_insitu",6.68070736663698,-0.49663473897295,"NYB",75,"spring"
"140",1999,"BT_insitu",6.68070736663698,1.5446071654665,"NYB",36,"spring"
"141",2000,"BT_insitu",6.68070736663698,1.82750950858626,"NYB",34,"spring"
"142",2001,"BT_insitu",6.68070736663698,-0.0282510834864713,"NYB",60,"spring"
"143",2002,"BT_insitu",6.68070736663698,1.15400312312474,"NYB",38,"spring"
"144",2003,"BT_insitu",6.68070736663698,-0.677205620554808,"NYB",28,"spring"
"145",2004,"BT_insitu",6.68070736663698,-0.861598799420922,"NYB",59,"spring"
"146",2005,"BT_insitu",6.68070736663698,-0.215863971921205,"NYB",81,"spring"
"147",2006,"BT_insitu",6.68070736663698,1.46351851536608,"NYB",32,"spring"
"148",2007,"BT_insitu",6.68070736663698,-0.411829065890482,"NYB",37,"spring"
"149",2008,"BT_insitu",6.68070736663698,1.56915427624561,"NYB",122,"spring"
"150",2009,"BT_insitu",6.68070736663698,-0.144126529736301,"NYB",89,"spring"
"151",2010,"BT_insitu",6.68070736663698,1.02267374595494,"NYB",79,"spring"
"152",2011,"BT_insitu",6.68070736663698,0.536045422521115,"NYB",84,"spring"
"153",2012,"BT_insitu",6.68070736663698,0.118083040734875,"NYB",107,"spring"
"154",2013,"BT_insitu",6.68070736663698,0.681074356236951,"NYB",90,"spring"
"155",2014,"BT_insitu",6.68070736663698,-1.0473974319023,"NYB",60,"spring"
"156",2015,"BT_insitu",6.68070736663698,-0.798730575891409,"NYB",67,"spring"
"157",2016,"BT_insitu",6.68070736663698,3.25614701614124,"NYB",922,"spring"
"158",2017,"BT_insitu",6.68070736663698,-0.4992463839115,"NYB",85,"spring"
"159",2018,"BT_insitu",6.68070736663698,-0.144128620575259,"NYB",57,"spring"
"160",2019,"BT_insitu",6.68070736663698,-0.337122773685752,"NYB",44,"spring"
"161",2020,"BT_insitu",6.68070736663698,2.47934230379974,"NYB",24,"spring"
"162",2021,"BT_insitu",6.68070736663698,1.10139829253426,"NYB",152,"spring"
"163",2022,"BT_insitu",6.68070736663698,0.837441131181122,"NYB",40,"spring"
"164",1941,"BT_insitu",9.21069728215249,-1.39989300639289,"NYB",172,"summer"
"165",1942,"BT_insitu",9.21069728215249,-2.71559124103123,"NYB",24,"summer"
"166",1943,"BT_insitu",9.21069728215249,5.13680834563748,"NYB",33,"summer"
"167",1944,"BT_insitu",9.21069728215249,1.01227408021717,"NYB",72,"summer"
"168",1946,"BT_insitu",9.21069728215249,1.09349825023329,"NYB",56,"summer"
"169",1947,"BT_insitu",9.21069728215249,1.2587452362364,"NYB",32,"summer"
"170",1948,"BT_insitu",9.21069728215249,0.064137915190233,"NYB",99,"summer"
"171",1949,"BT_insitu",9.21069728215249,-0.860205037268861,"NYB",190,"summer"
"172",1950,"BT_insitu",9.21069728215249,0.506137623128537,"NYB",9,"summer"
"173",1951,"BT_insitu",9.21069728215249,2.26380743695046,"NYB",207,"summer"
"174",1952,"BT_insitu",9.21069728215249,0.668940953201588,"NYB",40,"summer"
"175",1953,"BT_insitu",9.21069728215249,2.05199400376666,"NYB",68,"summer"
"176",1954,"BT_insitu",9.21069728215249,2.29034877816316,"NYB",55,"summer"
"177",1955,"BT_insitu",9.21069728215249,-0.0106350533386104,"NYB",47,"summer"
"178",1956,"BT_insitu",9.21069728215249,0.785975352340038,"NYB",55,"summer"
"179",1957,"BT_insitu",9.21069728215249,-0.83937861109386,"NYB",68,"summer"
"180",1958,"BT_insitu",9.21069728215249,-0.511928148247888,"NYB",36,"summer"
"181",1959,"BT_insitu",9.21069728215249,-0.399397742748817,"NYB",38,"summer"
"182",1960,"BT_insitu",9.21069728215249,-1.46946157531032,"NYB",53,"summer"
"183",1961,"BT_insitu",9.21069728215249,-1.20465777346098,"NYB",149,"summer"
"184",1962,"BT_insitu",9.21069728215249,0.309226967934365,"NYB",13,"summer"
"185",1963,"BT_insitu",9.21069728215249,-1.27107169828831,"NYB",156,"summer"
"186",1964,"BT_insitu",9.21069728215249,-2.87242575239187,"NYB",237,"summer"
"187",1965,"BT_insitu",9.21069728215249,-3.39119837181579,"NYB",166,"summer"
"188",1966,"BT_insitu",9.21069728215249,-0.632134068140089,"NYB",170,"summer"
"189",1967,"BT_insitu",9.21069728215249,-1.79903104053475,"NYB",39,"summer"
"190",1968,"BT_insitu",9.21069728215249,-1.55100237110192,"NYB",210,"summer"
"191",1969,"BT_insitu",9.21069728215249,-0.698200443840069,"NYB",104,"summer"
"192",1970,"BT_insitu",9.21069728215249,-1.36936607013086,"NYB",147,"summer"
"193",1971,"BT_insitu",9.21069728215249,-0.518114303061708,"NYB",62,"summer"
"194",1972,"BT_insitu",9.21069728215249,0.302577709821457,"NYB",108,"summer"
"195",1973,"BT_insitu",9.21069728215249,0.115326079696129,"NYB",117,"summer"
"196",1974,"BT_insitu",9.21069728215249,-0.413115813637227,"NYB",325,"summer"
"197",1975,"BT_insitu",9.21069728215249,-0.701862986524538,"NYB",121,"summer"
"198",1976,"BT_insitu",9.21069728215249,-0.784419665860277,"NYB",219,"summer"
"199",1977,"BT_insitu",9.21069728215249,-0.562387632219493,"NYB",413,"summer"
"200",1978,"BT_insitu",9.21069728215249,-1.58713341270481,"NYB",437,"summer"
"201",1979,"BT_insitu",9.21069728215249,-1.47951743981608,"NYB",308,"summer"
"202",1980,"BT_insitu",9.21069728215249,-1.08910299896178,"NYB",137,"summer"
"203",1981,"BT_insitu",9.21069728215249,-1.04965875403026,"NYB",182,"summer"
"204",1982,"BT_insitu",9.21069728215249,-0.637375482525875,"NYB",139,"summer"
"205",1983,"BT_insitu",9.21069728215249,-1.021457978231,"NYB",190,"summer"
"206",1984,"BT_insitu",9.21069728215249,-0.892279861676262,"NYB",147,"summer"
"207",1985,"BT_insitu",9.21069728215249,-0.676848918140863,"NYB",105,"summer"
"208",1986,"BT_insitu",9.21069728215249,1.02478740655382,"NYB",122,"summer"
"209",1987,"BT_insitu",9.21069728215249,-1.84926144193917,"NYB",114,"summer"
"210",1988,"BT_insitu",9.21069728215249,2.59088249746349,"NYB",67,"summer"
"211",1989,"BT_insitu",9.21069728215249,0.988143845835358,"NYB",148,"summer"
"212",1990,"BT_insitu",9.21069728215249,0.100774324926159,"NYB",173,"summer"
"213",1991,"BT_insitu",9.21069728215249,-0.677505102265005,"NYB",209,"summer"
"214",1992,"BT_insitu",9.21069728215249,-0.521075798900276,"NYB",126,"summer"
"215",1993,"BT_insitu",9.21069728215249,-0.529097750188823,"NYB",123,"summer"
"216",1994,"BT_insitu",9.21069728215249,0.1272528439729,"NYB",164,"summer"
"217",1995,"BT_insitu",9.21069728215249,1.31277940018099,"NYB",93,"summer"
"218",1996,"BT_insitu",9.21069728215249,-1.34334719594722,"NYB",195,"summer"
"219",1997,"BT_insitu",9.21069728215249,-0.706970641522776,"NYB",230,"summer"
"220",1998,"BT_insitu",9.21069728215249,-0.328534429791583,"NYB",86,"summer"
"221",1999,"BT_insitu",9.21069728215249,0.0741380241366401,"NYB",98,"summer"
"222",2000,"BT_insitu",9.21069728215249,0.64868599976884,"NYB",141,"summer"
"223",2001,"BT_insitu",9.21069728215249,1.14450264690519,"NYB",122,"summer"
"224",2002,"BT_insitu",9.21069728215249,0.387780266441149,"NYB",137,"summer"
"225",2003,"BT_insitu",9.21069728215249,0.531150591686706,"NYB",129,"summer"
"226",2004,"BT_insitu",9.21069728215249,-1.11948039370951,"NYB",190,"summer"
"227",2005,"BT_insitu",9.21069728215249,0.455158243443865,"NYB",124,"summer"
"228",2006,"BT_insitu",9.21069728215249,1.20951858215226,"NYB",118,"summer"
"229",2007,"BT_insitu",9.21069728215249,-0.582880236123481,"NYB",131,"summer"
"230",2008,"BT_insitu",9.21069728215249,-0.124460423017476,"NYB",143,"summer"
"231",2009,"BT_insitu",9.21069728215249,0.853246172390616,"NYB",117,"summer"
"232",2010,"BT_insitu",9.21069728215249,1.31972683372974,"NYB",49,"summer"
"233",2011,"BT_insitu",9.21069728215249,0.205355291943581,"NYB",109,"summer"
"234",2012,"BT_insitu",9.21069728215249,0.358830865585838,"NYB",164,"summer"
"235",2013,"BT_insitu",9.21069728215249,0.972496875225269,"NYB",992,"summer"
"236",2014,"BT_insitu",9.21069728215249,2.41325904249647,"NYB",2301,"summer"
"237",2015,"BT_insitu",9.21069728215249,2.89041727987079,"NYB",349,"summer"
"238",2016,"BT_insitu",9.21069728215249,0.524739252382258,"NYB",260,"summer"
"239",2017,"BT_insitu",9.21069728215249,0.0920466181020603,"NYB",189,"summer"
"240",2018,"BT_insitu",9.21069728215249,0.3529368410729,"NYB",187,"summer"
"241",2019,"BT_insitu",9.21069728215249,-0.100725962483706,"NYB",169,"summer"
"242",2021,"BT_insitu",9.21069728215249,2.75234898159639,"NYB",95,"summer"
"243",2022,"BT_insitu",9.21069728215249,1.10143516803603,"NYB",78,"summer"
"244",1941,"BT_insitu",13.8359780464403,0.842575614225107,"NYB",148,"fall"
"245",1942,"BT_insitu",13.8359780464403,-0.584971569356966,"NYB",8,"fall"
"246",1944,"BT_insitu",13.8359780464403,1.44844229044644,"NYB",16,"fall"
"247",1945,"BT_insitu",13.8359780464403,-0.449721142088769,"NYB",144,"fall"
"248",1946,"BT_insitu",13.8359780464403,5.53789129244119,"NYB",4,"fall"
"249",1948,"BT_insitu",13.8359780464403,1.31485328278805,"NYB",123,"fall"
"250",1950,"BT_insitu",13.8359780464403,1.42890413595004,"NYB",7,"fall"
"251",1951,"BT_insitu",13.8359780464403,1.8897767490669,"NYB",13,"fall"
"252",1952,"BT_insitu",13.8359780464403,1.907196275209,"NYB",10,"fall"
"253",1953,"BT_insitu",13.8359780464403,3.10279915377552,"NYB",41,"fall"
"254",1954,"BT_insitu",13.8359780464403,2.4093447946628,"NYB",59,"fall"
"255",1955,"BT_insitu",13.8359780464403,6.16453119563594,"NYB",1,"fall"
"256",1956,"BT_insitu",13.8359780464403,0.605863420175629,"NYB",51,"fall"
"257",1957,"BT_insitu",13.8359780464403,1.26286495681321,"NYB",4,"fall"
"258",1958,"BT_insitu",13.8359780464403,0.600816437002237,"NYB",31,"fall"
"259",1959,"BT_insitu",13.8359780464403,-0.765301247852398,"NYB",64,"fall"
"260",1960,"BT_insitu",13.8359780464403,1.21861443762778,"NYB",20,"fall"
"261",1961,"BT_insitu",13.8359780464403,1.05779272321832,"NYB",73,"fall"
"262",1962,"BT_insitu",13.8359780464403,-1.53776808415627,"NYB",45,"fall"
"263",1963,"BT_insitu",13.8359780464403,-2.00359544708643,"NYB",113,"fall"
"264",1964,"BT_insitu",13.8359780464403,-2.36606694497471,"NYB",57,"fall"
"265",1965,"BT_insitu",13.8359780464403,-2.00156682840401,"NYB",101,"fall"
"266",1966,"BT_insitu",13.8359780464403,-2.62107393267774,"NYB",156,"fall"
"267",1967,"BT_insitu",13.8359780464403,-3.17765953289894,"NYB",78,"fall"
"268",1968,"BT_insitu",13.8359780464403,-2.39447459566898,"NYB",105,"fall"
"269",1969,"BT_insitu",13.8359780464403,-0.939453615890114,"NYB",134,"fall"
"270",1970,"BT_insitu",13.8359780464403,-1.54436676169959,"NYB",175,"fall"
"271",1971,"BT_insitu",13.8359780464403,-1.23714661702507,"NYB",219,"fall"
"272",1972,"BT_insitu",13.8359780464403,-0.443911514487762,"NYB",59,"fall"
"273",1973,"BT_insitu",13.8359780464403,-0.811913364866888,"NYB",74,"fall"
"274",1974,"BT_insitu",13.8359780464403,-0.80298245188831,"NYB",39,"fall"
"275",1975,"BT_insitu",13.8359780464403,-0.526806731391162,"NYB",168,"fall"
"276",1976,"BT_insitu",13.8359780464403,-1.347034170276,"NYB",221,"fall"
"277",1977,"BT_insitu",13.8359780464403,-1.1417567382122,"NYB",173,"fall"
"278",1978,"BT_insitu",13.8359780464403,-1.0675979749816,"NYB",53,"fall"
"279",1979,"BT_insitu",13.8359780464403,-1.12270795082685,"NYB",201,"fall"
"280",1980,"BT_insitu",13.8359780464403,-1.24138023358174,"NYB",136,"fall"
"281",1981,"BT_insitu",13.8359780464403,-1.99590971839586,"NYB",186,"fall"
"282",1982,"BT_insitu",13.8359780464403,-0.0547170952423195,"NYB",95,"fall"
"283",1983,"BT_insitu",13.8359780464403,-1.01367129789,"NYB",148,"fall"
"284",1984,"BT_insitu",13.8359780464403,0.614856258514914,"NYB",104,"fall"
"285",1985,"BT_insitu",13.8359780464403,-0.181571269367086,"NYB",38,"fall"
"286",1986,"BT_insitu",13.8359780464403,-0.777141621944094,"NYB",76,"fall"
"287",1987,"BT_insitu",13.8359780464403,-2.02775769603659,"NYB",114,"fall"
"288",1988,"BT_insitu",13.8359780464403,-2.24691288476691,"NYB",57,"fall"
"289",1989,"BT_insitu",13.8359780464403,-1.94772716936153,"NYB",36,"fall"
"290",1990,"BT_insitu",13.8359780464403,-0.302029656452288,"NYB",83,"fall"
"291",1991,"BT_insitu",13.8359780464403,-0.193330134021235,"NYB",101,"fall"
"292",1992,"BT_insitu",13.8359780464403,-0.851265497051916,"NYB",32,"fall"
"293",1993,"BT_insitu",13.8359780464403,-1.43023975377135,"NYB",31,"fall"
"294",1994,"BT_insitu",13.8359780464403,-0.349389064387626,"NYB",49,"fall"
"295",1995,"BT_insitu",13.8359780464403,-0.44960526489662,"NYB",50,"fall"
"296",1996,"BT_insitu",13.8359780464403,-0.755296838732049,"NYB",49,"fall"
"297",1997,"BT_insitu",13.8359780464403,-0.520546335188306,"NYB",64,"fall"
"298",1998,"BT_insitu",13.8359780464403,-1.54702561865374,"NYB",102,"fall"
"299",1999,"BT_insitu",13.8359780464403,0.998257834936273,"NYB",102,"fall"
"300",2000,"BT_insitu",13.8359780464403,-0.874563744488253,"NYB",49,"fall"
"301",2001,"BT_insitu",13.8359780464403,0.408494755085295,"NYB",51,"fall"
"302",2002,"BT_insitu",13.8359780464403,0.371705158928615,"NYB",91,"fall"
"303",2003,"BT_insitu",13.8359780464403,-0.187329098452316,"NYB",55,"fall"
"304",2004,"BT_insitu",13.8359780464403,-0.680911285950122,"NYB",80,"fall"
"305",2005,"BT_insitu",13.8359780464403,-0.225850295650598,"NYB",77,"fall"
"306",2006,"BT_insitu",13.8359780464403,0.685487202405954,"NYB",49,"fall"
"307",2007,"BT_insitu",13.8359780464403,-1.23113316467311,"NYB",82,"fall"
"308",2008,"BT_insitu",13.8359780464403,0.275056559723087,"NYB",72,"fall"
"309",2009,"BT_insitu",13.8359780464403,0.0480977285313969,"NYB",80,"fall"
"310",2010,"BT_insitu",13.8359780464403,1.14599977415839,"NYB",72,"fall"
"311",2011,"BT_insitu",13.8359780464403,0.477032032859141,"NYB",74,"fall"
"312",2012,"BT_insitu",13.8359780464403,-0.764518131846458,"NYB",1443,"fall"
"313",2013,"BT_insitu",13.8359780464403,1.09058535461735,"NYB",1112,"fall"
"314",2014,"BT_insitu",13.8359780464403,0.916896882612637,"NYB",44,"fall"
"315",2015,"BT_insitu",13.8359780464403,2.50722360929287,"NYB",248,"fall"
"316",2016,"BT_insitu",13.8359780464403,1.84878749875648,"NYB",72,"fall"
"317",2017,"BT_insitu",13.8359780464403,1.40556434169023,"NYB",21,"fall"
"318",2018,"BT_insitu",13.8359780464403,-0.114049349802091,"NYB",49,"fall"
"319",2019,"BT_insitu",13.8359780464403,2.01137708180478,"NYB",39,"fall"
"320",2020,"BT_insitu",13.8359780464403,1.68973073619102,"NYB",39,"fall"
"321",2021,"BT_insitu",13.8359780464403,2.22371541316319,"NYB",28,"fall"
"322",2022,"BT_insitu",13.8359780464403,1.34061445500518,"NYB",41,"fall"
