"","staid","val","dates","qualcode","wyear"
"28074","01358000",33300,2023-01-01,"A",2023
"28075","01358000",37300,2023-01-02,"A",2023
"28076","01358000",32500,2023-01-03,"A",2023
"28077","01358000",33000,2023-01-04,"A",2023
"28078","01358000",34200,2023-01-05,"A",2023
"28079","01358000",37600,2023-01-06,"A",2023
"28080","01358000",34800,2023-01-07,"A",2023
"28081","01358000",30400,2023-01-08,"A",2023
"28082","01358000",26800,2023-01-09,"A",2023
"28083","01358000",23300,2023-01-10,"A",2023
"28084","01358000",21200,2023-01-11,"A",2023
"28085","01358000",21100,2023-01-12,"A",2023
"28086","01358000",27300,2023-01-13,"A",2023
"28087","01358000",38800,2023-01-14,"A",2023
"28088","01358000",29900,2023-01-15,"A",2023
"28089","01358000",24600,2023-01-16,"A",2023
"28090","01358000",24200,2023-01-17,"A",2023
"28091","01358000",23100,2023-01-18,"A",2023
"28092","01358000",24000,2023-01-19,"A",2023
"28093","01358000",25900,2023-01-20,"A",2023
"28094","01358000",30400,2023-01-21,"A",2023
"28095","01358000",27200,2023-01-22,"A",2023
"28096","01358000",26700,2023-01-23,"A",2023
"28097","01358000",24100,2023-01-24,"A",2023
"28098","01358000",23100,2023-01-25,"A",2023
"28099","01358000",22500,2023-01-26,"A",2023
"28100","01358000",23500,2023-01-27,"A",2023
"28101","01358000",21400,2023-01-28,"A",2023
"28102","01358000",21500,2023-01-29,"A",2023
"28103","01358000",21100,2023-01-30,"A",2023
"28104","01358000",20800,2023-01-31,"A",2023
"28105","01358000",20300,2023-02-01,"A",2023
"28106","01358000",16700,2023-02-02,"A",2023
"28107","01358000",17300,2023-02-03,"A",2023
"28108","01358000",10100,2023-02-04,"A",2023
"28109","01358000",15400,2023-02-05,"A",2023
"28110","01358000",17400,2023-02-06,"A",2023
"28111","01358000",16700,2023-02-07,"A",2023
"28112","01358000",13800,2023-02-08,"A",2023
"28113","01358000",13600,2023-02-09,"A",2023
"28114","01358000",20600,2023-02-10,"A",2023
"28115","01358000",29300,2023-02-11,"A",2023
"28116","01358000",27400,2023-02-12,"A",2023
"28117","01358000",24400,2023-02-13,"A",2023
"28118","01358000",22700,2023-02-14,"A",2023
"28119","01358000",21400,2023-02-15,"A",2023
"28120","01358000",23900,2023-02-16,"A",2023
"28121","01358000",23900,2023-02-17,"A",2023
"28122","01358000",26000,2023-02-18,"A",2023
"28123","01358000",23700,2023-02-19,"A",2023
"28124","01358000",21600,2023-02-20,"A",2023
"28125","01358000",21600,2023-02-21,"A",2023
"28126","01358000",21900,2023-02-22,"A",2023
"28127","01358000",20500,2023-02-23,"A",2023
"28128","01358000",20100,2023-02-24,"A",2023
"28129","01358000",21400,2023-02-25,"A",2023
"28130","01358000",18800,2023-02-26,"A",2023
"28131","01358000",18700,2023-02-27,"A",2023
"28132","01358000",19500,2023-02-28,"A",2023
"28133","01358000",19200,2023-03-01,"A",2023
"28134","01358000",19900,2023-03-02,"A",2023
"28135","01358000",20400,2023-03-03,"A",2023
"28136","01358000",21500,2023-03-04,"A",2023
"28137","01358000",20900,2023-03-05,"A",2023
"28138","01358000",20400,2023-03-06,"A",2023
"28139","01358000",19700,2023-03-07,"A",2023
"28140","01358000",18800,2023-03-08,"A",2023
"28141","01358000",18800,2023-03-09,"A",2023
"28142","01358000",19800,2023-03-10,"A",2023
"28143","01358000",18200,2023-03-11,"A",2023
"28144","01358000",19700,2023-03-12,"A",2023
"28145","01358000",19200,2023-03-13,"A",2023
"28146","01358000",21000,2023-03-14,"A",2023
"28147","01358000",22100,2023-03-15,"A",2023
"28148","01358000",22900,2023-03-16,"A",2023
"28149","01358000",22900,2023-03-17,"A",2023
"28150","01358000",25900,2023-03-18,"A",2023
"28151","01358000",31000,2023-03-19,NA,2023
"28152","01358000",26700,2023-03-20,NA,2023
"28153","01358000",25600,2023-03-21,NA,2023
"28154","01358000",27400,2023-03-22,NA,2023
"28155","01358000",31200,2023-03-23,NA,2023
"28156","01358000",47200,2023-03-24,NA,2023
"28157","01358000",43900,2023-03-25,NA,2023
"28158","01358000",37100,2023-03-26,NA,2023
"28159","01358000",36400,2023-03-27,NA,2023
"28160","01358000",34800,2023-03-28,NA,2023
"28161","01358000",32100,2023-03-29,NA,2023
"28162","01358000",30100,2023-03-30,NA,2023
"28163","01358000",26900,2023-03-31,NA,2023
"28164","01358000",31700,2023-04-01,NA,2023
"28165","01358000",51100,2023-04-02,NA,2023
"28166","01358000",42500,2023-04-03,NA,2023
"28167","01358000",34900,2023-04-04,NA,2023
"28168","01358000",33900,2023-04-05,NA,2023
"28169","01358000",41500,2023-04-06,NA,2023
"28170","01358000",56500,2023-04-07,NA,2023
"28171","01358000",47100,2023-04-08,NA,2023
"28172","01358000",37500,2023-04-09,NA,2023
"28173","01358000",31000,2023-04-10,NA,2023
"28174","01358000",26000,2023-04-11,NA,2023
"28175","01358000",27200,2023-04-12,NA,2023
"28176","01358000",32100,2023-04-13,NA,2023
"28177","01358000",33400,2023-04-14,NA,2023
"28178","01358000",33800,2023-04-15,NA,2023
"28179","01358000",32000,2023-04-16,NA,2023
"28180","01358000",29200,2023-04-17,NA,2023
"28181","01358000",27200,2023-04-18,NA,2023
"28182","01358000",26200,2023-04-19,NA,2023
"28183","01358000",22400,2023-04-20,NA,2023
"28184","01358000",18900,2023-04-21,NA,2023
"28185","01358000",16000,2023-04-22,NA,2023
"28186","01358000",25300,2023-04-23,NA,2023
"28187","01358000",47100,2023-04-24,NA,2023
"28188","01358000",40100,2023-04-25,NA,2023
"28189","01358000",32400,2023-04-26,NA,2023
"28190","01358000",28600,2023-04-27,NA,2023
"28191","01358000",24700,2023-04-28,NA,2023
"28192","01358000",23000,2023-04-29,NA,2023
"28193","01358000",25300,2023-04-30,NA,2023
"28194","01358000",38400,2023-05-01,NA,2023
"28195","01358000",56800,2023-05-02,NA,2023
"28196","01358000",49800,2023-05-03,NA,2023
"28197","01358000",48000,2023-05-04,NA,2023
"28198","01358000",44300,2023-05-05,NA,2023
"28199","01358000",38300,2023-05-06,NA,2023
"28200","01358000",32800,2023-05-07,NA,2023
"28201","01358000",28900,2023-05-08,NA,2023
"28202","01358000",24500,2023-05-09,NA,2023
"28203","01358000",20100,2023-05-10,NA,2023
"28204","01358000",18800,2023-05-11,NA,2023
"28205","01358000",17600,2023-05-12,NA,2023
"28206","01358000",17700,2023-05-13,NA,2023
"28207","01358000",16900,2023-05-14,NA,2023
"28208","01358000",16000,2023-05-15,NA,2023
"28209","01358000",12900,2023-05-16,NA,2023
"28210","01358000",10700,2023-05-17,NA,2023
"28211","01358000",10600,2023-05-18,NA,2023
"28212","01358000",10200,2023-05-19,NA,2023
"28213","01358000",9880,2023-05-20,NA,2023
"28214","01358000",13500,2023-05-21,NA,2023
"28215","01358000",11700,2023-05-22,NA,2023
"28216","01358000",7360,2023-05-23,NA,2023
"28217","01358000",6890,2023-05-24,NA,2023
"28218","01358000",7520,2023-05-25,NA,2023
"28219","01358000",7650,2023-05-26,NA,2023
"28220","01358000",7880,2023-05-27,NA,2023
"28221","01358000",8100,2023-05-28,NA,2023
"28222","01358000",6870,2023-05-29,NA,2023
"28223","01358000",4540,2023-05-30,NA,2023
"28224","01358000",4510,2023-05-31,NA,2023
"28225","01358000",6210,2023-06-01,NA,2023
"28226","01358000",7460,2023-06-02,NA,2023
"28227","01358000",7030,2023-06-03,NA,2023
"28228","01358000",7310,2023-06-04,NA,2023
"28229","01358000",6580,2023-06-05,NA,2023
"28230","01358000",6540,2023-06-06,NA,2023
"28231","01358000",6260,2023-06-07,NA,2023
"28232","01358000",6080,2023-06-08,NA,2023
"28233","01358000",5720,2023-06-09,NA,2023
"28234","01358000",6960,2023-06-10,NA,2023
"28235","01358000",5920,2023-06-11,NA,2023
"28236","01358000",4920,2023-06-12,NA,2023
"28237","01358000",7530,2023-06-13,NA,2023
"28238","01358000",11000,2023-06-14,NA,2023
"28239","01358000",10300,2023-06-15,NA,2023
"28240","01358000",12200,2023-06-16,NA,2023
"28241","01358000",9330,2023-06-17,NA,2023
"28242","01358000",7970,2023-06-18,NA,2023
"28243","01358000",7480,2023-06-19,NA,2023
"28244","01358000",6740,2023-06-20,NA,2023
"28245","01358000",5340,2023-06-21,NA,2023
"28246","01358000",7300,2023-06-22,NA,2023
"28247","01358000",4640,2023-06-23,NA,2023
"28248","01358000",6760,2023-06-24,NA,2023
"28249","01358000",9330,2023-06-25,NA,2023
"28250","01358000",10400,2023-06-26,NA,2023
"28251","01358000",12500,2023-06-27,NA,2023
"28252","01358000",13100,2023-06-28,NA,2023
"28253","01358000",11900,2023-06-29,NA,2023
"28254","01358000",9440,2023-06-30,NA,2023
"28255","01358000",5770,2023-07-01,NA,2023
"28256","01358000",10500,2023-07-02,NA,2023
"28257","01358000",14500,2023-07-03,NA,2023
"28258","01358000",18300,2023-07-04,NA,2023
"28259","01358000",16800,2023-07-05,NA,2023
"28260","01358000",12000,2023-07-06,NA,2023
"28261","01358000",11500,2023-07-07,NA,2023
"28262","01358000",15300,2023-07-08,NA,2023
"28263","01358000",14300,2023-07-09,NA,2023
"28264","01358000",25000,2023-07-10,NA,2023
"28265","01358000",36400,2023-07-11,NA,2023
"28266","01358000",38900,2023-07-12,NA,2023
"28267","01358000",31200,2023-07-13,NA,2023
"28268","01358000",28100,2023-07-14,NA,2023
"28269","01358000",22400,2023-07-15,NA,2023
"28270","01358000",22600,2023-07-16,NA,2023
"28271","01358000",26700,2023-07-17,NA,2023
"28272","01358000",22700,2023-07-18,NA,2023
"28273","01358000",22900,2023-07-19,NA,2023
"28274","01358000",18600,2023-07-20,NA,2023
"28275","01358000",17400,2023-07-21,NA,2023
"28276","01358000",16500,2023-07-22,NA,2023
"28277","01358000",11500,2023-07-23,NA,2023
"28278","01358000",12000,2023-07-24,NA,2023
"28279","01358000",11500,2023-07-25,NA,2023
"28280","01358000",9820,2023-07-26,NA,2023
"28281","01358000",9760,2023-07-27,NA,2023
"28282","01358000",11500,2023-07-28,NA,2023
"28283","01358000",14600,2023-07-29,NA,2023
"28284","01358000",15100,2023-07-30,NA,2023
"28285","01358000",16000,2023-07-31,NA,2023
"28286","01358000",13200,2023-08-01,NA,2023
"28287","01358000",12800,2023-08-02,NA,2023
"28288","01358000",9330,2023-08-03,NA,2023
"28289","01358000",11900,2023-08-04,NA,2023
"28290","01358000",22200,2023-08-05,NA,2023
"28291","01358000",17600,2023-08-06,NA,2023
"28292","01358000",11300,2023-08-07,NA,2023
"28293","01358000",14900,2023-08-08,NA,2023
"28294","01358000",19900,2023-08-09,NA,2023
"28295","01358000",18700,2023-08-10,NA,2023
"28296","01358000",20500,2023-08-11,NA,2023
"28297","01358000",17900,2023-08-12,NA,2023
"28298","01358000",16500,2023-08-13,NA,2023
"28299","01358000",16100,2023-08-14,NA,2023
"28300","01358000",16500,2023-08-15,NA,2023
"28301","01358000",14700,2023-08-16,NA,2023
"28302","01358000",14300,2023-08-17,NA,2023
"28303","01358000",18400,2023-08-18,NA,2023
"28304","01358000",25300,2023-08-19,NA,2023
"28305","01358000",22000,2023-08-20,NA,2023
"28306","01358000",16400,2023-08-21,NA,2023
"28307","01358000",15500,2023-08-22,NA,2023
"28308","01358000",17500,2023-08-23,NA,2023
"28309","01358000",16300,2023-08-24,NA,2023
"28310","01358000",14500,2023-08-25,NA,2023
"28311","01358000",15300,2023-08-26,NA,2023
"28312","01358000",15000,2023-08-27,NA,2023
"28313","01358000",16200,2023-08-28,NA,2023
"28314","01358000",16400,2023-08-29,NA,2023
"28315","01358000",17800,2023-08-30,NA,2023
"28316","01358000",17400,2023-08-31,NA,2023
"28317","01358000",16500,2023-09-01,NA,2023
"28318","01358000",12900,2023-09-02,NA,2023
"28319","01358000",10300,2023-09-03,NA,2023
"28320","01358000",9290,2023-09-04,NA,2023
"28321","01358000",9930,2023-09-05,NA,2023
"28322","01358000",9190,2023-09-06,NA,2023
"28323","01358000",6590,2023-09-07,NA,2023
"28324","01358000",12900,2023-09-08,NA,2023
"28325","01358000",13500,2023-09-09,NA,2023
"28326","01358000",12300,2023-09-10,NA,2023
"28327","01358000",16300,2023-09-11,NA,2023
"28328","01358000",14900,2023-09-12,NA,2023
"28329","01358000",14300,2023-09-13,NA,2023
"28330","01358000",14800,2023-09-14,NA,2023
"28331","01358000",13800,2023-09-15,NA,2023
"28332","01358000",12900,2023-09-16,NA,2023
"28333","01358000",10900,2023-09-17,NA,2023
"28334","01358000",10900,2023-09-18,NA,2023
"28335","01358000",12700,2023-09-19,NA,2023
"28336","01358000",11600,2023-09-20,NA,2023
"28337","01358000",9830,2023-09-21,NA,2023
"28338","01358000",9820,2023-09-22,NA,2023
"28339","01358000",9410,2023-09-23,NA,2023
"28340","01358000",8880,2023-09-24,NA,2023
"28341","01358000",9580,2023-09-25,NA,2023
"28342","01358000",7740,2023-09-26,NA,2023
"28343","01358000",8870,2023-09-27,NA,2023
"28344","01358000",10300,2023-09-28,NA,2023
"28345","01358000",10000,2023-09-29,NA,2023
"28346","01358000",10100,2023-09-30,NA,2023
"28347","01358000",8850,2023-10-01,NA,2023
"28348","01358000",8460,2023-10-02,NA,2023
"28349","01358000",9680,2023-10-03,NA,2023
"28350","01358000",8940,2023-10-04,NA,2023
"28351","01358000",5360,2023-10-05,NA,2023
"28352","01358000",5450,2023-10-06,NA,2023
"28354","01358000",39800,2023-10-08,NA,2023
"28355","01358000",34400,2023-10-09,NA,2023
"28356","01358000",24900,2023-10-10,NA,2023
"28357","01358000",18600,2023-10-11,NA,2023
"28358","01358000",17700,2023-10-12,NA,2023
"28359","01358000",17200,2023-10-13,NA,2023
"28360","01358000",16500,2023-10-14,NA,2023
"28361","01358000",14800,2023-10-15,NA,2023
"28362","01358000",14400,2023-10-16,NA,2023
"28363","01358000",14800,2023-10-17,NA,2023
"28364","01358000",15600,2023-10-18,NA,2023
"28365","01358000",13200,2023-10-19,NA,2023
"28366","01358000",13000,2023-10-20,NA,2023
"28367","01358000",20900,2023-10-21,NA,2023
"28368","01358000",25000,2023-10-22,NA,2023
"28369","01358000",22500,2023-10-23,NA,2023
"28370","01358000",18100,2023-10-24,NA,2023
"28371","01358000",16900,2023-10-25,NA,2023
"28372","01358000",17400,2023-10-26,NA,2023
"28373","01358000",16900,2023-10-27,NA,2023
"28374","01358000",17100,2023-10-28,NA,2023
"28375","01358000",17700,2023-10-29,NA,2023
"28376","01358000",18100,2023-10-30,NA,2023
"28377","01358000",22500,2023-10-31,NA,2023
"28378","01358000",20800,2023-11-01,NA,2023
"28379","01358000",18100,2023-11-02,NA,2023
"28380","01358000",14200,2023-11-03,NA,2023
"28381","01358000",14700,2023-11-04,NA,2023
"28382","01358000",15600,2023-11-05,NA,2023
"28383","01358000",14200,2023-11-06,NA,2023
"28384","01358000",13400,2023-11-07,NA,2023
"28385","01358000",14000,2023-11-08,NA,2023
"28386","01358000",15500,2023-11-09,NA,2023
"28387","01358000",15300,2023-11-10,NA,2023
"28388","01358000",15300,2023-11-11,NA,2023
"28389","01358000",14700,2023-11-12,NA,2023
"28390","01358000",14700,2023-11-13,NA,2023
"28391","01358000",15200,2023-11-14,NA,2023
"28392","01358000",14300,2023-11-15,NA,2023
"28393","01358000",15300,2023-11-16,NA,2023
"28394","01358000",14100,2023-11-17,NA,2023
"28395","01358000",15500,2023-11-18,NA,2023
"28396","01358000",15000,2023-11-19,NA,2023
"28397","01358000",15800,2023-11-20,NA,2023
"28398","01358000",14900,2023-11-21,NA,2023
"28399","01358000",15700,2023-11-22,NA,2023
"28400","01358000",18200,2023-11-23,NA,2023
"28401","01358000",17700,2023-11-24,NA,2023
"28402","01358000",17600,2023-11-25,NA,2023
"28403","01358000",15800,2023-11-26,NA,2023
"28404","01358000",19900,2023-11-27,NA,2023
"28405","01358000",24700,2023-11-28,NA,2023
"28406","01358000",21200,2023-11-29,NA,2023
"28407","01358000",17600,2023-11-30,NA,2023
"28408","01358000",17100,2023-12-01,NA,2023
"28409","01358000",18300,2023-12-02,NA,2023
"28410","01358000",20100,2023-12-03,NA,2023
"28411","01358000",29200,2023-12-04,NA,2023
"28412","01358000",32100,2023-12-05,NA,2023
"28413","01358000",27500,2023-12-06,NA,2023
"28414","01358000",24700,2023-12-07,NA,2023
"28415","01358000",23900,2023-12-08,NA,2023
"28416","01358000",20300,2023-12-09,NA,2023
"28417","01358000",20900,2023-12-10,NA,2023
"28418","01358000",38400,2023-12-11,NA,2023
"28419","01358000",43400,2023-12-12,NA,2023
"28420","01358000",33300,2023-12-13,NA,2023
