Year, Month, Monthly_MSL, Linear_Trend, High_Conf, Low_Conf
1932,11,-0.159,-0.237,-0.227,-0.247
1932,12,-0.228,-0.237,-0.227,-0.247
1933,1,-0.133,-0.236,-0.227,-0.246
1933,2,-0.305,-0.236,-0.226,-0.246
1933,3,-0.275,-0.236,-0.226,-0.245
1933,4,-0.193,-0.235,-0.226,-0.245
1933,5,-0.224,-0.235,-0.225,-0.245
1933,6,-0.211,-0.235,-0.225,-0.244
1933,7,-0.202,-0.234,-0.225,-0.244
1933,8,-0.172,-0.234,-0.224,-0.244
1933,9,-0.2,-0.234,-0.224,-0.243
1933,10,-0.236,-0.233,-0.224,-0.243
1933,11,-0.327,-0.233,-0.223,-0.243
1933,12,-0.265,-0.233,-0.223,-0.242
1934,1,-0.276,-0.232,-0.223,-0.242
1934,2,-0.357,-0.232,-0.222,-0.242
1934,3,-0.302,-0.231,-0.222,-0.241
1934,4,-0.241,-0.231,-0.221,-0.241
1934,5,-0.291,-0.231,-0.221,-0.24
1934,6,-0.236,-0.23,-0.221,-0.24
1934,7,-0.245,-0.23,-0.22,-0.24
1934,8,-0.273,-0.23,-0.22,-0.239
1934,9,-0.23,-0.229,-0.22,-0.239
1934,10,-0.255,-0.229,-0.219,-0.239
1934,11,-0.296,-0.229,-0.219,-0.238
1934,12,-0.292,-0.228,-0.219,-0.238
1935,1,-0.255,-0.228,-0.218,-0.238
1935,2,-0.28,-0.228,-0.218,-0.237
1935,3,-0.278,-0.227,-0.218,-0.237
1935,4,-0.165,-0.227,-0.217,-0.236
1935,5,-0.291,-0.227,-0.217,-0.236
1935,6,-0.22,-0.226,-0.217,-0.236
1935,7,-0.248,-0.226,-0.216,-0.235
1935,8,-0.23,-0.226,-0.216,-0.235
1935,9,-0.257,-0.225,-0.216,-0.235
1935,10,-0.291,-0.225,-0.215,-0.234
1935,11,-0.062,-0.225,-0.215,-0.234
1935,12,-0.213,-0.224,-0.215,-0.234
1936,1,-0.282,-0.224,-0.214,-0.233
1936,2,-0.244,-0.223,-0.214,-0.233
1936,3,-0.14,-0.223,-0.214,-0.232
1936,4,-0.278,-0.223,-0.213,-0.232
1936,5,-0.306,-0.222,-0.213,-0.232
1936,6,-0.233,-0.222,-0.213,-0.231
1936,7,-0.181,-0.222,-0.212,-0.231
1936,8,-0.243,-0.221,-0.212,-0.231
1936,9,-0.227,-0.221,-0.212,-0.23
1936,10,-0.233,-0.221,-0.211,-0.23
1936,11,-0.327,-0.22,-0.211,-0.23
1936,12,-0.222,-0.22,-0.211,-0.229
1937,1,-0.157,-0.22,-0.21,-0.229
1937,2,-0.094,-0.219,-0.21,-0.229
1937,3,-0.299,-0.219,-0.21,-0.228
1937,4,-0.168,-0.219,-0.209,-0.228
1937,5,-0.215,-0.218,-0.209,-0.227
1937,6,-0.202,-0.218,-0.209,-0.227
1937,7,-0.181,-0.218,-0.208,-0.227
1937,8,-0.243,-0.217,-0.208,-0.226
1937,9,-0.212,-0.217,-0.208,-0.226
1937,10,-0.215,-0.217,-0.207,-0.226
1937,11,-0.235,-0.216,-0.207,-0.225
1937,12,-0.189,-0.216,-0.207,-0.225
1938,1,-0.112,-0.215,-0.206,-0.225
1938,2,-0.143,-0.215,-0.206,-0.224
1938,3,-0.171,-0.215,-0.206,-0.224
1938,4,-0.226,-0.214,-0.205,-0.223
1938,5,-0.19,-0.214,-0.205,-0.223
1938,6,-0.233,-0.214,-0.205,-0.223
1938,7,-0.254,-0.213,-0.204,-0.222
1938,8,-0.243,-0.213,-0.204,-0.222
1938,9,-0.239,-0.213,-0.204,-0.222
1938,10,-0.13,-0.212,-0.203,-0.221
1938,11,-0.226,-0.212,-0.203,-0.221
1938,12,-0.183,-0.212,-0.203,-0.221
1939,1,-0.203,-0.211,-0.202,-0.22
1939,2,-0.207,-0.211,-0.202,-0.22
1939,3,-0.174,-0.211,-0.202,-0.219
1939,4,-0.205,-0.21,-0.201,-0.219
1939,5,-0.175,-0.21,-0.201,-0.219
1939,6,-0.178,-0.21,-0.201,-0.218
1939,7,-0.187,-0.209,-0.2,-0.218
1939,8,-0.151,-0.209,-0.2,-0.218
1939,9,-0.197,-0.209,-0.2,-0.217
1939,10,-0.233,-0.208,-0.199,-0.217
1939,11,-0.229,-0.208,-0.199,-0.217
1939,12,-0.265,-0.208,-0.199,-0.216
1940,1,-0.267,-0.207,-0.198,-0.216
1940,2,-0.064,-0.207,-0.198,-0.216
1940,3,-0.278,-0.206,-0.198,-0.215
1940,4,-0.205,-0.206,-0.197,-0.215
1940,5,-0.129,-0.206,-0.197,-0.214
1940,6,-0.196,-0.205,-0.197,-0.214
1940,7,-0.211,-0.205,-0.196,-0.214
1940,8,-0.194,-0.205,-0.196,-0.213
1940,9,-0.206,-0.204,-0.196,-0.213
1940,10,-0.178,-0.204,-0.195,-0.213
1940,11,-0.26,-0.204,-0.195,-0.212
1940,12,-0.179,-0.203,-0.195,-0.212
1941,1,-0.109,-0.203,-0.194,-0.212
1941,2,-0.232,-0.203,-0.194,-0.211
1941,3,-0.281,-0.202,-0.194,-0.211
1941,4,-0.19,-0.202,-0.193,-0.21
1941,5,-0.23,-0.202,-0.193,-0.21
1941,6,-0.199,-0.201,-0.193,-0.21
1941,7,-0.211,-0.201,-0.192,-0.209
1941,8,-0.233,-0.201,-0.192,-0.209
1941,9,-0.264,-0.2,-0.192,-0.209
1941,10,-0.285,-0.2,-0.191,-0.208
1941,11,-0.281,-0.2,-0.191,-0.208
1941,12,-0.213,-0.199,-0.191,-0.208
1942,1,-0.209,-0.199,-0.19,-0.207
1942,2,-0.232,-0.198,-0.19,-0.207
1942,3,-0.15,-0.198,-0.19,-0.207
1942,4,-0.186,-0.198,-0.189,-0.206
1942,5,-0.212,-0.197,-0.189,-0.206
1942,6,-0.169,-0.197,-0.189,-0.205
1942,7,-0.175,-0.197,-0.188,-0.205
1942,8,-0.191,-0.196,-0.188,-0.205
1942,9,-0.157,-0.196,-0.188,-0.204
1942,10,-0.157,-0.196,-0.187,-0.204
1942,11,-0.217,-0.195,-0.187,-0.204
1942,12,-0.253,-0.195,-0.187,-0.203
1943,1,-0.185,-0.195,-0.186,-0.203
1943,2,-0.259,-0.194,-0.186,-0.203
1943,3,-0.241,-0.194,-0.186,-0.202
1943,4,-0.275,-0.194,-0.185,-0.202
1943,5,-0.251,-0.193,-0.185,-0.201
1943,6,-0.22,-0.193,-0.185,-0.201
1943,7,-0.202,-0.193,-0.184,-0.201
1943,8,-0.194,-0.192,-0.184,-0.2
1943,9,-0.184,-0.192,-0.184,-0.2
1943,10,-0.169,-0.192,-0.183,-0.2
1943,11,-0.217,-0.191,-0.183,-0.199
1943,12,-0.332,-0.191,-0.183,-0.199
1944,1,-0.2,-0.19,-0.182,-0.199
1944,2,-0.247,-0.19,-0.182,-0.198
1944,3,-0.217,-0.19,-0.182,-0.198
1944,4,-0.214,-0.189,-0.181,-0.198
1944,5,-0.239,-0.189,-0.181,-0.197
1944,6,-0.187,-0.189,-0.181,-0.197
1944,7,-0.199,-0.188,-0.18,-0.196
1944,8,-0.215,-0.188,-0.18,-0.196
1944,9,-0.221,-0.188,-0.18,-0.196
1944,10,-0.194,-0.187,-0.179,-0.195
1944,11,-0.068,-0.187,-0.179,-0.195
1944,12,-0.292,-0.187,-0.179,-0.195
1945,1,-0.267,-0.186,-0.178,-0.194
1945,2,-0.226,-0.186,-0.178,-0.194
1945,3,-0.165,-0.186,-0.178,-0.194
1945,4,-0.229,-0.185,-0.177,-0.193
1945,5,-0.141,-0.185,-0.177,-0.193
1945,6,-0.178,-0.185,-0.177,-0.192
1945,7,-0.175,-0.184,-0.176,-0.192
1945,8,-0.185,-0.184,-0.176,-0.192
1945,9,-0.178,-0.184,-0.176,-0.191
1945,10,-0.215,-0.183,-0.175,-0.191
1945,11,-0.074,-0.183,-0.175,-0.191
1945,12,-0.07,-0.182,-0.175,-0.19
1946,1,-0.194,-0.182,-0.174,-0.19
1946,2,-0.222,-0.182,-0.174,-0.19
1946,3,-0.134,-0.181,-0.174,-0.189
1946,4,-0.18,-0.181,-0.173,-0.189
1946,5,-0.172,-0.181,-0.173,-0.189
1946,6,-0.184,-0.18,-0.173,-0.188
1946,7,-0.175,-0.18,-0.172,-0.188
1946,8,-0.133,-0.18,-0.172,-0.187
1946,9,-0.142,-0.179,-0.172,-0.187
1946,10,-0.154,-0.179,-0.171,-0.187
1946,11,-0.186,-0.179,-0.171,-0.186
1946,12,-0.24,-0.178,-0.171,-0.186
1947,1,-0.176,-0.178,-0.17,-0.186
1947,2,-0.296,-0.178,-0.17,-0.185
1947,3,-0.223,-0.177,-0.17,-0.185
1947,4,-0.19,-0.177,-0.169,-0.185
1947,5,-0.175,-0.177,-0.169,-0.184
1947,6,-0.135,-0.176,-0.169,-0.184
1947,7,-0.172,-0.176,-0.168,-0.183
1947,8,-0.142,-0.176,-0.168,-0.183
1947,9,-0.181,-0.175,-0.168,-0.183
1947,10,-0.197,-0.175,-0.167,-0.182
1947,11,-0.055,-0.174,-0.167,-0.182
1947,12,-0.265,-0.174,-0.167,-0.182
1948,1,-0.161,-0.174,-0.166,-0.181
1948,2,-0.143,-0.173,-0.166,-0.181
1948,3,-0.125,-0.173,-0.166,-0.181
1948,4,-0.202,-0.173,-0.165,-0.18
1948,5,-0.129,-0.172,-0.165,-0.18
1948,6,-0.108,-0.172,-0.165,-0.18
1948,7,-0.141,-0.172,-0.164,-0.179
1948,8,-0.169,-0.171,-0.164,-0.179
1948,9,-0.178,-0.171,-0.164,-0.178
1948,10,-0.072,-0.171,-0.163,-0.178
1948,11,-0.129,-0.17,-0.163,-0.178
1948,12,-0.058,-0.17,-0.163,-0.177
1949,1,-0.093,-0.17,-0.162,-0.177
1949,2,-0.119,-0.169,-0.162,-0.177
1949,3,-0.223,-0.169,-0.162,-0.176
1949,4,-0.193,-0.169,-0.161,-0.176
1949,5,-0.163,-0.168,-0.161,-0.176
1949,6,-0.208,-0.168,-0.161,-0.175
1949,7,-0.178,-0.168,-0.16,-0.175
1949,8,-0.154,-0.167,-0.16,-0.175
1949,9,-0.215,-0.167,-0.16,-0.174
1949,10,-0.139,-0.166,-0.159,-0.174
1949,11,-0.162,-0.166,-0.159,-0.173
1949,12,-0.268,-0.166,-0.159,-0.173
1950,1,-0.218,-0.165,-0.158,-0.173
1950,2,-0.165,-0.165,-0.158,-0.172
1950,3,-0.336,-0.165,-0.158,-0.172
1950,4,-0.226,-0.164,-0.157,-0.172
1950,5,-0.242,-0.164,-0.157,-0.171
1950,6,-0.263,-0.164,-0.157,-0.171
1950,7,-0.236,-0.163,-0.156,-0.171
1950,8,-0.194,-0.163,-0.156,-0.17
1950,9,-0.16,-0.163,-0.155,-0.17
1950,10,-0.166,-0.162,-0.155,-0.169
1950,11,-0.089,-0.162,-0.155,-0.169
1950,12,-0.076,-0.162,-0.154,-0.169
1951,1,-0.179,-0.161,-0.154,-0.168
1951,2,-0.146,-0.161,-0.154,-0.168
1951,3,-0.025,-0.161,-0.153,-0.168
1951,4,-0.162,-0.16,-0.153,-0.167
1951,5,-0.09,-0.16,-0.153,-0.167
1951,6,-0.08,-0.16,-0.152,-0.167
1951,7,-0.163,-0.159,-0.152,-0.166
1951,8,-0.13,-0.159,-0.152,-0.166
1951,9,-0.163,-0.158,-0.151,-0.166
1951,10,-0.105,-0.158,-0.151,-0.165
1951,11,-0.129,-0.158,-0.151,-0.165
1951,12,-0.183,-0.157,-0.15,-0.164
1952,1,-0.106,-0.157,-0.15,-0.164
1952,2,-0.104,-0.157,-0.15,-0.164
1952,3,-0.095,-0.156,-0.149,-0.163
1952,4,-0.141,-0.156,-0.149,-0.163
1952,5,-0.105,-0.156,-0.149,-0.163
1952,6,-0.132,-0.155,-0.148,-0.162
1952,7,-0.184,-0.155,-0.148,-0.162
1952,8,-0.16,-0.155,-0.148,-0.162
1952,9,-0.145,-0.154,-0.147,-0.161
1952,10,-0.233,-0.154,-0.147,-0.161
1952,11,-0.107,-0.154,-0.147,-0.161
1952,12,0,-0.153,-0.146,-0.16
1953,1,0.01,-0.153,-0.146,-0.16
1953,2,-0.174,-0.153,-0.146,-0.159
1953,3,-0.092,-0.152,-0.145,-0.159
1953,4,-0.119,-0.152,-0.145,-0.159
1953,5,-0.065,-0.152,-0.145,-0.158
1953,6,-0.162,-0.151,-0.144,-0.158
1953,7,-0.15,-0.151,-0.144,-0.158
1953,8,-0.124,-0.151,-0.144,-0.157
1953,9,-0.154,-0.15,-0.143,-0.157
1953,10,-0.108,-0.15,-0.143,-0.157
1953,11,-0.077,-0.149,-0.143,-0.156
1953,12,-0.195,-0.149,-0.142,-0.156
1954,1,-0.112,-0.149,-0.142,-0.155
1954,2,-0.101,-0.148,-0.142,-0.155
1954,3,-0.195,-0.148,-0.141,-0.155
1954,4,-0.177,-0.148,-0.141,-0.154
1954,5,-0.071,-0.147,-0.141,-0.154
1954,6,-0.114,-0.147,-0.14,-0.154
1954,7,-0.135,-0.147,-0.14,-0.153
1954,8,-0.16,-0.146,-0.14,-0.153
1954,9,-0.16,-0.146,-0.139,-0.153
1954,10,-0.142,-0.146,-0.139,-0.152
1954,11,-0.153,-0.145,-0.139,-0.152
1954,12,-0.161,-0.145,-0.138,-0.152
1955,1,-0.106,-0.145,-0.138,-0.151
1955,2,-0.152,-0.144,-0.138,-0.151
1955,3,-0.195,-0.144,-0.137,-0.15
1955,4,-0.034,-0.144,-0.137,-0.15
1955,5,-0.129,-0.143,-0.137,-0.15
1955,6,-0.092,-0.143,-0.136,-0.149
1955,7,-0.102,-0.143,-0.136,-0.149
1955,8,-0.063,-0.142,-0.136,-0.149
1955,9,-0.148,-0.142,-0.135,-0.148
1955,10,-0.057,-0.141,-0.135,-0.148
1955,11,-0.119,-0.141,-0.135,-0.148
1955,12,-0.21,-0.141,-0.134,-0.147
1956,1,-0.02,-0.14,-0.134,-0.147
1956,2,-0.146,-0.14,-0.134,-0.147
1956,3,-0.089,-0.14,-0.133,-0.146
1956,4,-0.104,-0.139,-0.133,-0.146
1956,5,-0.184,-0.139,-0.133,-0.145
1956,6,-0.135,-0.139,-0.132,-0.145
1956,7,-0.114,-0.138,-0.132,-0.145
1956,8,-0.075,-0.138,-0.132,-0.144
1956,9,-0.096,-0.138,-0.131,-0.144
1956,10,-0.081,-0.137,-0.131,-0.144
1956,11,-0.132,-0.137,-0.131,-0.143
1956,12,-0.109,-0.137,-0.13,-0.143
1957,1,-0.203,-0.136,-0.13,-0.143
1957,2,-0.101,-0.136,-0.13,-0.142
1957,3,-0.043,-0.136,-0.129,-0.142
1957,4,-0.205,-0.135,-0.129,-0.142
1957,5,-0.132,-0.135,-0.129,-0.141
1957,6,-0.144,-0.135,-0.128,-0.141
1957,7,-0.144,-0.134,-0.128,-0.14
1957,8,-0.151,-0.134,-0.128,-0.14
1957,9,-0.175,-0.133,-0.127,-0.14
1957,10,-0.108,-0.133,-0.127,-0.139
1957,11,-0.159,-0.133,-0.127,-0.139
1957,12,-0.146,-0.132,-0.126,-0.139
1958,1,-0.023,-0.132,-0.126,-0.138
1958,2,-0.11,-0.132,-0.126,-0.138
1958,3,0.064,-0.131,-0.125,-0.138
1958,4,-0.019,-0.131,-0.125,-0.137
1958,5,-0.117,-0.131,-0.124,-0.137
1958,6,-0.141,-0.13,-0.124,-0.137
1958,7,-0.129,-0.13,-0.124,-0.136
1958,8,-0.111,-0.13,-0.123,-0.136
1958,9,-0.129,-0.129,-0.123,-0.135
1958,10,-0.05,-0.129,-0.123,-0.135
1958,11,-0.11,-0.129,-0.122,-0.135
1958,12,-0.131,-0.128,-0.122,-0.134
1959,1,-0.221,-0.128,-0.122,-0.134
1959,2,-0.219,-0.128,-0.121,-0.134
1959,3,-0.159,-0.127,-0.121,-0.133
1959,4,-0.113,-0.127,-0.121,-0.133
1959,5,-0.221,-0.127,-0.12,-0.133
1959,6,-0.135,-0.126,-0.12,-0.132
1959,7,-0.175,-0.126,-0.12,-0.132
1959,8,-0.099,-0.125,-0.119,-0.132
1959,9,-0.145,-0.125,-0.119,-0.131
1959,10,-0.087,-0.125,-0.119,-0.131
1959,11,-0.141,-0.124,-0.118,-0.13
1959,12,-0.048,-0.124,-0.118,-0.13
1960,1,-0.029,-0.124,-0.118,-0.13
1960,2,-0.091,-0.123,-0.117,-0.129
1960,3,-0.089,-0.123,-0.117,-0.129
1960,4,-0.089,-0.123,-0.117,-0.129
1960,5,-0.035,-0.122,-0.116,-0.128
1960,6,-0.071,-0.122,-0.116,-0.128
1960,7,-0.092,-0.122,-0.116,-0.128
1960,8,-0.057,-0.121,-0.115,-0.127
1960,9,-0.065,-0.121,-0.115,-0.127
1960,10,-0.075,-0.121,-0.115,-0.127
1960,11,-0.144,-0.12,-0.114,-0.126
1960,12,-0.179,-0.12,-0.114,-0.126
1961,1,-0.13,-0.12,-0.114,-0.125
1961,2,-0.012,-0.119,-0.113,-0.125
1961,3,0,-0.119,-0.113,-0.125
1961,4,-0.028,-0.119,-0.113,-0.124
1961,5,-0.108,-0.118,-0.112,-0.124
1961,6,-0.126,-0.118,-0.112,-0.124
1961,7,-0.099,-0.117,-0.112,-0.123
1961,8,-0.139,-0.117,-0.111,-0.123
1961,9,-0.087,-0.117,-0.111,-0.123
1961,10,-0.084,-0.116,-0.111,-0.122
1961,11,-0.095,-0.116,-0.11,-0.122
1961,12,-0.118,-0.116,-0.11,-0.122
1962,1,-0.17,-0.115,-0.11,-0.121
1962,2,-0.003,-0.115,-0.109,-0.121
1962,3,0.064,-0.115,-0.109,-0.12
1962,4,-0.177,-0.114,-0.109,-0.12
1962,5,-0.12,-0.114,-0.108,-0.12
1962,6,-0.126,-0.114,-0.108,-0.119
1962,7,-0.114,-0.113,-0.108,-0.119
1962,8,-0.096,-0.113,-0.107,-0.119
1962,9,-0.12,-0.113,-0.107,-0.118
1962,10,-0.111,-0.112,-0.107,-0.118
1962,11,-0.031,-0.112,-0.106,-0.118
1962,12,-0.125,-0.112,-0.106,-0.117
1963,1,-0.124,-0.111,-0.106,-0.117
1963,2,-0.219,-0.111,-0.105,-0.117
1963,3,-0.11,-0.111,-0.105,-0.116
1963,4,-0.132,-0.11,-0.104,-0.116
1963,5,-0.178,-0.11,-0.104,-0.116
1963,6,-0.135,-0.109,-0.104,-0.115
1963,7,-0.138,-0.109,-0.103,-0.115
1963,8,-0.166,-0.109,-0.103,-0.114
1963,9,-0.093,-0.108,-0.103,-0.114
1963,10,-0.163,-0.108,-0.102,-0.114
1963,11,-0.062,-0.108,-0.102,-0.113
1963,12,-0.192,-0.107,-0.102,-0.113
1964,1,-0.106,-0.107,-0.101,-0.113
1964,2,-0.131,-0.107,-0.101,-0.112
1964,3,-0.113,-0.106,-0.101,-0.112
1964,4,-0.199,-0.106,-0.1,-0.112
1964,5,-0.157,-0.106,-0.1,-0.111
1964,6,-0.181,-0.105,-0.1,-0.111
1964,7,-0.132,-0.105,-0.099,-0.111
1964,8,-0.13,-0.105,-0.099,-0.11
1964,9,-0.099,-0.104,-0.099,-0.11
1964,10,-0.121,-0.104,-0.098,-0.109
1964,11,-0.098,-0.104,-0.098,-0.109
1964,12,-0.112,-0.103,-0.098,-0.109
1965,1,-0.06,-0.103,-0.097,-0.108
1965,2,-0.091,-0.103,-0.097,-0.108
1965,3,-0.11,-0.102,-0.097,-0.108
1965,4,-0.083,-0.102,-0.096,-0.107
1965,5,-0.12,-0.101,-0.096,-0.107
1965,6,-0.135,-0.101,-0.096,-0.107
1965,7,-0.117,-0.101,-0.095,-0.106
1965,8,-0.163,-0.1,-0.095,-0.106
1965,9,-0.117,-0.1,-0.095,-0.106
1965,10,-0.188,-0.1,-0.094,-0.105
1965,11,-0.122,-0.099,-0.094,-0.105
1965,12,-0.073,-0.099,-0.094,-0.105
1966,1,-0.066,-0.099,-0.093,-0.104
1966,2,-0.082,-0.098,-0.093,-0.104
1966,3,-0.092,-0.098,-0.093,-0.103
1966,4,-0.068,-0.098,-0.092,-0.103
1966,5,-0.126,-0.097,-0.092,-0.103
1966,6,-0.141,-0.097,-0.092,-0.102
1966,7,-0.089,-0.097,-0.091,-0.102
1966,8,-0.118,-0.096,-0.091,-0.102
1966,9,-0.062,-0.096,-0.091,-0.101
1966,10,-0.191,-0.096,-0.09,-0.101
1966,11,-0.101,-0.095,-0.09,-0.101
1966,12,-0.082,-0.095,-0.09,-0.1
1967,1,-0.072,-0.095,-0.089,-0.1
1967,2,-0.097,-0.094,-0.089,-0.1
1967,3,-0.055,-0.094,-0.088,-0.099
1967,4,-0.025,-0.093,-0.088,-0.099
1967,5,-0.047,-0.093,-0.088,-0.099
1967,6,-0.089,-0.093,-0.087,-0.098
1967,7,-0.074,-0.092,-0.087,-0.098
1967,8,-0.099,-0.092,-0.087,-0.097
1967,9,-0.087,-0.092,-0.086,-0.097
1967,10,-0.136,-0.091,-0.086,-0.097
1967,11,-0.147,-0.091,-0.086,-0.096
1967,12,0.01,-0.091,-0.085,-0.096
1968,1,-0.13,-0.09,-0.085,-0.096
1968,2,-0.149,-0.09,-0.085,-0.095
1968,3,-0.119,-0.09,-0.084,-0.095
1968,4,-0.129,-0.089,-0.084,-0.095
1968,5,-0.065,-0.089,-0.084,-0.094
1968,6,-0.034,-0.089,-0.083,-0.094
1968,7,-0.092,-0.088,-0.083,-0.094
1968,8,-0.102,-0.088,-0.083,-0.093
1968,9,-0.09,-0.088,-0.082,-0.093
1968,10,-0.163,-0.087,-0.082,-0.092
1968,11,-0.037,-0.087,-0.082,-0.092
1968,12,-0.192,-0.087,-0.081,-0.092
1969,1,-0.164,-0.086,-0.081,-0.091
1969,2,-0.003,-0.086,-0.081,-0.091
1969,3,-0.058,-0.086,-0.08,-0.091
1969,4,-0.116,-0.085,-0.08,-0.09
1969,5,-0.126,-0.085,-0.08,-0.09
1969,6,-0.056,-0.084,-0.079,-0.09
1969,7,-0.016,-0.084,-0.079,-0.089
1969,8,-0.072,-0.084,-0.079,-0.089
1969,9,-0.047,-0.083,-0.078,-0.089
1969,10,-0.066,-0.083,-0.078,-0.088
1969,11,-0.001,-0.083,-0.078,-0.088
1969,12,0.006,-0.082,-0.077,-0.088
1970,1,-0.069,-0.082,-0.077,-0.087
1970,2,-0.061,-0.082,-0.077,-0.087
1970,3,-0.076,-0.081,-0.076,-0.087
1970,4,-0.043,-0.081,-0.076,-0.086
1970,5,-0.135,-0.081,-0.075,-0.086
1970,6,-0.114,-0.08,-0.075,-0.085
1970,7,-0.117,-0.08,-0.075,-0.085
1970,8,-0.081,-0.08,-0.074,-0.085
1970,9,-0.129,-0.079,-0.074,-0.084
1970,10,-0.044,-0.079,-0.074,-0.084
1970,11,0.07,-0.079,-0.073,-0.084
1970,12,0.04,-0.078,-0.073,-0.083
1971,1,-0.069,-0.078,-0.073,-0.083
1971,2,-0.03,-0.078,-0.072,-0.083
1971,3,-0.07,-0.077,-0.072,-0.082
1971,4,-0.043,-0.077,-0.072,-0.082
1971,5,-0.026,-0.076,-0.071,-0.082
1971,6,-0.037,-0.076,-0.071,-0.081
1971,7,-0.071,-0.076,-0.071,-0.081
1971,8,-0.084,-0.075,-0.07,-0.081
1971,9,-0.041,-0.075,-0.07,-0.08
1971,10,0.038,-0.075,-0.07,-0.08
1971,11,0.021,-0.074,-0.069,-0.079
1971,12,-0.036,-0.074,-0.069,-0.079
1972,1,-0.066,-0.074,-0.069,-0.079
1972,2,-0.021,-0.073,-0.068,-0.078
1972,3,-0.006,-0.073,-0.068,-0.078
1972,4,-0.022,-0.073,-0.068,-0.078
1972,5,0.011,-0.072,-0.067,-0.077
1972,6,-0.001,-0.072,-0.067,-0.077
1972,7,-0.041,-0.072,-0.067,-0.077
1972,8,-0.081,-0.071,-0.066,-0.076
1972,9,-0.032,-0.071,-0.066,-0.076
1972,10,-0.078,-0.071,-0.066,-0.076
1972,11,0.097,-0.07,-0.065,-0.075
1972,12,0.07,-0.07,-0.065,-0.075
1973,1,-0.008,-0.07,-0.064,-0.075
1973,2,0.07,-0.069,-0.064,-0.074
1973,3,0.091,-0.069,-0.064,-0.074
1973,4,0.006,-0.068,-0.063,-0.074
1973,5,-0.001,-0.068,-0.063,-0.073
1973,6,-0.059,-0.068,-0.063,-0.073
1973,7,-0.028,-0.067,-0.062,-0.072
1973,8,-0.017,-0.067,-0.062,-0.072
1973,9,-0.035,-0.067,-0.062,-0.072
1973,10,-0.05,-0.066,-0.061,-0.071
1973,11,-0.153,-0.066,-0.061,-0.071
1973,12,-0.045,-0.066,-0.061,-0.071
1974,1,0.025,-0.065,-0.06,-0.07
1974,2,0.024,-0.065,-0.06,-0.07
1974,3,-0.098,-0.065,-0.06,-0.07
1974,4,-0.104,-0.064,-0.059,-0.069
1974,5,-0.044,-0.064,-0.059,-0.069
1974,6,-0.013,-0.064,-0.059,-0.069
1974,7,-0.047,-0.063,-0.058,-0.068
1974,8,-0.136,-0.063,-0.058,-0.068
1974,9,-0.093,-0.063,-0.058,-0.068
1974,10,-0.163,-0.062,-0.057,-0.067
1974,11,-0.074,-0.062,-0.057,-0.067
1974,12,0.016,-0.062,-0.057,-0.067
1975,1,-0.06,-0.061,-0.056,-0.066
1975,2,-0.043,-0.061,-0.056,-0.066
1975,3,-0.076,-0.06,-0.055,-0.065
1975,4,-0.119,-0.06,-0.055,-0.065
1975,5,-0.038,-0.06,-0.055,-0.065
1975,6,-0.016,-0.059,-0.054,-0.064
1975,7,-0.068,-0.059,-0.054,-0.064
1975,8,-0.078,-0.059,-0.054,-0.064
1975,9,-0.069,-0.058,-0.053,-0.063
1975,10,-0.005,-0.058,-0.053,-0.063
1975,11,-0.016,-0.058,-0.053,-0.063
1975,12,0.028,-0.057,-0.052,-0.062
1976,1,-0.06,-0.057,-0.052,-0.062
1976,2,-0.11,-0.057,-0.052,-0.062
1976,3,-0.067,-0.056,-0.051,-0.061
1976,4,-0.098,-0.056,-0.051,-0.061
1976,5,-0.132,-0.056,-0.051,-0.061
1976,6,-0.111,-0.055,-0.05,-0.06
1976,7,-0.065,-0.055,-0.05,-0.06
1976,8,-0.099,-0.055,-0.05,-0.06
1976,9,-0.099,-0.054,-0.049,-0.059
1976,10,-0.096,-0.054,-0.049,-0.059
1976,11,-0.205,-0.054,-0.049,-0.058
1976,12,-0.243,-0.053,-0.048,-0.058
1977,1,-0.225,-0.053,-0.048,-0.058
1977,2,-0.201,-0.052,-0.048,-0.057
1977,3,-0.156,-0.052,-0.047,-0.057
1977,4,-0.193,-0.052,-0.047,-0.057
1977,5,-0.123,-0.051,-0.046,-0.056
1977,6,-0.065,-0.051,-0.046,-0.056
1977,7,-0.105,-0.051,-0.046,-0.056
1977,8,-0.096,-0.05,-0.045,-0.055
1977,9,0.011,-0.05,-0.045,-0.055
1977,10,-0.047,-0.05,-0.045,-0.055
1977,11,-0.019,-0.049,-0.044,-0.054
1977,12,0.016,-0.049,-0.044,-0.054
1978,1,-0.093,-0.049,-0.044,-0.054
1978,2,0.085,-0.048,-0.043,-0.053
1978,3,-0.086,-0.048,-0.043,-0.053
1978,4,-0.013,-0.048,-0.043,-0.053
1978,5,-0.026,-0.047,-0.042,-0.052
1978,6,-0.105,-0.047,-0.042,-0.052
1978,7,-0.068,-0.047,-0.042,-0.052
1978,8,-0.035,-0.046,-0.041,-0.051
1978,9,-0.011,-0.046,-0.041,-0.051
1978,10,-0.084,-0.046,-0.041,-0.05
1978,11,0.002,-0.045,-0.04,-0.05
1978,12,-0.103,-0.045,-0.04,-0.05
1979,1,0.001,-0.044,-0.04,-0.049
1979,2,-0.049,-0.044,-0.039,-0.049
1979,3,-0.083,-0.044,-0.039,-0.049
1979,4,-0.052,-0.043,-0.038,-0.048
1979,5,-0.071,-0.043,-0.038,-0.048
1979,6,-0.086,-0.043,-0.038,-0.048
1979,7,-0.065,-0.042,-0.037,-0.047
1979,8,-0.051,-0.042,-0.037,-0.047
1979,9,-0.072,-0.042,-0.037,-0.047
1979,10,-0.108,-0.041,-0.036,-0.046
1979,11,-0.095,-0.041,-0.036,-0.046
1979,12,-0.1,-0.041,-0.036,-0.046
1980,1,-0.05,-0.04,-0.035,-0.045
1980,2,-0.052,-0.04,-0.035,-0.045
1980,3,-0.095,-0.04,-0.035,-0.045
1980,4,-0.013,-0.039,-0.034,-0.044
1980,5,-0.029,-0.039,-0.034,-0.044
1980,6,-0.111,-0.039,-0.034,-0.044
1980,7,-0.086,-0.038,-0.033,-0.043
1980,8,-0.066,-0.038,-0.033,-0.043
1980,9,-0.105,-0.038,-0.033,-0.043
1980,10,-0.133,-0.037,-0.032,-0.042
1980,11,-0.147,-0.037,-0.032,-0.042
1980,12,-0.161,-0.036,-0.032,-0.041
1981,1,-0.151,-0.036,-0.031,-0.041
1981,2,-0.079,-0.036,-0.031,-0.041
1981,3,-0.058,-0.035,-0.03,-0.04
1981,4,-0.186,-0.035,-0.03,-0.04
1981,5,-0.035,-0.035,-0.03,-0.04
1981,6,-0.068,-0.034,-0.029,-0.039
1981,7,-0.062,-0.034,-0.029,-0.039
1981,8,-0.054,-0.034,-0.029,-0.039
1981,9,-0.047,-0.033,-0.028,-0.038
1981,10,-0.121,-0.033,-0.028,-0.038
1981,11,-0.031,-0.033,-0.028,-0.038
1981,12,-0.061,-0.032,-0.027,-0.037
1982,1,-0.142,-0.032,-0.027,-0.037
1982,2,-0.064,-0.032,-0.027,-0.037
1982,3,-0.116,-0.031,-0.026,-0.036
1982,4,-0.199,-0.031,-0.026,-0.036
1982,5,-0.047,-0.031,-0.026,-0.036
1982,6,0.042,-0.03,-0.025,-0.035
1982,7,-0.074,-0.03,-0.025,-0.035
1982,8,-0.09,-0.03,-0.025,-0.035
1982,9,-0.072,-0.029,-0.024,-0.034
1982,10,0.017,-0.029,-0.024,-0.034
1982,11,-0.107,-0.028,-0.023,-0.034
1982,12,0.003,-0.028,-0.023,-0.033
1983,1,0.007,-0.028,-0.023,-0.033
1983,2,0.098,-0.027,-0.022,-0.032
1983,3,0.116,-0.027,-0.022,-0.032
1983,4,0.079,-0.027,-0.022,-0.032
1983,5,-0.026,-0.026,-0.021,-0.031
1983,6,-0.025,-0.026,-0.021,-0.031
1983,7,-0.01,-0.026,-0.021,-0.031
1983,8,-0.002,-0.025,-0.02,-0.03
1983,9,-0.02,-0.025,-0.02,-0.03
1983,10,0.035,-0.025,-0.02,-0.03
1983,11,0.036,-0.024,-0.019,-0.029
1983,12,0.013,-0.024,-0.019,-0.029
1984,1,0.004,-0.024,-0.019,-0.029
1984,2,0.009,-0.023,-0.018,-0.028
1984,3,0.049,-0.023,-0.018,-0.028
1984,4,0.121,-0.023,-0.018,-0.028
1984,5,-0.047,-0.022,-0.017,-0.027
1984,6,-0.016,-0.022,-0.017,-0.027
1984,7,-0.044,-0.022,-0.016,-0.027
1984,8,0.004,-0.021,-0.016,-0.026
1984,9,-0.059,-0.021,-0.016,-0.026
1984,10,0.017,-0.021,-0.015,-0.026
1984,11,-0.004,-0.02,-0.015,-0.025
1984,12,-0.036,-0.02,-0.015,-0.025
1985,1,-0.072,-0.019,-0.014,-0.025
1985,2,-0.033,-0.019,-0.014,-0.024
1985,3,-0.089,-0.019,-0.014,-0.024
1985,4,-0.086,-0.018,-0.013,-0.024
1985,5,-0.026,-0.018,-0.013,-0.023
1985,6,-0.059,-0.018,-0.013,-0.023
1985,7,-0.047,-0.017,-0.012,-0.023
1985,8,-0.038,-0.017,-0.012,-0.022
1985,9,-0.044,-0.017,-0.012,-0.022
1985,10,-0.066,-0.016,-0.011,-0.021
1985,11,0.091,-0.016,-0.011,-0.021
1985,12,-0.015,-0.016,-0.01,-0.021
1986,1,-0.109,-0.015,-0.01,-0.02
1986,2,0.049,-0.015,-0.01,-0.02
1986,3,-0.11,-0.015,-0.009,-0.02
1986,4,0.091,-0.014,-0.009,-0.019
1986,5,0.005,-0.014,-0.009,-0.019
1986,6,-0.068,-0.014,-0.008,-0.019
1986,7,0.005,-0.013,-0.008,-0.018
1986,8,-0.029,-0.013,-0.008,-0.018
1986,9,-0.081,-0.013,-0.007,-0.018
1986,10,-0.026,-0.012,-0.007,-0.017
1986,11,-0.019,-0.012,-0.007,-0.017
1986,12,0.031,-0.011,-0.006,-0.017
1987,1,0.047,-0.011,-0.006,-0.016
1987,2,-0.049,-0.011,-0.006,-0.016
1987,3,0.097,-0.01,-0.005,-0.016
1987,4,0.073,-0.01,-0.005,-0.015
1987,5,-0.05,-0.01,-0.004,-0.015
1987,6,-0.041,-0.009,-0.004,-0.015
1987,7,0.005,-0.009,-0.004,-0.014
1987,8,-0.005,-0.009,-0.003,-0.014
1987,9,-0.026,-0.008,-0.003,-0.014
1987,10,-0.078,-0.008,-0.003,-0.013
1987,11,-0.046,-0.008,-0.002,-0.013
1987,12,0.049,-0.007,-0.002,-0.013
1988,1,-0.084,-0.007,-0.002,-0.012
1988,2,-0.012,-0.007,-0.001,-0.012
1988,3,-0.098,-0.006,-0.001,-0.012
1988,4,0.06,-0.006,-0.001,-0.011
1988,5,-0.026,-0.006,0,-0.011
1988,6,-0.047,-0.005,0,-0.011
1988,7,-0.08,-0.005,0,-0.01
1988,8,-0.063,-0.005,0.001,-0.01
1988,9,-0.102,-0.004,0.001,-0.009
1988,10,-0.084,-0.004,0.002,-0.009
1988,11,-0.089,-0.003,0.002,-0.009
1988,12,-0.067,-0.003,0.002,-0.008
1989,1,-0.036,-0.003,0.003,-0.008
1989,2,-0.033,-0.002,0.003,-0.008
1989,3,-0.043,-0.002,0.003,-0.007
1989,4,-0.092,-0.002,0.004,-0.007
1989,5,-0.02,-0.001,0.004,-0.007
1989,6,-0.019,-0.001,0.004,-0.006
1989,7,-0.022,-0.001,0.005,-0.006
1989,8,0.004,0,0.005,-0.006
1989,9,-0.029,0,0.005,-0.005
1989,10,-0.054,0,0.006,-0.005
1989,11,-0.098,0.001,0.006,-0.005
1989,12,-0.128,0.001,0.006,-0.004
1990,1,-0.09,0.001,0.007,-0.004
1990,2,-0.04,0.002,0.007,-0.004
1990,3,-0.113,0.002,0.008,-0.003
1990,4,-0.119,0.002,0.008,-0.003
1990,5,-0.004,0.003,0.008,-0.003
1990,6,-0.056,0.003,0.009,-0.002
1990,7,-0.035,0.003,0.009,-0.002
1990,8,0.023,0.004,0.009,-0.002
1990,9,-0.044,0.004,0.01,-0.001
1990,10,-0.066,0.005,0.01,-0.001
1990,11,-0.068,0.005,0.01,-0.001
1990,12,-0.058,0.005,0.011,0
1991,1,0.013,0.006,0.011,0
1991,2,-0.043,0.006,0.011,0
1991,3,0.073,0.006,0.012,0.001
1991,4,-0.049,0.007,0.012,0.001
1991,5,-0.062,0.007,0.012,0.001
1991,6,-0.013,0.007,0.013,0.002
1991,7,-0.007,0.008,0.013,0.002
1991,8,-0.069,0.008,0.014,0.002
1991,9,-0.09,0.008,0.014,0.003
1991,10,-0.008,0.009,0.014,0.003
1991,11,-0.016,0.009,0.015,0.003
1991,12,-0.051,0.009,0.015,0.004
1992,1,0.004,0.01,0.015,0.004
1992,2,0.027,0.01,0.016,0.004
1992,3,-0.034,0.01,0.016,0.005
1992,4,-0.025,0.011,0.016,0.005
1992,5,-0.007,0.011,0.017,0.006
1992,6,-0.01,0.011,0.017,0.006
1992,7,0.011,0.012,0.017,0.006
1992,8,-0.044,0.012,0.018,0.007
1992,9,-0.065,0.013,0.018,0.007
1992,10,-0.069,0.013,0.019,0.007
1992,11,-0.019,0.013,0.019,0.008
1992,12,0.113,0.014,0.019,0.008
1993,1,0.037,0.014,0.02,0.008
1993,2,0.091,0.014,0.02,0.009
1993,3,0.006,0.015,0.02,0.009
1993,4,0.121,0.015,0.021,0.009
1993,5,0.036,0.015,0.021,0.01
1993,6,-0.025,0.016,0.021,0.01
1993,7,0.032,0.016,0.022,0.01
1993,8,0.026,0.016,0.022,0.011
1993,9,-0.004,0.017,0.022,0.011
1993,10,-0.022,0.017,0.023,0.011
1993,11,-0.053,0.017,0.023,0.012
1993,12,0.093,0.018,0.023,0.012
1994,1,-0.076,0.018,0.024,0.012
1994,2,-0.018,0.018,0.024,0.013
1994,3,0.009,0.019,0.025,0.013
1994,4,-0.083,0.019,0.025,0.013
1994,5,0.015,0.019,0.025,0.014
1994,6,-0.063,0.02,0.026,0.014
1994,7,-0.025,0.02,0.026,0.014
1994,8,-0.038,0.021,0.026,0.015
1994,9,-0.019,0.021,0.027,0.015
1994,10,-0.022,0.021,0.027,0.015
1994,11,-0.102,0.022,0.027,0.016
1994,12,0.052,0.022,0.028,0.016
1995,1,-0.011,0.022,0.028,0.016
1995,2,-0.062,0.023,0.028,0.017
1995,3,0.005,0.023,0.029,0.017
1995,4,-0.073,0.023,0.029,0.017
1995,5,0.029,0.024,0.03,0.018
1995,6,-0.045,0.024,0.03,0.018
1995,7,-0.019,0.024,0.03,0.018
1995,8,0.053,0.025,0.031,0.019
1995,9,0.02,0.025,0.031,0.019
1995,10,-0.023,0.025,0.031,0.019
1995,11,0.04,0.026,0.032,0.02
1995,12,0.017,0.026,0.032,0.02
1996,1,0.125,0.026,0.032,0.02
1996,2,0.031,0.027,0.033,0.021
1996,3,-0.021,0.027,0.033,0.021
1996,4,0.051,0.027,0.033,0.021
1996,5,0,0.028,0.034,0.022
1996,6,0.012,0.028,0.034,0.022
1996,7,0.016,0.029,0.035,0.022
1996,8,0.019,0.029,0.035,0.023
1996,9,0.137,0.029,0.035,0.023
1996,10,0.101,0.03,0.036,0.023
1996,11,0.062,0.03,0.036,0.024
1996,12,0.191,0.03,0.036,0.024
1997,1,0.029,0.031,0.037,0.025
1997,2,0.048,0.031,0.037,0.025
1997,3,0.033,0.031,0.037,0.025
1997,4,0.119,0.032,0.038,0.026
1997,5,-0.023,0.032,0.038,0.026
1997,6,0.073,0.032,0.038,0.026
1997,7,0.009,0.033,0.039,0.027
1997,8,0.03,0.033,0.039,0.027
1997,9,0.005,0.033,0.04,0.027
1997,10,0.023,0.034,0.04,0.028
1997,11,0.084,0.034,0.04,0.028
1997,12,0.045,0.034,0.041,0.028
1998,1,0.193,0.035,0.041,0.029
1998,2,0.298,0.035,0.041,0.029
1998,3,0.078,0.035,0.042,0.029
1998,4,0.113,0.036,0.042,0.03
1998,5,0.154,0.036,0.042,0.03
1998,6,0.063,0.036,0.043,0.03
1998,7,0.055,0.037,0.043,0.031
1998,8,0.035,0.037,0.043,0.031
1998,9,0.028,0.038,0.044,0.031
1998,10,-0.034,0.038,0.044,0.032
1998,11,-0.019,0.038,0.045,0.032
1998,12,0.015,0.039,0.045,0.032
1999,1,0.014,0.039,0.045,0.033
1999,2,0.158,0.039,0.046,0.033
1999,3,0.011,0.04,0.046,0.033
1999,4,0.048,0.04,0.046,0.034
1999,5,0.045,0.04,0.047,0.034
1999,6,-0.006,0.041,0.047,0.034
1999,7,0.018,0.041,0.047,0.035
1999,8,0.053,0.041,0.048,0.035
1999,9,0.034,0.042,0.048,0.035
1999,10,-0.032,0.042,0.048,0.036
1999,11,-0.048,0.042,0.049,0.036
1999,12,0.016,0.043,0.049,0.036
2000,1,-0.053,0.043,0.05,0.037
2000,2,-0.069,0.043,0.05,0.037
2000,3,0.06,0.044,0.05,0.037
2000,4,0.033,0.044,0.051,0.038
2000,5,0.065,0.044,0.051,0.038
2000,6,0.016,0.045,0.051,0.038
2000,7,0.074,0.045,0.052,0.039
2000,8,0.052,0.046,0.052,0.039
2000,9,0.019,0.046,0.052,0.039
2000,10,-0.01,0.046,0.053,0.04
2000,11,0.051,0.047,0.053,0.04
2000,12,-0.061,0.047,0.053,0.04
2001,1,0.074,0.047,0.054,0.041
2001,2,-0.049,0.048,0.054,0.041
2001,3,0.082,0.048,0.055,0.041
2001,4,0.018,0.048,0.055,0.042
2001,5,0.045,0.049,0.055,0.042
2001,6,0.003,0.049,0.056,0.042
2001,7,0.034,0.049,0.056,0.043
2001,8,0.014,0.05,0.056,0.043
2001,9,0.059,0.05,0.057,0.043
2001,10,-0.027,0.05,0.057,0.044
2001,11,-0.014,0.051,0.057,0.044
2001,12,0.049,0.051,0.058,0.044
2002,1,-0.036,0.051,0.058,0.045
2002,2,0.061,0.052,0.058,0.045
2002,3,-0.074,0.052,0.059,0.045
2002,4,-0.043,0.052,0.059,0.046
2002,5,-0.042,0.053,0.06,0.046
2002,6,0.014,0.053,0.06,0.046
2002,7,0.018,0.054,0.06,0.047
2002,8,0.028,0.054,0.061,0.047
2002,9,0.044,0.054,0.061,0.047
2002,10,0.097,0.055,0.061,0.048
2002,11,-0.007,0.055,0.062,0.048
2002,12,0.039,0.055,0.062,0.048
2003,1,0.013,0.056,0.062,0.049
2003,2,-0.076,0.056,0.063,0.049
2003,3,0.039,0.056,0.063,0.049
2003,4,0.087,0.057,0.063,0.05
2003,5,0.066,0.057,0.064,0.05
2003,6,0.085,0.057,0.064,0.051
2003,7,0.046,0.058,0.065,0.051
2003,8,0.034,0.058,0.065,0.051
2003,9,0.119,0.058,0.065,0.052
2003,10,0.004,0.059,0.066,0.052
2003,11,0.015,0.059,0.066,0.052
2003,12,0.053,0.059,0.066,0.053
2004,1,-0.064,0.06,0.067,0.053
2004,2,0.008,0.06,0.067,0.053
2004,3,0.051,0.06,0.067,0.054
2004,4,-0.003,0.061,0.068,0.054
2004,5,-0.003,0.061,0.068,0.054
2004,6,0.022,0.062,0.069,0.055
2004,7,0.051,0.062,0.069,0.055
2004,8,0.027,0.062,0.069,0.055
2004,9,0.079,0.063,0.07,0.056
2004,10,0.156,0.063,0.07,0.056
2004,11,0.077,0.063,0.07,0.056
2004,12,0.096,0.064,0.071,0.057
2005,1,0.169,0.064,0.071,0.057
2005,2,0.148,0.064,0.071,0.057
2005,3,0.095,0.065,0.072,0.058
2005,4,0.161,0.065,0.072,0.058
2005,5,0.177,0.065,0.072,0.058
2005,6,0.094,0.066,0.073,0.059
2005,7,0.118,0.066,0.073,0.059
2005,8,0.087,0.066,0.074,0.059
2005,9,0.036,0.067,0.074,0.06
2005,10,0.145,0.067,0.074,0.06
2005,11,0.033,0.067,0.075,0.06
2005,12,0.029,0.068,0.075,0.061
2006,1,0.126,0.068,0.075,0.061
2006,2,0.058,0.068,0.076,0.061
2006,3,0.023,0.069,0.076,0.062
2006,4,0.063,0.069,0.076,0.062
2006,5,0.131,0.07,0.077,0.062
2006,6,0.062,0.07,0.077,0.063
2006,7,0.051,0.07,0.077,0.063
2006,8,0.09,0.071,0.078,0.063
2006,9,0.131,0.071,0.078,0.064
2006,10,0.064,0.071,0.079,0.064
2006,11,0.169,0.072,0.079,0.064
2006,12,0.005,0.072,0.079,0.065
2007,1,0.025,0.072,0.08,0.065
2007,2,-0.106,0.073,0.08,0.065
2007,3,-0.068,0.073,0.08,0.066
2007,4,0.097,0.073,0.081,0.066
2007,5,-0.003,0.074,0.081,0.066
2007,6,0.089,0.074,0.081,0.067
2007,7,0.058,0.074,0.082,0.067
2007,8,0.08,0.075,0.082,0.067
2007,9,0.006,0.075,0.083,0.068
2007,10,0.076,0.075,0.083,0.068
2007,11,0.047,0.076,0.083,0.068
2007,12,0.062,0.076,0.084,0.069
2008,1,0.071,0.076,0.084,0.069
2008,2,0.051,0.077,0.084,0.069
2008,3,0.041,0.077,0.085,0.07
2008,4,0.095,0.078,0.085,0.07
2008,5,0.168,0.078,0.085,0.07
2008,6,0.069,0.078,0.086,0.071
2008,7,0.056,0.079,0.086,0.071
2008,8,0.081,0.079,0.086,0.071
2008,9,0.101,0.079,0.087,0.072
2008,10,0.073,0.08,0.087,0.072
2008,11,0.082,0.08,0.088,0.072
2008,12,0.006,0.08,0.088,0.073
2009,1,0.03,0.081,0.088,0.073
2009,2,0.053,0.081,0.089,0.073
2009,3,0.087,0.081,0.089,0.074
2009,4,0.059,0.082,0.089,0.074
2009,5,0.048,0.082,0.09,0.074
2009,6,0.194,0.082,0.09,0.075
2009,7,0.158,0.083,0.09,0.075
2009,8,0.091,0.083,0.091,0.075
2009,9,0.13,0.083,0.091,0.076
2009,10,0.165,0.084,0.091,0.076
2009,11,0.212,0.084,0.092,0.076
2009,12,0.117,0.084,0.092,0.077
2010,1,0.145,0.085,0.093,0.077
2010,2,0.202,0.085,0.093,0.077
2010,3,0.315,0.086,0.093,0.078
2010,4,0.15,0.086,0.094,0.078
2010,5,0.081,0.086,0.094,0.078
2010,6,0.126,0.087,0.094,0.079
2010,7,0.104,0.087,0.095,0.079
2010,8,0.144,0.087,0.095,0.079
2010,9,0.108,0.088,0.095,0.08
2010,10,0.098,0.088,0.096,0.08
2010,11,0.154,0.088,0.096,0.08
2010,12,0.157,0.089,0.097,0.081
2011,1,0.117,0.089,0.097,0.081
2011,2,0.072,0.089,0.097,0.081
2011,3,0.111,0.09,0.098,0.082
2011,4,0.112,0.09,0.098,0.082
2011,5,0.202,0.09,0.098,0.082
2011,6,0.181,0.091,0.099,0.083
2011,7,0.149,0.091,0.099,0.083
2011,8,0.161,0.091,0.099,0.083
2011,9,0.182,0.092,0.1,0.084
2011,10,0.158,0.092,0.1,0.084
2011,11,0.092,0.092,0.1,0.084
2011,12,0.105,0.093,0.101,0.085
2012,1,0.067,0.093,0.101,0.085
2012,2,0.072,0.094,0.102,0.085
2012,3,0.071,0.094,0.102,0.086
2012,4,0.106,0.094,0.102,0.086
2012,5,0.093,0.095,0.103,0.086
2012,6,0.185,0.095,0.103,0.087
2012,7,0.129,0.095,0.103,0.087
2012,8,0.113,0.096,0.104,0.087
2012,9,0.064,0.096,0.104,0.088
2013,1,0.05,0.097,0.106,0.089
2013,2,0.094,0.098,0.106,0.089
2013,3,0.216,0.098,0.106,0.09
2013,4,0.073,0.098,0.107,0.09
2013,5,0.048,0.099,0.107,0.09
2013,6,0.119,0.099,0.107,0.091
2013,7,0.146,0.099,0.108,0.091
2013,8,0.124,0.1,0.108,0.091
2013,9,0.101,0.1,0.108,0.092
2013,10,0.147,0.1,0.109,0.092
2013,11,-0.004,0.101,0.109,0.092
2013,12,0.077,0.101,0.109,0.093
2014,1,0.059,0.101,0.11,0.093
2014,2,0.049,0.102,0.11,0.093
2014,3,0.072,0.102,0.111,0.094
2014,4,0.12,0.103,0.111,0.094
2014,5,0.137,0.103,0.111,0.094
2014,6,0.136,0.103,0.112,0.095
2014,7,0.099,0.104,0.112,0.095
2014,8,0.144,0.104,0.112,0.095
2014,9,0.129,0.104,0.113,0.096
2014,10,0.162,0.105,0.113,0.096
2014,11,0.06,0.105,0.113,0.096
2014,12,0.18,0.105,0.114,0.097
2015,1,0.02,0.106,0.114,0.097
2015,2,0.058,0.106,0.115,0.098
2015,3,-0.026,0.106,0.115,0.098
2015,4,0.054,0.107,0.115,0.098
2015,5,-0.017,0.107,0.116,0.099
2015,6,0.082,0.107,0.116,0.099
2015,7,0.134,0.108,0.116,0.099
2015,8,0.093,0.108,0.117,0.1
2015,9,0.114,0.108,0.117,0.1
2015,10,0.137,0.109,0.117,0.1
2015,11,0.077,0.109,0.118,0.101
2015,12,0.158,0.109,0.118,0.101
2016,1,0.163,0.11,0.118,0.101
2016,2,0.123,0.11,0.119,0.102
2016,3,0.126,0.111,0.119,0.102
2016,4,0.114,0.111,0.12,0.102
2016,5,0.091,0.111,0.12,0.103
2016,6,0.085,0.112,0.12,0.103
2016,7,0.1,0.112,0.121,0.103
2016,8,0.073,0.112,0.121,0.104
2016,9,0.166,0.113,0.121,0.104
2016,10,0.116,0.113,0.122,0.104
2016,11,0.069,0.113,0.122,0.105
2016,12,0.058,0.114,0.122,0.105
2017,1,0.146,0.114,0.123,0.105
2017,2,0.111,0.114,0.123,0.106
2017,3,-0.017,0.115,0.124,0.106
2017,4,0.164,0.115,0.124,0.106
2017,5,0.197,0.115,0.124,0.107
2017,6,0.127,0.116,0.125,0.107
2017,7,0.17,0.116,0.125,0.107
2017,8,0.138,0.116,0.125,0.108
2017,9,0.165,0.117,0.126,0.108
2017,10,0.106,0.117,0.126,0.108
2017,11,0.13,0.117,0.126,0.109
2017,12,0.04,0.118,0.127,0.109
2018,1,0.005,0.118,0.127,0.109
2018,2,0.064,0.119,0.128,0.11
2018,3,0.264,0.119,0.128,0.11
2018,4,0.092,0.119,0.128,0.11
2018,5,0.106,0.12,0.129,0.111
2018,6,0.164,0.12,0.129,0.111
2018,7,0.141,0.12,0.129,0.111
2018,8,0.15,0.121,0.13,0.112
2018,9,0.218,0.121,0.13,0.112
2018,10,0.118,0.121,0.13,0.112
2018,11,0.127,0.122,0.131,0.113
2018,12,0.212,0.122,0.131,0.113
2019,1,0.159,0.122,0.131,0.113
2019,2,0.082,0.123,0.132,0.114
2019,3,0.114,0.123,0.132,0.114
2019,4,0.112,0.123,0.133,0.114
2019,5,0.213,0.124,0.133,0.115
2019,6,0.171,0.124,0.133,0.115
2019,7,0.174,0.124,0.134,0.115
2019,8,0.182,0.125,0.134,0.116
2019,9,0.17,0.125,0.134,0.116
2019,10,0.255,0.125,0.135,0.116
2019,11,0.17,0.126,0.135,0.117
2019,12,0.191,0.126,0.135,0.117
2020,1,0.173,0.127,0.136,0.117
2020,2,0.141,0.127,0.136,0.118
2020,3,0.204,0.127,0.137,0.118
2020,4,0.204,0.128,0.137,0.118
2020,5,0.088,0.128,0.137,0.119
2020,6,0.144,0.128,0.138,0.119
2020,7,0.189,0.129,0.138,0.119
2020,8,0.154,0.129,0.138,0.12
2020,9,0.166,0.129,0.139,0.12
2020,10,0.146,0.13,0.139,0.12
2020,11,0.072,0.13,0.139,0.121
2020,12,0.167,0.13,0.14,0.121
2021,1,0.234,0.131,0.14,0.121
2021,2,0.239,0.131,0.14,0.122
2021,3,0.043,0.131,0.141,0.122
2021,4,0.143,0.132,0.141,0.122
2021,5,0.079,0.132,0.142,0.123
2021,6,0.09,0.132,0.142,0.123
2021,7,0.174,0.133,0.142,0.123
2021,8,0.169,0.133,0.143,0.124
2021,9,0.161,0.133,0.143,0.124
2021,10,0.276,0.134,0.143,0.124
2021,11,0.154,0.134,0.144,0.125
2021,12,0.142,0.135,0.144,0.125
2022,1,0.181,0.135,0.144,0.125
2022,2,0.045,0.135,0.145,0.126
2022,3,0.07,0.136,0.145,0.126
2022,4,0.103,0.136,0.146,0.126
2022,5,0.21,0.136,0.146,0.127
2022,6,0.152,0.137,0.146,0.127
2022,7,0.116,0.137,0.147,0.127
2022,8,0.131,0.137,0.147,0.128
2022,9,0.149,0.138,0.147,0.128
2022,10,0.208,0.138,0.148,0.128
2022,11,0.108,0.138,0.148,0.129
2022,12,0.214,0.139,0.148,0.129
2023,1,0.25,0.139,0.149,0.129
2023,2,0.196,0.139,0.149,0.13
2023,3,0.266,0.14,0.15,0.13
2023,4,0.204,0.14,0.15,0.13
2023,5,0.172,0.14,0.15,0.131
2023,6,0.238,0.141,0.151,0.131
2023,7,0.213,0.141,0.151,0.131
2023,8,0.184,0.141,0.151,0.132
2023,9,0.244,0.142,0.152,0.132
2023,10,0.25,0.142,0.152,0.132
2023,11,0.238,0.143,0.152,0.133