"","Year","Variable","Val","Loc","N"
"1",1977,"volume_100m3",0.0826415337500095,"NYB",244
"2",1977,"hyper_100m3",-0.675683839185882,"NYB",244
"3",1977,"coel_100m3",-0.381173420357484,"NYB",244
"4",1977,"evadnespp_100m3",-0.156981734982845,"NYB",244
"5",1977,"ctyp_100m3",0.0325490524859364,"NYB",244
"6",1977,"calminor_100m3",-0.301508663970697,"NYB",244
"7",1977,"euph1_100m3",-0.572943571158767,"NYB",244
"8",1977,"oithspp_100m3",-0.039944245508503,"NYB",244
"9",1977,"thecos_100m3",-1.16682631112153,"NYB",244
"10",1977,"echino_100m3",-1.25107207471266,"NYB",244
"11",1977,"chaeto_100m3",0.0278188821094859,"NYB",244
"12",1977,"pseudo_100m3",1.00483051030146,"NYB",244
"13",1977,"spirspp_100m3",-0.757970985046291,"NYB",244
"14",1977,"larvaceans_100m3",-1.58528993137684,"NYB",244
"15",1977,"mlucens_100m3",0.0399967516179966,"NYB",244
"16",1977,"tlong_100m3",-0.074801487304968,"NYB",244
"17",1977,"sm_lg",0.171100461343084,"NYB",244
"18",1977,"para_100m3",-0.34215269183264,"NYB",244
"19",1977,"poly_100m3",-0.484329383309844,"NYB",244
"20",1977,"cham_100m3",0.297402560289249,"NYB",244
"21",1977,"clauso",-1.10753782621222,"NYB",244
"22",1977,"fish_100m3",0.403340127394637,"NYB",244
"23",1977,"acarspp_100m3",-0.202107991081262,"NYB",244
"24",1977,"dec_100m3",-0.443906598764466,"NYB",244
"25",1977,"siph_100m3",-0.997198934585808,"NYB",244
"26",1977,"calfin_100m3",0.143894697599836,"NYB",244
"27",1977,"euph_100m3",-0.551603438269447,"NYB",244
"28",1977,"gas_100m3",-2.26682769271942,"NYB",244
"29",1978,"clauso",-0.854088973013321,"NYB",131
"30",1978,"dec_100m3",-0.0540524142970246,"NYB",131
"31",1978,"euph_100m3",-0.542142767794324,"NYB",131
"32",1978,"sm_lg",0.514202518168391,"NYB",131
"33",1978,"volume_100m3",-0.0975753437243067,"NYB",131
"34",1978,"gas_100m3",-1.78669596331196,"NYB",131
"35",1978,"cham_100m3",0.0163539371661111,"NYB",131
"36",1978,"ctyp_100m3",0.107593553347872,"NYB",131
"37",1978,"echino_100m3",-1.16809005111673,"NYB",131
"38",1978,"acarspp_100m3",-0.887430757765795,"NYB",131
"39",1978,"fish_100m3",0.00110736869665768,"NYB",131
"40",1978,"spirspp_100m3",-0.733438722709118,"NYB",131
"41",1978,"larvaceans_100m3",-1.53611563547023,"NYB",131
"42",1978,"mlucens_100m3",-0.487044131223954,"NYB",131
"43",1978,"siph_100m3",-0.93273975513904,"NYB",131
"44",1978,"tlong_100m3",-0.466552894034811,"NYB",131
"45",1978,"coel_100m3",-0.636378399657719,"NYB",131
"46",1978,"evadnespp_100m3",-0.18400983566614,"NYB",131
"47",1978,"oithspp_100m3",-0.549166817417402,"NYB",131
"48",1978,"poly_100m3",-0.51272132192958,"NYB",131
"49",1978,"thecos_100m3",-0.840924151681268,"NYB",131
"50",1978,"calfin_100m3",-0.539102120319489,"NYB",131
"51",1978,"para_100m3",-0.25744774662028,"NYB",131
"52",1978,"pseudo_100m3",0.243006994916433,"NYB",131
"53",1978,"chaeto_100m3",0.130641675431311,"NYB",131
"54",1978,"euph1_100m3",-0.747625343125693,"NYB",131
"55",1978,"hyper_100m3",0.12162991179978,"NYB",131
"56",1978,"calminor_100m3",-0.202069705392238,"NYB",131
"57",1979,"acarspp_100m3",0.295797080577989,"NYB",150
"58",1979,"volume_100m3",-0.0792668141580829,"NYB",150
"59",1979,"mlucens_100m3",0.361237612868134,"NYB",150
"60",1979,"ctyp_100m3",0.0615987648656934,"NYB",150
"61",1979,"sm_lg",0.289304840482589,"NYB",150
"62",1979,"gas_100m3",-0.0723441931094627,"NYB",150
"63",1979,"dec_100m3",-0.000610544731046554,"NYB",150
"64",1979,"calfin_100m3",-0.145842865497283,"NYB",150
"65",1979,"thecos_100m3",-0.813670215448047,"NYB",150
"66",1979,"fish_100m3",0.275607129004253,"NYB",150
"67",1979,"pseudo_100m3",0.159347848047716,"NYB",150
"68",1979,"chaeto_100m3",0.0408837860404283,"NYB",150
"69",1979,"spirspp_100m3",0.515569203976356,"NYB",150
"70",1979,"evadnespp_100m3",-0.437757109448248,"NYB",150
"71",1979,"tlong_100m3",0.310413042600654,"NYB",150
"72",1979,"hyper_100m3",-0.638369022656065,"NYB",150
"73",1979,"para_100m3",0.154659231845839,"NYB",150
"74",1979,"echino_100m3",-0.922196060155507,"NYB",150
"75",1979,"cham_100m3",0.0424882444271603,"NYB",150
"76",1979,"calminor_100m3",-0.0335865250494323,"NYB",150
"77",1979,"clauso",-0.408888618398452,"NYB",150
"78",1979,"larvaceans_100m3",-0.0994251528601066,"NYB",150
"79",1979,"euph1_100m3",-0.161462820615004,"NYB",150
"80",1979,"siph_100m3",-0.148395206876417,"NYB",150
"81",1979,"coel_100m3",-0.418618480363432,"NYB",150
"82",1979,"euph_100m3",-0.190415570689396,"NYB",150
"83",1979,"oithspp_100m3",-0.964939306747872,"NYB",150
"84",1979,"poly_100m3",-0.0330411705204794,"NYB",150
"85",1980,"pseudo_100m3",0.116686234166387,"NYB",143
"86",1980,"volume_100m3",-0.0977231831187572,"NYB",143
"87",1980,"larvaceans_100m3",-0.133328996037466,"NYB",143
"88",1980,"acarspp_100m3",-0.042743306397484,"NYB",143
"89",1980,"tlong_100m3",0.155867002756773,"NYB",143
"90",1980,"calminor_100m3",-0.0271237208112327,"NYB",143
"91",1980,"ctyp_100m3",0.227913503673767,"NYB",143
"92",1980,"echino_100m3",-0.687806446693124,"NYB",143
"93",1980,"cham_100m3",0.22682407189933,"NYB",143
"94",1980,"fish_100m3",0.136502900903538,"NYB",143
"95",1980,"chaeto_100m3",-0.087308406739208,"NYB",143
"96",1980,"dec_100m3",0.390624494954442,"NYB",143
"97",1980,"oithspp_100m3",-1.68593191099845,"NYB",143
"98",1980,"siph_100m3",-0.217432248920305,"NYB",143
"99",1980,"hyper_100m3",-0.575775308453122,"NYB",143
"100",1980,"euph_100m3",0.139585290981615,"NYB",143
"101",1980,"mlucens_100m3",0.213692372568511,"NYB",143
"102",1980,"gas_100m3",0.00175646071616084,"NYB",143
"103",1980,"poly_100m3",-0.0634806860493181,"NYB",143
"104",1980,"thecos_100m3",-0.887618188232374,"NYB",143
"105",1980,"calfin_100m3",-0.40773397287106,"NYB",143
"106",1980,"evadnespp_100m3",-0.66493387262766,"NYB",143
"107",1980,"euph1_100m3",0.0673815804916908,"NYB",143
"108",1980,"spirspp_100m3",0.414009850241724,"NYB",143
"109",1980,"clauso",-0.0927350158304313,"NYB",143
"110",1980,"coel_100m3",-0.339613012364378,"NYB",143
"111",1980,"sm_lg",0.589556675995124,"NYB",143
"112",1980,"para_100m3",-0.0146958410594854,"NYB",143
"113",1981,"pseudo_100m3",0.361839862780792,"NYB",154
"114",1981,"tlong_100m3",-0.148106508288607,"NYB",154
"115",1981,"echino_100m3",-0.535030800517386,"NYB",154
"116",1981,"cham_100m3",-0.0802973565701685,"NYB",154
"117",1981,"poly_100m3",-0.0851986864036129,"NYB",154
"118",1981,"larvaceans_100m3",0.16845404919977,"NYB",154
"119",1981,"volume_100m3",-0.051363490614658,"NYB",154
"120",1981,"acarspp_100m3",0.41188174258071,"NYB",154
"121",1981,"fish_100m3",0.29716757298184,"NYB",154
"122",1981,"thecos_100m3",-1.06623177115315,"NYB",154
"123",1981,"clauso",0.0908446611372686,"NYB",154
"124",1981,"para_100m3",-0.131515692258654,"NYB",154
"125",1981,"mlucens_100m3",0.110573710480974,"NYB",154
"126",1981,"spirspp_100m3",-0.272754293262676,"NYB",154
"127",1981,"dec_100m3",-0.069686143825397,"NYB",154
"128",1981,"chaeto_100m3",-0.0620035863058147,"NYB",154
"129",1981,"gas_100m3",-0.903629389552855,"NYB",154
"130",1981,"sm_lg",0.178189479714762,"NYB",154
"131",1981,"calminor_100m3",-0.140611915785211,"NYB",154
"132",1981,"hyper_100m3",-0.236724981292134,"NYB",154
"133",1981,"calfin_100m3",-0.184103782607366,"NYB",154
"134",1981,"oithspp_100m3",-0.7870747010412,"NYB",154
"135",1981,"euph1_100m3",-0.000767989258655925,"NYB",154
"136",1981,"coel_100m3",-0.257547425589693,"NYB",154
"137",1981,"euph_100m3",-0.0578600785242517,"NYB",154
"138",1981,"ctyp_100m3",-0.157093209492432,"NYB",154
"139",1981,"siph_100m3",-0.206098003743593,"NYB",154
"140",1981,"evadnespp_100m3",-0.946649745746748,"NYB",154
"141",1982,"dec_100m3",-0.140178983946389,"NYB",141
"142",1982,"pseudo_100m3",0.463529679314196,"NYB",141
"143",1982,"volume_100m3",-0.105016899842739,"NYB",141
"144",1982,"cham_100m3",0.0544285159737995,"NYB",141
"145",1982,"poly_100m3",-0.00460511894435776,"NYB",141
"146",1982,"clauso",-0.442000531651708,"NYB",141
"147",1982,"echino_100m3",-0.375741324722046,"NYB",141
"148",1982,"acarspp_100m3",0.535371727366567,"NYB",141
"149",1982,"fish_100m3",0.246320414301395,"NYB",141
"150",1982,"thecos_100m3",-0.633171200203403,"NYB",141
"151",1982,"chaeto_100m3",-0.135980665864474,"NYB",141
"152",1982,"mlucens_100m3",0.058719893980378,"NYB",141
"153",1982,"siph_100m3",-0.163916857685396,"NYB",141
"154",1982,"tlong_100m3",0.0602942635710058,"NYB",141
"155",1982,"euph_100m3",-0.321878999297668,"NYB",141
"156",1982,"ctyp_100m3",0.0289899235512209,"NYB",141
"157",1982,"gas_100m3",0.531007656139094,"NYB",141
"158",1982,"sm_lg",0.133855747618949,"NYB",141
"159",1982,"calminor_100m3",-0.387655475256628,"NYB",141
"160",1982,"hyper_100m3",-0.0454726723674548,"NYB",141
"161",1982,"calfin_100m3",0.017954847983607,"NYB",141
"162",1982,"oithspp_100m3",-0.520611904127885,"NYB",141
"163",1982,"euph1_100m3",-0.283872276689061,"NYB",141
"164",1982,"larvaceans_100m3",0.0504426431455648,"NYB",141
"165",1982,"evadnespp_100m3",-0.586541889389469,"NYB",141
"166",1982,"spirspp_100m3",0.506021717377513,"NYB",141
"167",1982,"para_100m3",-0.383343303491732,"NYB",141
"168",1982,"coel_100m3",-0.536682609099974,"NYB",141
"169",1983,"calminor_100m3",-1.11709214204215,"NYB",154
"170",1983,"fish_100m3",0.0904597683735761,"NYB",154
"171",1983,"larvaceans_100m3",-0.642784087394922,"NYB",154
"172",1983,"cham_100m3",0.361866869321056,"NYB",154
"173",1983,"sm_lg",0.443676618528916,"NYB",154
"174",1983,"clauso",-0.18268129390237,"NYB",154
"175",1983,"echino_100m3",-0.886221500783567,"NYB",154
"176",1983,"acarspp_100m3",0.461133209012799,"NYB",154
"177",1983,"euph1_100m3",-0.219350359345589,"NYB",154
"178",1983,"pseudo_100m3",-0.0146972169471431,"NYB",154
"179",1983,"dec_100m3",0.00996462419295342,"NYB",154
"180",1983,"volume_100m3",-0.221469851277824,"NYB",154
"181",1983,"mlucens_100m3",-0.42333358167247,"NYB",154
"182",1983,"tlong_100m3",0.0895743177375808,"NYB",154
"183",1983,"para_100m3",-0.251796276021781,"NYB",154
"184",1983,"gas_100m3",0.0247304074582047,"NYB",154
"185",1983,"poly_100m3",-0.354372308643233,"NYB",154
"186",1983,"coel_100m3",-0.563022453432405,"NYB",154
"187",1983,"thecos_100m3",-0.95196051840283,"NYB",154
"188",1983,"calfin_100m3",-0.373373671549456,"NYB",154
"189",1983,"oithspp_100m3",-0.53908005939598,"NYB",154
"190",1983,"evadnespp_100m3",-0.101606189553628,"NYB",154
"191",1983,"spirspp_100m3",1.15867657434771,"NYB",154
"192",1983,"chaeto_100m3",-0.356735988414846,"NYB",154
"193",1983,"ctyp_100m3",-0.155532182193653,"NYB",154
"194",1983,"euph_100m3",-0.276948699778508,"NYB",154
"195",1983,"hyper_100m3",-0.614886476900553,"NYB",154
"196",1983,"siph_100m3",-0.508217261108747,"NYB",154
"197",1984,"acarspp_100m3",0.394495200646571,"NYB",187
"198",1984,"calminor_100m3",-0.889271074727035,"NYB",187
"199",1984,"volume_100m3",-0.120508485260747,"NYB",187
"200",1984,"cham_100m3",0.353873413752428,"NYB",187
"201",1984,"dec_100m3",0.349899902769335,"NYB",187
"202",1984,"echino_100m3",-0.770335609457592,"NYB",187
"203",1984,"calfin_100m3",-0.406527560588743,"NYB",187
"204",1984,"poly_100m3",0.0478717748277532,"NYB",187
"205",1984,"coel_100m3",-0.377245679161039,"NYB",187
"206",1984,"chaeto_100m3",-0.367594492389744,"NYB",187
"207",1984,"larvaceans_100m3",-0.183527679347764,"NYB",187
"208",1984,"fish_100m3",-0.640686185610987,"NYB",187
"209",1984,"pseudo_100m3",0.10272069956064,"NYB",187
"210",1984,"euph_100m3",0.0197224874179252,"NYB",187
"211",1984,"para_100m3",-0.142693706960837,"NYB",187
"212",1984,"gas_100m3",-0.843636627788631,"NYB",187
"213",1984,"sm_lg",0.58592612140898,"NYB",187
"214",1984,"euph1_100m3",0.0480510749643896,"NYB",187
"215",1984,"clauso",-0.227181075868029,"NYB",187
"216",1984,"spirspp_100m3",0.124698461567133,"NYB",187
"217",1984,"oithspp_100m3",-1.10524660428019,"NYB",187
"218",1984,"tlong_100m3",0.460738098450423,"NYB",187
"219",1984,"thecos_100m3",-0.958741538797349,"NYB",187
"220",1984,"mlucens_100m3",-0.201098402492045,"NYB",187
"221",1984,"evadnespp_100m3",-0.55332916998305,"NYB",187
"222",1984,"hyper_100m3",-1.01952856353928,"NYB",187
"223",1984,"ctyp_100m3",-0.199737968482546,"NYB",187
"224",1984,"siph_100m3",-0.252944580278802,"NYB",187
"225",1985,"echino_100m3",-0.426607654132778,"NYB",185
"226",1985,"pseudo_100m3",0.0253320439721129,"NYB",185
"227",1985,"cham_100m3",-0.116407074811413,"NYB",185
"228",1985,"tlong_100m3",-0.552876793532342,"NYB",185
"229",1985,"clauso",0.102586031813014,"NYB",185
"230",1985,"ctyp_100m3",0.0800538900698116,"NYB",185
"231",1985,"poly_100m3",0.100760067789686,"NYB",185
"232",1985,"calminor_100m3",-0.267908436690218,"NYB",185
"233",1985,"calfin_100m3",-0.103965823138724,"NYB",185
"234",1985,"larvaceans_100m3",-0.663796929413241,"NYB",185
"235",1985,"acarspp_100m3",0.386500796462718,"NYB",185
"236",1985,"fish_100m3",-0.0987352707096449,"NYB",185
"237",1985,"spirspp_100m3",0.287799847349523,"NYB",185
"238",1985,"para_100m3",-0.141671941010232,"NYB",185
"239",1985,"gas_100m3",-0.56331175251241,"NYB",185
"240",1985,"sm_lg",-0.0370086604367332,"NYB",185
"241",1985,"coel_100m3",-0.585039244315974,"NYB",185
"242",1985,"siph_100m3",-0.300597918136055,"NYB",185
"243",1985,"dec_100m3",0.129827239613852,"NYB",185
"244",1985,"oithspp_100m3",-0.652818523464475,"NYB",185
"245",1985,"euph1_100m3",-0.162877177376446,"NYB",185
"246",1985,"euph_100m3",-0.209806284037143,"NYB",185
"247",1985,"volume_100m3",-0.133032495017243,"NYB",185
"248",1985,"mlucens_100m3",-0.360132193385809,"NYB",185
"249",1985,"chaeto_100m3",-0.479797816258105,"NYB",185
"250",1985,"evadnespp_100m3",-0.616894854504441,"NYB",185
"251",1985,"hyper_100m3",-0.225784845594944,"NYB",185
"252",1985,"thecos_100m3",-0.93099732652234,"NYB",185
"253",1986,"calminor_100m3",0.164786059516809,"NYB",203
"254",1986,"echino_100m3",-0.0245445276208163,"NYB",203
"255",1986,"clauso",0.0748114557922189,"NYB",203
"256",1986,"gas_100m3",-0.107591628326239,"NYB",203
"257",1986,"poly_100m3",-0.111677654958357,"NYB",203
"258",1986,"acarspp_100m3",0.455790637559955,"NYB",203
"259",1986,"fish_100m3",0.257042113940998,"NYB",203
"260",1986,"dec_100m3",-0.324526148401472,"NYB",203
"261",1986,"chaeto_100m3",-0.203062148517889,"NYB",203
"262",1986,"calfin_100m3",0.3123845525561,"NYB",203
"263",1986,"larvaceans_100m3",-0.388462193804718,"NYB",203
"264",1986,"cham_100m3",0.0966014353321225,"NYB",203
"265",1986,"euph_100m3",-0.138083891091575,"NYB",203
"266",1986,"tlong_100m3",-0.434349495413892,"NYB",203
"267",1986,"para_100m3",-0.119296486090919,"NYB",203
"268",1986,"sm_lg",-0.356867234495574,"NYB",203
"269",1986,"coel_100m3",-0.177600901927741,"NYB",203
"270",1986,"thecos_100m3",-0.513943421787391,"NYB",203
"271",1986,"spirspp_100m3",0.797679561926536,"NYB",203
"272",1986,"oithspp_100m3",-0.48536209443715,"NYB",203
"273",1986,"siph_100m3",-0.658689927231194,"NYB",203
"274",1986,"hyper_100m3",-0.376872135049682,"NYB",203
"275",1986,"mlucens_100m3",-0.53247494088782,"NYB",203
"276",1986,"evadnespp_100m3",-0.261789551504678,"NYB",203
"277",1986,"euph1_100m3",-0.100684359844581,"NYB",203
"278",1986,"ctyp_100m3",0.0489952626537397,"NYB",203
"279",1986,"volume_100m3",-0.0896969587749655,"NYB",203
"280",1986,"pseudo_100m3",0.110822069670134,"NYB",203
"281",1987,"clauso",0.227304997885484,"NYB",228
"282",1987,"dec_100m3",-0.36506850171394,"NYB",228
"283",1987,"tlong_100m3",-0.181260058526399,"NYB",228
"284",1987,"euph_100m3",0.230789990963874,"NYB",228
"285",1987,"calminor_100m3",-0.278871502611377,"NYB",228
"286",1987,"gas_100m3",0.0188517103819341,"NYB",228
"287",1987,"para_100m3",-0.209523682359084,"NYB",228
"288",1987,"echino_100m3",0.155373763441273,"NYB",228
"289",1987,"cham_100m3",0.187872316716735,"NYB",228
"290",1987,"poly_100m3",-0.166211050440616,"NYB",228
"291",1987,"fish_100m3",-0.334596625777608,"NYB",228
"292",1987,"larvaceans_100m3",0.215839027234466,"NYB",228
"293",1987,"mlucens_100m3",0.226750082698733,"NYB",228
"294",1987,"pseudo_100m3",0.180327182974402,"NYB",228
"295",1987,"sm_lg",-0.571130473514419,"NYB",228
"296",1987,"coel_100m3",0.538495358316291,"NYB",228
"297",1987,"evadnespp_100m3",-0.276820726033247,"NYB",228
"298",1987,"thecos_100m3",-0.0513379859721155,"NYB",228
"299",1987,"hyper_100m3",-0.0723067743808542,"NYB",228
"300",1987,"euph1_100m3",0.257455147747154,"NYB",228
"301",1987,"acarspp_100m3",0.0392955407338278,"NYB",228
"302",1987,"volume_100m3",0.0238319353545493,"NYB",228
"303",1987,"ctyp_100m3",-0.321612015375357,"NYB",228
"304",1987,"chaeto_100m3",-0.0187826672794549,"NYB",228
"305",1987,"spirspp_100m3",0.511028687734305,"NYB",228
"306",1987,"oithspp_100m3",-0.422805431635359,"NYB",228
"307",1987,"calfin_100m3",0.537462329961764,"NYB",228
"308",1987,"siph_100m3",-0.171896052495332,"NYB",228
"309",1988,"euph_100m3",-0.303788705081588,"NYB",83
"310",1988,"sm_lg",-0.236549802662117,"NYB",83
"311",1988,"cham_100m3",-0.188832394032082,"NYB",83
"312",1988,"gas_100m3",-0.417329520039277,"NYB",83
"313",1988,"clauso",-0.437802055397571,"NYB",83
"314",1988,"calminor_100m3",-0.61459155043287,"NYB",83
"315",1988,"fish_100m3",-0.289869637788163,"NYB",83
"316",1988,"thecos_100m3",-0.244029211438608,"NYB",83
"317",1988,"dec_100m3",-0.157575056339767,"NYB",83
"318",1988,"larvaceans_100m3",-0.566321338073026,"NYB",83
"319",1988,"poly_100m3",-0.404869168934554,"NYB",83
"320",1988,"volume_100m3",0.0401210240529845,"NYB",83
"321",1988,"hyper_100m3",-0.0745601288077958,"NYB",83
"322",1988,"tlong_100m3",0.300852968739296,"NYB",83
"323",1988,"echino_100m3",-0.567021760634219,"NYB",83
"324",1988,"ctyp_100m3",0.143761555479089,"NYB",83
"325",1988,"coel_100m3",-0.277112049206895,"NYB",83
"326",1988,"evadnespp_100m3",-0.397281627162362,"NYB",83
"327",1988,"spirspp_100m3",0.195290473401045,"NYB",83
"328",1988,"pseudo_100m3",0.334227723217042,"NYB",83
"329",1988,"euph1_100m3",-0.364798823003817,"NYB",83
"330",1988,"acarspp_100m3",0.014633003028855,"NYB",83
"331",1988,"para_100m3",-0.20705166856382,"NYB",83
"332",1988,"chaeto_100m3",0.081243618459869,"NYB",83
"333",1988,"calfin_100m3",0.384052266012953,"NYB",83
"334",1988,"siph_100m3",-0.539881638719815,"NYB",83
"335",1988,"mlucens_100m3",-0.0365178687519443,"NYB",83
"336",1988,"oithspp_100m3",-0.0314215236028908,"NYB",83
"337",1990,"larvaceans_100m3",-0.347744611014591,"NYB",62
"338",1990,"pseudo_100m3",0.802206164093444,"NYB",62
"339",1990,"para_100m3",0.651831693411281,"NYB",62
"340",1990,"tlong_100m3",-1.17863689526439,"NYB",62
"341",1990,"hyper_100m3",-0.215299794277638,"NYB",62
"342",1990,"echino_100m3",-0.415352258860753,"NYB",62
"343",1990,"sm_lg",0.228769173531872,"NYB",62
"344",1990,"cham_100m3",-0.13703419082156,"NYB",62
"345",1990,"calminor_100m3",0.0790459998100686,"NYB",62
"346",1990,"fish_100m3",-0.292674754942563,"NYB",62
"347",1990,"dec_100m3",-0.280460849271293,"NYB",62
"348",1990,"acarspp_100m3",1.15525680378755,"NYB",62
"349",1990,"spirspp_100m3",1.31609403440884,"NYB",62
"350",1990,"poly_100m3",-0.0175891002837975,"NYB",62
"351",1990,"siph_100m3",-0.0605469668215423,"NYB",62
"352",1990,"euph_100m3",-0.286705460802162,"NYB",62
"353",1990,"mlucens_100m3",0.0567948663351161,"NYB",62
"354",1990,"ctyp_100m3",0.572187820889747,"NYB",62
"355",1990,"coel_100m3",-0.171479737810273,"NYB",62
"356",1990,"clauso",0.621283638914197,"NYB",62
"357",1990,"evadnespp_100m3",0.0771043073747588,"NYB",62
"358",1990,"thecos_100m3",0.0229839903045854,"NYB",62
"359",1990,"chaeto_100m3",-1.07880927184531,"NYB",62
"360",1990,"oithspp_100m3",0.733227974591403,"NYB",62
"361",1990,"euph1_100m3",-0.245795501775321,"NYB",62
"362",1990,"volume_100m3",0.198174480429783,"NYB",62
"363",1990,"gas_100m3",0.831567345347675,"NYB",62
"364",1990,"calfin_100m3",-0.214088448807561,"NYB",62
"365",1991,"spirspp_100m3",0.843062833872443,"NYB",49
"366",1991,"clauso",-0.622890705144568,"NYB",49
"367",1991,"fish_100m3",-0.711710206862061,"NYB",49
"368",1991,"dec_100m3",-0.0234020968665638,"NYB",49
"369",1991,"sm_lg",1.63875483021706,"NYB",49
"370",1991,"hyper_100m3",0.0795698894483303,"NYB",49
"371",1991,"euph_100m3",-0.557936339474328,"NYB",49
"372",1991,"poly_100m3",-0.330826313662812,"NYB",49
"373",1991,"calminor_100m3",-0.0918939195271929,"NYB",49
"374",1991,"echino_100m3",-0.698739979808957,"NYB",49
"375",1991,"acarspp_100m3",0.0195992597963117,"NYB",49
"376",1991,"euph1_100m3",-0.509235310316832,"NYB",49
"377",1991,"tlong_100m3",-0.271272405078511,"NYB",49
"378",1991,"larvaceans_100m3",-0.930931258060022,"NYB",49
"379",1991,"volume_100m3",-0.0229114284660187,"NYB",49
"380",1991,"mlucens_100m3",-0.136053062021324,"NYB",49
"381",1991,"cham_100m3",-0.52536875562991,"NYB",49
"382",1991,"para_100m3",0.329527454850331,"NYB",49
"383",1991,"gas_100m3",0.20136435069265,"NYB",49
"384",1991,"evadnespp_100m3",0.0126443228569594,"NYB",49
"385",1991,"coel_100m3",-0.150480933834473,"NYB",49
"386",1991,"thecos_100m3",-0.642205808786179,"NYB",49
"387",1991,"chaeto_100m3",-0.240107606200487,"NYB",49
"388",1991,"oithspp_100m3",0.144937998381201,"NYB",49
"389",1991,"calfin_100m3",-1.74294444012272,"NYB",49
"390",1991,"siph_100m3",-0.209875236230372,"NYB",49
"391",1991,"ctyp_100m3",0.509778421555574,"NYB",49
"392",1991,"pseudo_100m3",-0.129895700469773,"NYB",49
"393",1992,"tlong_100m3",0.816319156090409,"NYB",42
"394",1992,"dec_100m3",-0.0764352520719878,"NYB",42
"395",1992,"fish_100m3",-0.364467197765084,"NYB",42
"396",1992,"cham_100m3",-0.142645900232665,"NYB",42
"397",1992,"euph_100m3",-0.136099373563579,"NYB",42
"398",1992,"clauso",-0.0229078259547455,"NYB",42
"399",1992,"coel_100m3",0.162689666101558,"NYB",42
"400",1992,"para_100m3",-0.1807701167967,"NYB",42
"401",1992,"echino_100m3",-0.301689851399689,"NYB",42
"402",1992,"chaeto_100m3",-0.602271661775044,"NYB",42
"403",1992,"euph1_100m3",-0.105636695285142,"NYB",42
"404",1992,"siph_100m3",0.187398397764581,"NYB",42
"405",1992,"larvaceans_100m3",-1.12374464071038,"NYB",42
"406",1992,"volume_100m3",-0.078053943984446,"NYB",42
"407",1992,"mlucens_100m3",0.171894402328704,"NYB",42
"408",1992,"evadnespp_100m3",-0.412273433666514,"NYB",42
"409",1992,"hyper_100m3",-0.15814082544326,"NYB",42
"410",1992,"gas_100m3",0.022176626250569,"NYB",42
"411",1992,"poly_100m3",-0.469872888244567,"NYB",42
"412",1992,"thecos_100m3",-0.0616539901870654,"NYB",42
"413",1992,"calminor_100m3",-0.622066072393374,"NYB",42
"414",1992,"pseudo_100m3",0.111266176809597,"NYB",42
"415",1992,"acarspp_100m3",-0.481662882341241,"NYB",42
"416",1992,"oithspp_100m3",0.197119988483173,"NYB",42
"417",1992,"spirspp_100m3",0.323434009356082,"NYB",42
"418",1992,"ctyp_100m3",-0.0606378415230405,"NYB",42
"419",1992,"sm_lg",0.822367193789329,"NYB",42
"420",1992,"calfin_100m3",-0.641291796003254,"NYB",42
"421",1993,"acarspp_100m3",0.0205028868051838,"NYB",77
"422",1993,"clauso",-0.662392936719814,"NYB",77
"423",1993,"thecos_100m3",-0.0611414545048136,"NYB",77
"424",1993,"dec_100m3",-0.182901277569366,"NYB",77
"425",1993,"euph_100m3",-0.237448222575493,"NYB",77
"426",1993,"poly_100m3",0.49365906927587,"NYB",77
"427",1993,"tlong_100m3",0.627274606600139,"NYB",77
"428",1993,"para_100m3",-0.655349439560181,"NYB",77
"429",1993,"gas_100m3",-0.49544118654056,"NYB",77
"430",1993,"oithspp_100m3",0.406179874961414,"NYB",77
"431",1993,"fish_100m3",-0.204805221259632,"NYB",77
"432",1993,"cham_100m3",-0.175650473443774,"NYB",77
"433",1993,"chaeto_100m3",0.148480694306471,"NYB",77
"434",1993,"volume_100m3",0.00988433043037449,"NYB",77
"435",1993,"mlucens_100m3",0.145255128510994,"NYB",77
"436",1993,"coel_100m3",0.307834503098813,"NYB",77
"437",1993,"hyper_100m3",-0.211579973153467,"NYB",77
"438",1993,"ctyp_100m3",-0.0501050383573411,"NYB",77
"439",1993,"evadnespp_100m3",0.169125397569726,"NYB",77
"440",1993,"euph1_100m3",-0.21329911695973,"NYB",77
"441",1993,"echino_100m3",-0.0811637808395262,"NYB",77
"442",1993,"pseudo_100m3",0.0297388425969994,"NYB",77
"443",1993,"calfin_100m3",-0.560392768766478,"NYB",77
"444",1993,"siph_100m3",0.246842007723828,"NYB",77
"445",1993,"spirspp_100m3",-0.397520649554172,"NYB",77
"446",1993,"sm_lg",0.668207253115484,"NYB",77
"447",1993,"calminor_100m3",-0.00731663136252403,"NYB",77
"448",1993,"larvaceans_100m3",0.718961586518827,"NYB",77
"449",1994,"dec_100m3",0.0928881673823818,"NYB",35
"450",1994,"para_100m3",-0.132866251758139,"NYB",35
"451",1994,"acarspp_100m3",-0.4571626781817,"NYB",35
"452",1994,"chaeto_100m3",0.00601231517358265,"NYB",35
"453",1994,"echino_100m3",0.103020679025681,"NYB",35
"454",1994,"clauso",0.143075149723023,"NYB",35
"455",1994,"hyper_100m3",-0.116615844913733,"NYB",35
"456",1994,"pseudo_100m3",-0.147723196304516,"NYB",35
"457",1994,"larvaceans_100m3",-0.206849711614287,"NYB",35
"458",1994,"oithspp_100m3",0.480108013178576,"NYB",35
"459",1994,"calminor_100m3",0.060923067238372,"NYB",35
"460",1994,"tlong_100m3",0.326400702632655,"NYB",35
"461",1994,"spirspp_100m3",0.467395681990982,"NYB",35
"462",1994,"euph_100m3",0.728505678946905,"NYB",35
"463",1994,"fish_100m3",0.215204458312073,"NYB",35
"464",1994,"cham_100m3",0.310440528304612,"NYB",35
"465",1994,"sm_lg",0.0541981781669603,"NYB",35
"466",1994,"gas_100m3",0.204168857672132,"NYB",35
"467",1994,"poly_100m3",-0.107287328412201,"NYB",35
"468",1994,"coel_100m3",-0.305559057228328,"NYB",35
"469",1994,"siph_100m3",0.54582709872404,"NYB",35
"470",1994,"thecos_100m3",-0.264998866376851,"NYB",35
"471",1994,"volume_100m3",0.126594357258687,"NYB",35
"472",1994,"euph1_100m3",0.598601544043753,"NYB",35
"473",1994,"ctyp_100m3",0.338830874796584,"NYB",35
"474",1994,"mlucens_100m3",0.20250807892648,"NYB",35
"475",1994,"calfin_100m3",0.152789049190373,"NYB",35
"476",1994,"evadnespp_100m3",-0.475790563210274,"NYB",35
"477",1995,"poly_100m3",-0.379126002668483,"NYB",101
"478",1995,"tlong_100m3",-0.181417341669866,"NYB",101
"479",1995,"acarspp_100m3",-0.596326379043006,"NYB",101
"480",1995,"calminor_100m3",0.0825253814297851,"NYB",101
"481",1995,"clauso",-0.133253749722997,"NYB",101
"482",1995,"evadnespp_100m3",-0.319080820308102,"NYB",101
"483",1995,"larvaceans_100m3",-0.784155595623827,"NYB",101
"484",1995,"chaeto_100m3",0.131120475340321,"NYB",101
"485",1995,"dec_100m3",0.251122943486288,"NYB",101
"486",1995,"euph1_100m3",0.330969764262666,"NYB",101
"487",1995,"fish_100m3",-0.708094573428326,"NYB",101
"488",1995,"hyper_100m3",0.202544164015123,"NYB",101
"489",1995,"para_100m3",0.117668717442853,"NYB",101
"490",1995,"euph_100m3",0.351746523312598,"NYB",101
"491",1995,"cham_100m3",-0.286902732074536,"NYB",101
"492",1995,"sm_lg",-0.00113957426824268,"NYB",101
"493",1995,"echino_100m3",-0.291028797811739,"NYB",101
"494",1995,"gas_100m3",0.241800509582281,"NYB",101
"495",1995,"volume_100m3",-0.131797579550884,"NYB",101
"496",1995,"pseudo_100m3",-0.485563401043894,"NYB",101
"497",1995,"thecos_100m3",0.113455341967123,"NYB",101
"498",1995,"oithspp_100m3",0.0853533675079276,"NYB",101
"499",1995,"ctyp_100m3",0.0728401894343507,"NYB",101
"500",1995,"mlucens_100m3",-0.2933317468444,"NYB",101
"501",1995,"spirspp_100m3",0.587368837889204,"NYB",101
"502",1995,"calfin_100m3",-0.219121247070244,"NYB",101
"503",1995,"siph_100m3",0.114957683151104,"NYB",101
"504",1995,"coel_100m3",0.223050990868542,"NYB",101
"505",1996,"clauso",-0.217001837148517,"NYB",97
"506",1996,"acarspp_100m3",-0.548921334227666,"NYB",97
"507",1996,"tlong_100m3",0.962340829047362,"NYB",97
"508",1996,"dec_100m3",0.0726411666649351,"NYB",97
"509",1996,"gas_100m3",0.284421767873936,"NYB",97
"510",1996,"calminor_100m3",-0.889099755686471,"NYB",97
"511",1996,"larvaceans_100m3",0.200416621439933,"NYB",97
"512",1996,"chaeto_100m3",-0.493320291165313,"NYB",97
"513",1996,"euph1_100m3",-0.10547605533536,"NYB",97
"514",1996,"fish_100m3",-0.266713817963873,"NYB",97
"515",1996,"sm_lg",1.02686920132835,"NYB",97
"516",1996,"para_100m3",0.14069070509901,"NYB",97
"517",1996,"euph_100m3",-0.0564590297124582,"NYB",97
"518",1996,"cham_100m3",1.24999527425008,"NYB",97
"519",1996,"coel_100m3",0.0749876699113217,"NYB",97
"520",1996,"echino_100m3",0.00235577670581788,"NYB",97
"521",1996,"ctyp_100m3",0.662335420272623,"NYB",97
"522",1996,"poly_100m3",0.271538377172195,"NYB",97
"523",1996,"mlucens_100m3",0.520862334369586,"NYB",97
"524",1996,"pseudo_100m3",0.329265557967794,"NYB",97
"525",1996,"thecos_100m3",-0.0128004794817356,"NYB",97
"526",1996,"volume_100m3",0.0779379374289621,"NYB",97
"527",1996,"evadnespp_100m3",0.464027223839638,"NYB",97
"528",1996,"siph_100m3",0.0986409230209874,"NYB",97
"529",1996,"hyper_100m3",-0.62448006777188,"NYB",97
"530",1996,"oithspp_100m3",0.446865316979561,"NYB",97
"531",1996,"calfin_100m3",-0.225884930943885,"NYB",97
"532",1996,"spirspp_100m3",0.831000251448842,"NYB",97
"533",1997,"acarspp_100m3",-0.498989615775546,"NYB",68
"534",1997,"euph1_100m3",0.0792822117161716,"NYB",68
"535",1997,"dec_100m3",-0.274499715165136,"NYB",68
"536",1997,"gas_100m3",0.527271738950434,"NYB",68
"537",1997,"cham_100m3",0.192179833934194,"NYB",68
"538",1997,"larvaceans_100m3",0.635583477423509,"NYB",68
"539",1997,"pseudo_100m3",0.0339506757733579,"NYB",68
"540",1997,"chaeto_100m3",0.15610939519581,"NYB",68
"541",1997,"euph_100m3",0.0664647189716768,"NYB",68
"542",1997,"echino_100m3",0.278986846998018,"NYB",68
"543",1997,"tlong_100m3",0.924915480882165,"NYB",68
"544",1997,"para_100m3",0.342106628668338,"NYB",68
"545",1997,"ctyp_100m3",0.457980338838112,"NYB",68
"546",1997,"mlucens_100m3",0.342554424633514,"NYB",68
"547",1997,"calminor_100m3",0.0132149642754107,"NYB",68
"548",1997,"clauso",0.179177086603562,"NYB",68
"549",1997,"thecos_100m3",0.692073154987684,"NYB",68
"550",1997,"poly_100m3",-0.115427095979291,"NYB",68
"551",1997,"coel_100m3",-0.356304573244932,"NYB",68
"552",1997,"calfin_100m3",-0.729146208333289,"NYB",68
"553",1997,"hyper_100m3",0.527232062591644,"NYB",68
"554",1997,"volume_100m3",0.0265666587735587,"NYB",68
"555",1997,"fish_100m3",0.037956612688261,"NYB",68
"556",1997,"sm_lg",1.13140279069025,"NYB",68
"557",1997,"siph_100m3",0.433201823700349,"NYB",68
"558",1997,"oithspp_100m3",1.15535406769345,"NYB",68
"559",1997,"evadnespp_100m3",0.771893107383071,"NYB",68
"560",1997,"spirspp_100m3",-0.0680912170932629,"NYB",68
"561",1998,"pseudo_100m3",0.828221334106736,"NYB",67
"562",1998,"dec_100m3",-0.121674611305719,"NYB",67
"563",1998,"tlong_100m3",0.884778656021533,"NYB",67
"564",1998,"poly_100m3",0.284896303383897,"NYB",67
"565",1998,"calminor_100m3",-0.176987146691474,"NYB",67
"566",1998,"chaeto_100m3",0.113962038937374,"NYB",67
"567",1998,"thecos_100m3",0.657361150124042,"NYB",67
"568",1998,"calfin_100m3",0.528280133395821,"NYB",67
"569",1998,"echino_100m3",-0.0361374003198309,"NYB",67
"570",1998,"cham_100m3",0.98176788772634,"NYB",67
"571",1998,"hyper_100m3",0.0754813404462496,"NYB",67
"572",1998,"euph_100m3",-0.0148451112149327,"NYB",67
"573",1998,"fish_100m3",-0.338944400891301,"NYB",67
"574",1998,"sm_lg",0.338616307195382,"NYB",67
"575",1998,"para_100m3",0.633559852377685,"NYB",67
"576",1998,"clauso",0.706051407984933,"NYB",67
"577",1998,"evadnespp_100m3",0.31478918790018,"NYB",67
"578",1998,"coel_100m3",0.800323802068925,"NYB",67
"579",1998,"ctyp_100m3",0.772817884510205,"NYB",67
"580",1998,"oithspp_100m3",1.02631340566422,"NYB",67
"581",1998,"euph1_100m3",0.0388124480928715,"NYB",67
"582",1998,"mlucens_100m3",1.27888124455349,"NYB",67
"583",1998,"larvaceans_100m3",-0.121094464807475,"NYB",67
"584",1998,"spirspp_100m3",0.423417409830243,"NYB",67
"585",1998,"acarspp_100m3",-0.50687951920233,"NYB",67
"586",1998,"siph_100m3",0.711042675928781,"NYB",67
"587",1998,"volume_100m3",0.10548692261368,"NYB",67
"588",1998,"gas_100m3",0.724124554944142,"NYB",67
"589",1999,"dec_100m3",0.0142007457675601,"NYB",72
"590",1999,"sm_lg",0.528384248149247,"NYB",72
"591",1999,"clauso",0.177635934274389,"NYB",72
"592",1999,"cham_100m3",-0.396898411038552,"NYB",72
"593",1999,"poly_100m3",0.150652089622233,"NYB",72
"594",1999,"echino_100m3",-0.463561708807845,"NYB",72
"595",1999,"thecos_100m3",0.486384819701239,"NYB",72
"596",1999,"gas_100m3",0.579571529717484,"NYB",72
"597",1999,"chaeto_100m3",0.32476542720947,"NYB",72
"598",1999,"spirspp_100m3",-0.125168195924149,"NYB",72
"599",1999,"larvaceans_100m3",-0.40593276367167,"NYB",72
"600",1999,"hyper_100m3",0.837628976197875,"NYB",72
"601",1999,"tlong_100m3",-0.223000792955754,"NYB",72
"602",1999,"siph_100m3",0.4543186360067,"NYB",72
"603",1999,"calminor_100m3",0.647922233729433,"NYB",72
"604",1999,"para_100m3",0.451284970279144,"NYB",72
"605",1999,"coel_100m3",0.455669225778078,"NYB",72
"606",1999,"fish_100m3",0.0948899867164083,"NYB",72
"607",1999,"oithspp_100m3",0.773096768038373,"NYB",72
"608",1999,"euph1_100m3",0.496518465930744,"NYB",72
"609",1999,"euph_100m3",0.514600327708679,"NYB",72
"610",1999,"mlucens_100m3",0.310783552579905,"NYB",72
"611",1999,"pseudo_100m3",-0.347805933916812,"NYB",72
"612",1999,"calfin_100m3",-0.688105572097374,"NYB",72
"613",1999,"evadnespp_100m3",0.158621131734387,"NYB",72
"614",1999,"volume_100m3",-0.0970099451972375,"NYB",72
"615",1999,"acarspp_100m3",0.0196898761745394,"NYB",72
"616",1999,"ctyp_100m3",0.328819842118612,"NYB",72
"617",2000,"spirspp_100m3",-0.15487039198283,"NYB",78
"618",2000,"clauso",0.575662067244761,"NYB",78
"619",2000,"sm_lg",0.547226357657563,"NYB",78
"620",2000,"hyper_100m3",0.0989335707571204,"NYB",78
"621",2000,"thecos_100m3",0.959917090135768,"NYB",78
"622",2000,"euph1_100m3",0.502298717028776,"NYB",78
"623",2000,"calminor_100m3",0.100310411699707,"NYB",78
"624",2000,"para_100m3",0.570122948636251,"NYB",78
"625",2000,"pseudo_100m3",-0.377080786585814,"NYB",78
"626",2000,"chaeto_100m3",0.0249492712770261,"NYB",78
"627",2000,"echino_100m3",-0.271917158887785,"NYB",78
"628",2000,"tlong_100m3",-0.148841246142672,"NYB",78
"629",2000,"euph_100m3",0.469257256697526,"NYB",78
"630",2000,"mlucens_100m3",0.193543354662199,"NYB",78
"631",2000,"cham_100m3",0.0758655882369852,"NYB",78
"632",2000,"coel_100m3",0.653919470418008,"NYB",78
"633",2000,"evadnespp_100m3",0.10459104415043,"NYB",78
"634",2000,"poly_100m3",0.328319258051766,"NYB",78
"635",2000,"ctyp_100m3",0.598587065074019,"NYB",78
"636",2000,"oithspp_100m3",0.793507719441175,"NYB",78
"637",2000,"dec_100m3",0.163858451796992,"NYB",78
"638",2000,"calfin_100m3",-0.510093702511934,"NYB",78
"639",2000,"fish_100m3",0.237372959994609,"NYB",78
"640",2000,"larvaceans_100m3",-0.165316665686824,"NYB",78
"641",2000,"siph_100m3",0.688561905462306,"NYB",78
"642",2000,"acarspp_100m3",-0.244573001494645,"NYB",78
"643",2000,"volume_100m3",-0.0448707293066784,"NYB",78
"644",2000,"gas_100m3",0.448769674448931,"NYB",78
"645",2001,"dec_100m3",-0.00780870718295502,"NYB",90
"646",2001,"sm_lg",0.577921786489963,"NYB",90
"647",2001,"cham_100m3",0.352053146015203,"NYB",90
"648",2001,"clauso",0.275639306908971,"NYB",90
"649",2001,"ctyp_100m3",0.482917675363304,"NYB",90
"650",2001,"poly_100m3",0.114540791192094,"NYB",90
"651",2001,"calminor_100m3",0.272250698512039,"NYB",90
"652",2001,"pseudo_100m3",0.0608264288707003,"NYB",90
"653",2001,"chaeto_100m3",0.293814381388322,"NYB",90
"654",2001,"spirspp_100m3",0.351968421322402,"NYB",90
"655",2001,"tlong_100m3",0.477971610055387,"NYB",90
"656",2001,"hyper_100m3",0.336339432691877,"NYB",90
"657",2001,"acarspp_100m3",-0.34882984352417,"NYB",90
"658",2001,"euph_100m3",-0.0116690420382536,"NYB",90
"659",2001,"volume_100m3",0.0251465168775541,"NYB",90
"660",2001,"echino_100m3",0.394069593833005,"NYB",90
"661",2001,"para_100m3",0.743991883748467,"NYB",90
"662",2001,"evadnespp_100m3",0.10527053975528,"NYB",90
"663",2001,"siph_100m3",0.0863692460828389,"NYB",90
"664",2001,"fish_100m3",-0.0437819735201121,"NYB",90
"665",2001,"thecos_100m3",-0.000947515771943387,"NYB",90
"666",2001,"calfin_100m3",-0.234479571413815,"NYB",90
"667",2001,"oithspp_100m3",0.872320428243982,"NYB",90
"668",2001,"mlucens_100m3",0.540844276572463,"NYB",90
"669",2001,"larvaceans_100m3",-0.329521150356158,"NYB",90
"670",2001,"coel_100m3",0.0567950983918181,"NYB",90
"671",2001,"gas_100m3",0.518322752410737,"NYB",90
"672",2001,"euph1_100m3",0.0028963659568038,"NYB",90
"673",2002,"ctyp_100m3",0.372833555785601,"NYB",98
"674",2002,"hyper_100m3",1.0464150373327,"NYB",98
"675",2002,"chaeto_100m3",0.120122933469722,"NYB",98
"676",2002,"cham_100m3",-0.545171697928413,"NYB",98
"677",2002,"volume_100m3",0.00280594917408914,"NYB",98
"678",2002,"echino_100m3",-0.126905438093665,"NYB",98
"679",2002,"sm_lg",-0.482212861370928,"NYB",98
"680",2002,"evadnespp_100m3",-0.684988470132683,"NYB",98
"681",2002,"thecos_100m3",0.489553543608711,"NYB",98
"682",2002,"tlong_100m3",-0.450531660627996,"NYB",98
"683",2002,"larvaceans_100m3",-0.366737215403714,"NYB",98
"684",2002,"calfin_100m3",0.207921202742574,"NYB",98
"685",2002,"acarspp_100m3",0.0880355416920248,"NYB",98
"686",2002,"mlucens_100m3",0.350529540582763,"NYB",98
"687",2002,"calminor_100m3",0.124778835387133,"NYB",98
"688",2002,"spirspp_100m3",-0.156486949926528,"NYB",98
"689",2002,"euph_100m3",0.190116383792367,"NYB",98
"690",2002,"coel_100m3",-0.38145370765878,"NYB",98
"691",2002,"fish_100m3",-0.283763541290273,"NYB",98
"692",2002,"para_100m3",1.54149605617846,"NYB",98
"693",2002,"oithspp_100m3",1.01354947798099,"NYB",98
"694",2002,"euph1_100m3",0.170705807168208,"NYB",98
"695",2002,"poly_100m3",-0.43690276644333,"NYB",98
"696",2002,"siph_100m3",-0.395902031077996,"NYB",98
"697",2002,"dec_100m3",-0.260172674014228,"NYB",98
"698",2002,"gas_100m3",0.0999992102632624,"NYB",98
"699",2002,"pseudo_100m3",-0.474296831742608,"NYB",98
"700",2002,"clauso",1.03462418177703,"NYB",98
"701",2003,"ctyp_100m3",0.251814079925474,"NYB",62
"702",2003,"thecos_100m3",-0.105057667841088,"NYB",62
"703",2003,"chaeto_100m3",0.199818281123636,"NYB",62
"704",2003,"evadnespp_100m3",0.412215599443838,"NYB",62
"705",2003,"cham_100m3",-0.451000791642338,"NYB",62
"706",2003,"hyper_100m3",0.393309505360879,"NYB",62
"707",2003,"sm_lg",-0.550775214640016,"NYB",62
"708",2003,"calfin_100m3",0.407027825043578,"NYB",62
"709",2003,"euph1_100m3",0.176648793684926,"NYB",62
"710",2003,"calminor_100m3",0.614945357079406,"NYB",62
"711",2003,"larvaceans_100m3",-0.661048729804258,"NYB",62
"712",2003,"spirspp_100m3",-0.158730845052341,"NYB",62
"713",2003,"fish_100m3",-0.258484851203186,"NYB",62
"714",2003,"tlong_100m3",-0.0902499983639202,"NYB",62
"715",2003,"siph_100m3",0.288413462622304,"NYB",62
"716",2003,"para_100m3",1.12917738501728,"NYB",62
"717",2003,"euph_100m3",0.188592160813259,"NYB",62
"718",2003,"volume_100m3",0.0128217502690155,"NYB",62
"719",2003,"echino_100m3",0.0143000184401523,"NYB",62
"720",2003,"pseudo_100m3",-0.28555284830497,"NYB",62
"721",2003,"oithspp_100m3",0.293658849300614,"NYB",62
"722",2003,"poly_100m3",-0.0817084205440525,"NYB",62
"723",2003,"mlucens_100m3",0.177618826990761,"NYB",62
"724",2003,"dec_100m3",-0.373138193084454,"NYB",62
"725",2003,"gas_100m3",-0.161328417467804,"NYB",62
"726",2003,"coel_100m3",-0.370437888414529,"NYB",62
"727",2003,"clauso",1.09357860502113,"NYB",62
"728",2003,"acarspp_100m3",-0.436630814313453,"NYB",62
"729",2004,"tlong_100m3",-0.26136374143906,"NYB",93
"730",2004,"cham_100m3",-0.312887753609745,"NYB",93
"731",2004,"thecos_100m3",0.313548222122328,"NYB",93
"732",2004,"ctyp_100m3",-0.0478580214331422,"NYB",93
"733",2004,"calminor_100m3",0.0732202822655667,"NYB",93
"734",2004,"spirspp_100m3",0.523436036571285,"NYB",93
"735",2004,"chaeto_100m3",0.258902187953494,"NYB",93
"736",2004,"calfin_100m3",0.673306543283649,"NYB",93
"737",2004,"euph1_100m3",0.00668816223298827,"NYB",93
"738",2004,"sm_lg",-0.841438886901696,"NYB",93
"739",2004,"dec_100m3",-0.466082137401678,"NYB",93
"740",2004,"fish_100m3",-0.392233125401037,"NYB",93
"741",2004,"volume_100m3",0.018031671444699,"NYB",93
"742",2004,"siph_100m3",-0.430212564965065,"NYB",93
"743",2004,"para_100m3",0.729287885188868,"NYB",93
"744",2004,"euph_100m3",0.0224281941548662,"NYB",93
"745",2004,"evadnespp_100m3",-0.14339045732244,"NYB",93
"746",2004,"echino_100m3",-0.638809121630095,"NYB",93
"747",2004,"pseudo_100m3",-0.0504198579902419,"NYB",93
"748",2004,"gas_100m3",0.559784452114726,"NYB",93
"749",2004,"oithspp_100m3",0.478218909900173,"NYB",93
"750",2004,"poly_100m3",-0.317560747640929,"NYB",93
"751",2004,"hyper_100m3",0.476823124424463,"NYB",93
"752",2004,"acarspp_100m3",-0.293537592938843,"NYB",93
"753",2004,"mlucens_100m3",0.314949035714912,"NYB",93
"754",2004,"clauso",0.675162012726657,"NYB",93
"755",2004,"coel_100m3",-0.274733676109793,"NYB",93
"756",2004,"larvaceans_100m3",-0.644796173475323,"NYB",93
"757",2005,"hyper_100m3",0.233186276562943,"NYB",101
"758",2005,"thecos_100m3",-0.161034092973891,"NYB",101
"759",2005,"calminor_100m3",0.106757478135104,"NYB",101
"760",2005,"spirspp_100m3",-0.216391842931723,"NYB",101
"761",2005,"pseudo_100m3",-0.139671816266564,"NYB",101
"762",2005,"sm_lg",-0.9255480330549,"NYB",101
"763",2005,"calfin_100m3",0.803783590381275,"NYB",101
"764",2005,"cham_100m3",0.120793369465396,"NYB",101
"765",2005,"tlong_100m3",0.0286489424160524,"NYB",101
"766",2005,"larvaceans_100m3",1.13031525936244,"NYB",101
"767",2005,"dec_100m3",-0.316946604130334,"NYB",101
"768",2005,"volume_100m3",0.069570403111878,"NYB",101
"769",2005,"siph_100m3",-0.134826890178012,"NYB",101
"770",2005,"echino_100m3",0.466791588719484,"NYB",101
"771",2005,"para_100m3",-0.159887759848093,"NYB",101
"772",2005,"ctyp_100m3",-0.496828266309383,"NYB",101
"773",2005,"coel_100m3",-0.203476137246031,"NYB",101
"774",2005,"mlucens_100m3",0.0973584576328014,"NYB",101
"775",2005,"chaeto_100m3",0.226674639096386,"NYB",101
"776",2005,"poly_100m3",0.0788389385694566,"NYB",101
"777",2005,"euph1_100m3",0.30978510688703,"NYB",101
"778",2005,"evadnespp_100m3",-0.0204662108791639,"NYB",101
"779",2005,"acarspp_100m3",-0.169498234564148,"NYB",101
"780",2005,"fish_100m3",-0.251291830623594,"NYB",101
"781",2005,"oithspp_100m3",0.35257465254498,"NYB",101
"782",2005,"clauso",0.113333825744182,"NYB",101
"783",2005,"euph_100m3",0.384473732582261,"NYB",101
"784",2005,"gas_100m3",-0.418059825448643,"NYB",101
"785",2006,"poly_100m3",-0.0722434557925263,"NYB",123
"786",2006,"mlucens_100m3",0.471311898189254,"NYB",123
"787",2006,"volume_100m3",0.0558346977126383,"NYB",123
"788",2006,"ctyp_100m3",-0.24748762990059,"NYB",123
"789",2006,"cham_100m3",-0.662938177689364,"NYB",123
"790",2006,"thecos_100m3",0.636623596756031,"NYB",123
"791",2006,"euph1_100m3",0.247010779986896,"NYB",123
"792",2006,"fish_100m3",-0.445797840011138,"NYB",123
"793",2006,"pseudo_100m3",-0.386692543611113,"NYB",123
"794",2006,"hyper_100m3",0.593550521607353,"NYB",123
"795",2006,"spirspp_100m3",0.0677044855788523,"NYB",123
"796",2006,"evadnespp_100m3",-0.00784106951580028,"NYB",123
"797",2006,"tlong_100m3",-0.516920101652005,"NYB",123
"798",2006,"calminor_100m3",0.637357020901655,"NYB",123
"799",2006,"sm_lg",-0.713486364841272,"NYB",123
"800",2006,"oithspp_100m3",0.537329679334549,"NYB",123
"801",2006,"siph_100m3",0.346865278515117,"NYB",123
"802",2006,"echino_100m3",0.177149501880611,"NYB",123
"803",2006,"chaeto_100m3",0.434220555800931,"NYB",123
"804",2006,"dec_100m3",0.0882317961648142,"NYB",123
"805",2006,"euph_100m3",0.327822882851069,"NYB",123
"806",2006,"coel_100m3",0.186202791231206,"NYB",123
"807",2006,"larvaceans_100m3",0.214029821249524,"NYB",123
"808",2006,"para_100m3",1.21940894584747,"NYB",123
"809",2006,"gas_100m3",0.411401635487737,"NYB",123
"810",2006,"calfin_100m3",0.259976751628004,"NYB",123
"811",2006,"acarspp_100m3",-0.239964054736689,"NYB",123
"812",2006,"clauso",0.700755152811041,"NYB",123
"813",2007,"thecos_100m3",0.454584435332762,"NYB",107
"814",2007,"volume_100m3",0.0305264295237838,"NYB",107
"815",2007,"spirspp_100m3",-0.0362024988082119,"NYB",107
"816",2007,"ctyp_100m3",0.262857973142334,"NYB",107
"817",2007,"chaeto_100m3",-0.195704650243312,"NYB",107
"818",2007,"clauso",0.115544310251866,"NYB",107
"819",2007,"euph1_100m3",-0.191431347554099,"NYB",107
"820",2007,"mlucens_100m3",-0.238429662865679,"NYB",107
"821",2007,"calfin_100m3",0.151470241908289,"NYB",107
"822",2007,"larvaceans_100m3",-0.481764441332226,"NYB",107
"823",2007,"dec_100m3",-0.356770910570648,"NYB",107
"824",2007,"evadnespp_100m3",-0.636287640861886,"NYB",107
"825",2007,"hyper_100m3",0.984388275971748,"NYB",107
"826",2007,"calminor_100m3",0.15146101224163,"NYB",107
"827",2007,"sm_lg",-0.415827596731449,"NYB",107
"828",2007,"poly_100m3",-0.474067379508071,"NYB",107
"829",2007,"cham_100m3",-0.291710990428072,"NYB",107
"830",2007,"pseudo_100m3",-0.667585118338192,"NYB",107
"831",2007,"oithspp_100m3",0.0383330759327938,"NYB",107
"832",2007,"fish_100m3",-0.326605649973191,"NYB",107
"833",2007,"euph_100m3",-0.110419669595361,"NYB",107
"834",2007,"tlong_100m3",-0.360991283668708,"NYB",107
"835",2007,"acarspp_100m3",-0.0553607647236881,"NYB",107
"836",2007,"para_100m3",0.145956796797324,"NYB",107
"837",2007,"siph_100m3",-0.544375917761302,"NYB",107
"838",2007,"echino_100m3",-0.394127233617233,"NYB",107
"839",2007,"gas_100m3",-0.0158485369700017,"NYB",107
"840",2007,"coel_100m3",-0.279235697066607,"NYB",107
"841",2008,"euph1_100m3",-0.0324061522016171,"NYB",91
"842",2008,"spirspp_100m3",0.0331167546224903,"NYB",91
"843",2008,"cham_100m3",-0.341733990800644,"NYB",91
"844",2008,"thecos_100m3",0.559985350873214,"NYB",91
"845",2008,"chaeto_100m3",0.0120590574268959,"NYB",91
"846",2008,"oithspp_100m3",0.278007714416976,"NYB",91
"847",2008,"calfin_100m3",0.159951333567747,"NYB",91
"848",2008,"tlong_100m3",0.151432194853294,"NYB",91
"849",2008,"hyper_100m3",0.433518467273964,"NYB",91
"850",2008,"dec_100m3",0.145321555914409,"NYB",91
"851",2008,"euph_100m3",-0.074647259687013,"NYB",91
"852",2008,"siph_100m3",0.879808640486442,"NYB",91
"853",2008,"calminor_100m3",0.694570843406437,"NYB",91
"854",2008,"sm_lg",-0.118086991904508,"NYB",91
"855",2008,"poly_100m3",0.143786375946871,"NYB",91
"856",2008,"coel_100m3",0.328797841105176,"NYB",91
"857",2008,"pseudo_100m3",-0.0554572092937129,"NYB",91
"858",2008,"clauso",0.362359535959474,"NYB",91
"859",2008,"fish_100m3",0.0045915333338555,"NYB",91
"860",2008,"mlucens_100m3",0.455650012590689,"NYB",91
"861",2008,"larvaceans_100m3",0.209575187305398,"NYB",91
"862",2008,"para_100m3",0.359278470406025,"NYB",91
"863",2008,"evadnespp_100m3",0.947888764043263,"NYB",91
"864",2008,"volume_100m3",0.106879657170826,"NYB",91
"865",2008,"gas_100m3",0.516470525919881,"NYB",91
"866",2008,"echino_100m3",0.569423390255107,"NYB",91
"867",2008,"acarspp_100m3",-0.27597115599717,"NYB",91
"868",2008,"ctyp_100m3",0.41321637189402,"NYB",91
"869",2009,"thecos_100m3",0.7022975915041,"NYB",99
"870",2009,"dec_100m3",-0.333046446201198,"NYB",99
"871",2009,"sm_lg",-0.444123905481518,"NYB",99
"872",2009,"pseudo_100m3",-0.484328049255785,"NYB",99
"873",2009,"chaeto_100m3",0.169642948927628,"NYB",99
"874",2009,"oithspp_100m3",0.278479481686155,"NYB",99
"875",2009,"calfin_100m3",0.190423692943975,"NYB",99
"876",2009,"hyper_100m3",0.625995546024778,"NYB",99
"877",2009,"acarspp_100m3",-0.194246233767355,"NYB",99
"878",2009,"tlong_100m3",-0.15772611237832,"NYB",99
"879",2009,"spirspp_100m3",-0.258932610479035,"NYB",99
"880",2009,"calminor_100m3",0.637125332161603,"NYB",99
"881",2009,"para_100m3",0.247637082842742,"NYB",99
"882",2009,"cham_100m3",-0.243755598394974,"NYB",99
"883",2009,"larvaceans_100m3",-0.36439394925479,"NYB",99
"884",2009,"ctyp_100m3",-0.128991090121094,"NYB",99
"885",2009,"clauso",0.400187706609351,"NYB",99
"886",2009,"gas_100m3",0.153235004277054,"NYB",99
"887",2009,"echino_100m3",-0.17170479939464,"NYB",99
"888",2009,"mlucens_100m3",0.125396503680316,"NYB",99
"889",2009,"siph_100m3",-0.684159503938374,"NYB",99
"890",2009,"volume_100m3",0.00471016732961535,"NYB",99
"891",2009,"fish_100m3",-0.187330192416091,"NYB",99
"892",2009,"evadnespp_100m3",-0.484388875286552,"NYB",99
"893",2009,"coel_100m3",-0.342555926604147,"NYB",99
"894",2009,"euph_100m3",-0.0913363099057649,"NYB",99
"895",2009,"euph1_100m3",-0.197760556734643,"NYB",99
"896",2009,"poly_100m3",-0.594305762668721,"NYB",99
"897",2010,"chaeto_100m3",-0.142045918509421,"NYB",88
"898",2010,"calminor_100m3",-0.0301226605487107,"NYB",88
"899",2010,"cham_100m3",-0.0474734535168578,"NYB",88
"900",2010,"thecos_100m3",0.163275480458386,"NYB",88
"901",2010,"oithspp_100m3",0.0755507100648144,"NYB",88
"902",2010,"euph_100m3",0.196221290163312,"NYB",88
"903",2010,"clauso",-0.217304940572599,"NYB",88
"904",2010,"pseudo_100m3",-0.133709401156078,"NYB",88
"905",2010,"euph1_100m3",0.0605871052919346,"NYB",88
"906",2010,"ctyp_100m3",0.00962349232788404,"NYB",88
"907",2010,"hyper_100m3",-0.204530711268649,"NYB",88
"908",2010,"tlong_100m3",-0.181912991742615,"NYB",88
"909",2010,"spirspp_100m3",-0.450905835553101,"NYB",88
"910",2010,"fish_100m3",0.251164972990177,"NYB",88
"911",2010,"coel_100m3",0.0312360738624105,"NYB",88
"912",2010,"evadnespp_100m3",0.429387211232761,"NYB",88
"913",2010,"sm_lg",0.113460088514997,"NYB",88
"914",2010,"larvaceans_100m3",0.0611151688844586,"NYB",88
"915",2010,"poly_100m3",0.0180508410587765,"NYB",88
"916",2010,"gas_100m3",-0.626719406218773,"NYB",88
"917",2010,"calfin_100m3",-0.201828177036913,"NYB",88
"918",2010,"echino_100m3",1.20375513867737,"NYB",88
"919",2010,"mlucens_100m3",-0.168603630408389,"NYB",88
"920",2010,"acarspp_100m3",-0.101840061532373,"NYB",88
"921",2010,"dec_100m3",0.0925858915048457,"NYB",88
"922",2010,"siph_100m3",0.697698289022319,"NYB",88
"923",2010,"volume_100m3",-0.0707240235474041,"NYB",88
"924",2010,"para_100m3",-0.235488318913858,"NYB",88
"925",2011,"cham_100m3",0.329679769747133,"NYB",79
"926",2011,"thecos_100m3",1.03928233752202,"NYB",79
"927",2011,"chaeto_100m3",0.345736389985158,"NYB",79
"928",2011,"ctyp_100m3",0.216748675606494,"NYB",79
"929",2011,"oithspp_100m3",0.286912710628479,"NYB",79
"930",2011,"spirspp_100m3",-0.537608387037328,"NYB",79
"931",2011,"sm_lg",0.500357559434514,"NYB",79
"932",2011,"clauso",-0.223622487228398,"NYB",79
"933",2011,"pseudo_100m3",-0.274736547450033,"NYB",79
"934",2011,"evadnespp_100m3",0.0739900521863379,"NYB",79
"935",2011,"calfin_100m3",-0.433466455549397,"NYB",79
"936",2011,"hyper_100m3",-0.115340461445457,"NYB",79
"937",2011,"tlong_100m3",-0.00412748236312751,"NYB",79
"938",2011,"volume_100m3",-6.12222017949852e-06,"NYB",79
"939",2011,"euph1_100m3",-0.406838993275533,"NYB",79
"940",2011,"calminor_100m3",0.129041221725419,"NYB",79
"941",2011,"poly_100m3",0.640781818419679,"NYB",79
"942",2011,"echino_100m3",1.12307308249128,"NYB",79
"943",2011,"larvaceans_100m3",-0.160821812030616,"NYB",79
"944",2011,"siph_100m3",0.250952555851872,"NYB",79
"945",2011,"fish_100m3",0.288207456899307,"NYB",79
"946",2011,"euph_100m3",-0.413028520347347,"NYB",79
"947",2011,"dec_100m3",-0.00523237284481755,"NYB",79
"948",2011,"mlucens_100m3",-0.516354198161008,"NYB",79
"949",2011,"para_100m3",0.273366504026307,"NYB",79
"950",2011,"coel_100m3",0.326557405819797,"NYB",79
"951",2011,"gas_100m3",0.228665725513706,"NYB",79
"952",2011,"acarspp_100m3",0.163098964955274,"NYB",79
"953",2012,"euph1_100m3",0.0546564297553413,"NYB",113
"954",2012,"sm_lg",-0.497086678904348,"NYB",113
"955",2012,"spirspp_100m3",-0.629028870491323,"NYB",113
"956",2012,"pseudo_100m3",-0.96097153289307,"NYB",113
"957",2012,"hyper_100m3",0.641833634755133,"NYB",113
"958",2012,"calminor_100m3",0.232163511829783,"NYB",113
"959",2012,"evadnespp_100m3",-0.0372336981118617,"NYB",113
"960",2012,"cham_100m3",-0.46471043869142,"NYB",113
"961",2012,"chaeto_100m3",0.193596045325158,"NYB",113
"962",2012,"ctyp_100m3",-0.0461950275191329,"NYB",113
"963",2012,"calfin_100m3",-0.0544805617013575,"NYB",113
"964",2012,"tlong_100m3",-0.7343919633192,"NYB",113
"965",2012,"volume_100m3",-0.0661162299023476,"NYB",113
"966",2012,"euph_100m3",0.120326301056747,"NYB",113
"967",2012,"coel_100m3",-0.13769660923264,"NYB",113
"968",2012,"para_100m3",0.547380560590982,"NYB",113
"969",2012,"siph_100m3",-0.158787375805752,"NYB",113
"970",2012,"poly_100m3",-0.13226829500465,"NYB",113
"971",2012,"thecos_100m3",1.39044441926307,"NYB",113
"972",2012,"oithspp_100m3",0.485404021297107,"NYB",113
"973",2012,"gas_100m3",0.810823234126605,"NYB",113
"974",2012,"echino_100m3",-0.196385419192813,"NYB",113
"975",2012,"clauso",0.630330869533478,"NYB",113
"976",2012,"larvaceans_100m3",-0.486735693068993,"NYB",113
"977",2012,"dec_100m3",-0.157690590444315,"NYB",113
"978",2012,"acarspp_100m3",-0.300888715864945,"NYB",113
"979",2012,"fish_100m3",-0.130273246991059,"NYB",113
"980",2012,"mlucens_100m3",-0.243254683526976,"NYB",113
"981",2013,"calfin_100m3",-0.0954760807340969,"NYB",81
"982",2013,"evadnespp_100m3",0.316362561459386,"NYB",81
"983",2013,"hyper_100m3",0.660101318158303,"NYB",81
"984",2013,"oithspp_100m3",0.593196885690047,"NYB",81
"985",2013,"calminor_100m3",0.322422282504393,"NYB",81
"986",2013,"sm_lg",-0.0979359979115777,"NYB",81
"987",2013,"para_100m3",0.957045344474976,"NYB",81
"988",2013,"pseudo_100m3",-0.466066866810897,"NYB",81
"989",2013,"chaeto_100m3",0.327600466936956,"NYB",81
"990",2013,"gas_100m3",0.118233041275785,"NYB",81
"991",2013,"cham_100m3",-0.491136648270876,"NYB",81
"992",2013,"tlong_100m3",0.199016010423958,"NYB",81
"993",2013,"volume_100m3",-0.0334371953329831,"NYB",81
"994",2013,"dec_100m3",-0.449454495148867,"NYB",81
"995",2013,"euph_100m3",0.110398322228271,"NYB",81
"996",2013,"ctyp_100m3",-0.0154608099248835,"NYB",81
"997",2013,"echino_100m3",0.507603427431052,"NYB",81
"998",2013,"clauso",0.729791630508197,"NYB",81
"999",2013,"poly_100m3",0.353046479900455,"NYB",81
"1000",2013,"thecos_100m3",0.632297660126023,"NYB",81
"1001",2013,"mlucens_100m3",-0.462126204960025,"NYB",81
"1002",2013,"larvaceans_100m3",-0.561208814881921,"NYB",81
"1003",2013,"spirspp_100m3",-0.803610864383464,"NYB",81
"1004",2013,"acarspp_100m3",-0.390262972199623,"NYB",81
"1005",2013,"coel_100m3",-0.178819103871667,"NYB",81
"1006",2013,"siph_100m3",0.134815795966965,"NYB",81
"1007",2013,"euph1_100m3",0.0798133783961268,"NYB",81
"1008",2013,"fish_100m3",0.0486354757803708,"NYB",81
"1009",2014,"cham_100m3",-0.274943089512441,"NYB",48
"1010",2014,"spirspp_100m3",-0.750102655179715,"NYB",48
"1011",2014,"evadnespp_100m3",0.321113605932743,"NYB",48
"1012",2014,"hyper_100m3",0.422788372130644,"NYB",48
"1013",2014,"calminor_100m3",0.392968316334585,"NYB",48
"1014",2014,"calfin_100m3",-0.897166216767079,"NYB",48
"1015",2014,"coel_100m3",0.275899126967906,"NYB",48
"1016",2014,"chaeto_100m3",0.297866510078386,"NYB",48
"1017",2014,"ctyp_100m3",-0.137167048483166,"NYB",48
"1018",2014,"acarspp_100m3",-0.296180644194831,"NYB",48
"1019",2014,"pseudo_100m3",-0.619125186770013,"NYB",48
"1020",2014,"volume_100m3",-0.049822759885792,"NYB",48
"1021",2014,"dec_100m3",-0.42119654498709,"NYB",48
"1022",2014,"euph_100m3",0.301434126426358,"NYB",48
"1023",2014,"para_100m3",0.372779770527716,"NYB",48
"1024",2014,"euph1_100m3",0.357553407266312,"NYB",48
"1025",2014,"echino_100m3",1.2808371106895,"NYB",48
"1026",2014,"poly_100m3",0.401743846985216,"NYB",48
"1027",2014,"oithspp_100m3",0.728785094547792,"NYB",48
"1028",2014,"tlong_100m3",0.0210733187502139,"NYB",48
"1029",2014,"larvaceans_100m3",0.754980205430208,"NYB",48
"1030",2014,"thecos_100m3",0.599414670042309,"NYB",48
"1031",2014,"fish_100m3",0.23270738137266,"NYB",48
"1032",2014,"gas_100m3",0.227813034126177,"NYB",48
"1033",2014,"siph_100m3",0.217807310826098,"NYB",48
"1034",2014,"sm_lg",0.644625715263227,"NYB",48
"1035",2014,"mlucens_100m3",-0.603097590256238,"NYB",48
"1036",2014,"clauso",0.198951139502445,"NYB",48
"1037",2015,"cham_100m3",0.132554710308373,"NYB",66
"1038",2015,"evadnespp_100m3",0.655769903156814,"NYB",66
"1039",2015,"para_100m3",0.125798687791898,"NYB",66
"1040",2015,"spirspp_100m3",-0.707370583453429,"NYB",66
"1041",2015,"oithspp_100m3",0.671450257164519,"NYB",66
"1042",2015,"ctyp_100m3",-0.36070427043363,"NYB",66
"1043",2015,"hyper_100m3",0.0422496915735726,"NYB",66
"1044",2015,"chaeto_100m3",-0.0178462709849225,"NYB",66
"1045",2015,"thecos_100m3",0.986544135205595,"NYB",66
"1046",2015,"calfin_100m3",-0.674949221768775,"NYB",66
"1047",2015,"tlong_100m3",0.723253646402587,"NYB",66
"1048",2015,"larvaceans_100m3",1.36742227006037,"NYB",66
"1049",2015,"dec_100m3",-0.000761744168035983,"NYB",66
"1050",2015,"euph_100m3",-0.181104362246037,"NYB",66
"1051",2015,"coel_100m3",0.33108274852331,"NYB",66
"1052",2015,"calminor_100m3",0.353232004079978,"NYB",66
"1053",2015,"sm_lg",0.76698966324003,"NYB",66
"1054",2015,"gas_100m3",0.578074514220153,"NYB",66
"1055",2015,"euph1_100m3",-0.181667172354719,"NYB",66
"1056",2015,"pseudo_100m3",-0.126942320392309,"NYB",66
"1057",2015,"clauso",0.172429588164098,"NYB",66
"1058",2015,"fish_100m3",0.144122111539219,"NYB",66
"1059",2015,"acarspp_100m3",0.218351229402035,"NYB",66
"1060",2015,"volume_100m3",-0.0958572784698236,"NYB",66
"1061",2015,"siph_100m3",0.44594758338608,"NYB",66
"1062",2015,"poly_100m3",0.32962330992732,"NYB",66
"1063",2015,"echino_100m3",0.471894155052763,"NYB",66
"1064",2015,"mlucens_100m3",-0.395165366348486,"NYB",66
"1065",2016,"tlong_100m3",0.634496094924005,"NYB",78
"1066",2016,"euph_100m3",0.149028643183023,"NYB",78
"1067",2016,"ctyp_100m3",0.235848011356902,"NYB",78
"1068",2016,"hyper_100m3",-0.0830594896392912,"NYB",78
"1069",2016,"poly_100m3",0.580859023868187,"NYB",78
"1070",2016,"pseudo_100m3",0.227801451028289,"NYB",78
"1071",2016,"chaeto_100m3",-0.0998512188925095,"NYB",78
"1072",2016,"thecos_100m3",1.32458330896459,"NYB",78
"1073",2016,"evadnespp_100m3",1.49172253341021,"NYB",78
"1074",2016,"mlucens_100m3",-0.0541596216451985,"NYB",78
"1075",2016,"volume_100m3",-0.136935867156067,"NYB",78
"1076",2016,"dec_100m3",-0.141127218223072,"NYB",78
"1077",2016,"spirspp_100m3",-0.664999489539394,"NYB",78
"1078",2016,"para_100m3",0.102355568867941,"NYB",78
"1079",2016,"coel_100m3",0.836154804176256,"NYB",78
"1080",2016,"cham_100m3",0.29872623061741,"NYB",78
"1081",2016,"calminor_100m3",0.297618521672219,"NYB",78
"1082",2016,"oithspp_100m3",0.449863755376038,"NYB",78
"1083",2016,"calfin_100m3",-0.443561723305151,"NYB",78
"1084",2016,"echino_100m3",0.299914212032052,"NYB",78
"1085",2016,"clauso",0.519786402278293,"NYB",78
"1086",2016,"fish_100m3",0.120651842897377,"NYB",78
"1087",2016,"acarspp_100m3",-0.197534305214142,"NYB",78
"1088",2016,"larvaceans_100m3",1.00069306192748,"NYB",78
"1089",2016,"siph_100m3",0.211148483136855,"NYB",78
"1090",2016,"sm_lg",0.792779670286802,"NYB",78
"1091",2016,"euph1_100m3",0.213238229794666,"NYB",78
"1092",2016,"gas_100m3",0.668984048334395,"NYB",78
"1093",2017,"hyper_100m3",0.608612073904364,"NYB",67
"1094",2017,"cham_100m3",0.0537084697285078,"NYB",67
"1095",2017,"spirspp_100m3",-0.900917045825628,"NYB",67
"1096",2017,"para_100m3",0.310649258116214,"NYB",67
"1097",2017,"tlong_100m3",0.0355639619006004,"NYB",67
"1098",2017,"pseudo_100m3",-0.602266120534008,"NYB",67
"1099",2017,"chaeto_100m3",0.272095977122175,"NYB",67
"1100",2017,"thecos_100m3",0.505395831644823,"NYB",67
"1101",2017,"evadnespp_100m3",-0.217203638664017,"NYB",67
"1102",2017,"mlucens_100m3",-0.402233553441408,"NYB",67
"1103",2017,"volume_100m3",-0.089338174335324,"NYB",67
"1104",2017,"dec_100m3",-0.562008157272282,"NYB",67
"1105",2017,"oithspp_100m3",0.0786217928205085,"NYB",67
"1106",2017,"gas_100m3",-0.189484769860098,"NYB",67
"1107",2017,"ctyp_100m3",0.103402189209106,"NYB",67
"1108",2017,"calminor_100m3",0.415475224954916,"NYB",67
"1109",2017,"euph_100m3",-0.132231701543238,"NYB",67
"1110",2017,"acarspp_100m3",-0.225487913867615,"NYB",67
"1111",2017,"calfin_100m3",-0.757779182168675,"NYB",67
"1112",2017,"echino_100m3",-0.0145809418810727,"NYB",67
"1113",2017,"clauso",0.308496479338915,"NYB",67
"1114",2017,"sm_lg",0.655381307244727,"NYB",67
"1115",2017,"poly_100m3",-0.268950683209703,"NYB",67
"1116",2017,"larvaceans_100m3",-0.310637959683425,"NYB",67
"1117",2017,"siph_100m3",-0.0183892258022582,"NYB",67
"1118",2017,"fish_100m3",-0.41772689558992,"NYB",67
"1119",2017,"coel_100m3",-0.1562345527298,"NYB",67
"1120",2017,"euph1_100m3",-0.132206640503695,"NYB",67
"1121",2018,"euph_100m3",0.161773666757959,"NYB",76
"1122",2018,"volume_100m3",0.166069489092779,"NYB",76
"1123",2018,"tlong_100m3",-0.163956350900147,"NYB",76
"1124",2018,"acarspp_100m3",-0.693731422442039,"NYB",76
"1125",2018,"ctyp_100m3",0.22415406674345,"NYB",76
"1126",2018,"pseudo_100m3",0.0611212113359401,"NYB",76
"1127",2018,"hyper_100m3",0.00489179498920599,"NYB",76
"1128",2018,"thecos_100m3",0.216733075232042,"NYB",76
"1129",2018,"calfin_100m3",0.0770226155971653,"NYB",76
"1130",2018,"larvaceans_100m3",0.907282023518516,"NYB",76
"1131",2018,"dec_100m3",0.0143367678409641,"NYB",76
"1132",2018,"calminor_100m3",0.481530154801833,"NYB",76
"1133",2018,"para_100m3",0.863220010707003,"NYB",76
"1134",2018,"evadnespp_100m3",0.762846367940944,"NYB",76
"1135",2018,"cham_100m3",0.0618282299856753,"NYB",76
"1136",2018,"chaeto_100m3",0.483368361975672,"NYB",76
"1137",2018,"gas_100m3",0.147208135675652,"NYB",76
"1138",2018,"oithspp_100m3",0.783583117854649,"NYB",76
"1139",2018,"echino_100m3",0.543693647168396,"NYB",76
"1140",2018,"siph_100m3",0.666070035767824,"NYB",76
"1141",2018,"fish_100m3",0.562975650810775,"NYB",76
"1142",2018,"spirspp_100m3",-0.729877492554431,"NYB",76
"1143",2018,"mlucens_100m3",0.42584360779009,"NYB",76
"1144",2018,"coel_100m3",0.630617199064686,"NYB",76
"1145",2018,"clauso",0.105062715239635,"NYB",76
"1146",2018,"poly_100m3",0.353547674667697,"NYB",76
"1147",2018,"sm_lg",-0.0312358263059358,"NYB",76
"1148",2018,"euph1_100m3",0.181498268738756,"NYB",76
"1149",2019,"larvaceans_100m3",0.593103663159961,"NYB",85
"1150",2019,"chaeto_100m3",0.470514580690806,"NYB",85
"1151",2019,"para_100m3",-0.147584110157511,"NYB",85
"1152",2019,"tlong_100m3",0.0726600308701802,"NYB",85
"1153",2019,"cham_100m3",-0.203070832308861,"NYB",85
"1154",2019,"pseudo_100m3",-0.251641719800713,"NYB",85
"1155",2019,"poly_100m3",0.199641052440599,"NYB",85
"1156",2019,"acarspp_100m3",-0.7749296842185,"NYB",85
"1157",2019,"mlucens_100m3",0.0943750245145585,"NYB",85
"1158",2019,"siph_100m3",0.240348066956795,"NYB",85
"1159",2019,"fish_100m3",0.254254914539265,"NYB",85
"1160",2019,"euph_100m3",-0.00937647628605314,"NYB",85
"1161",2019,"evadnespp_100m3",0.817585662154338,"NYB",85
"1162",2019,"coel_100m3",0.601932920502906,"NYB",85
"1163",2019,"hyper_100m3",0.358833043234519,"NYB",85
"1164",2019,"ctyp_100m3",-0.184047516567572,"NYB",85
"1165",2019,"oithspp_100m3",0.533602627135926,"NYB",85
"1166",2019,"euph1_100m3",0.0459368247412785,"NYB",85
"1167",2019,"echino_100m3",0.364641032243435,"NYB",85
"1168",2019,"calfin_100m3",0.226966093307591,"NYB",85
"1169",2019,"thecos_100m3",0.598585299536619,"NYB",85
"1170",2019,"gas_100m3",0.583306976180309,"NYB",85
"1171",2019,"dec_100m3",0.677487557455635,"NYB",85
"1172",2019,"volume_100m3",0.0375675521759485,"NYB",85
"1173",2019,"spirspp_100m3",-0.74306673018613,"NYB",85
"1174",2019,"calminor_100m3",0.309924270333433,"NYB",85
"1175",2019,"sm_lg",-0.368491102759332,"NYB",85
"1176",2019,"clauso",-0.4397820923679,"NYB",85
"1177",2020,"mlucens_100m3",0.875652291996384,"NYB",6
"1178",2020,"evadnespp_100m3",-0.476738988471919,"NYB",6
"1179",2020,"pseudo_100m3",-0.446826879588732,"NYB",6
"1180",2020,"oithspp_100m3",-0.825838112605993,"NYB",6
"1181",2020,"euph1_100m3",0.574732832775455,"NYB",6
"1182",2020,"euph_100m3",0.548627612855447,"NYB",6
"1183",2020,"thecos_100m3",2.70197979076606,"NYB",6
"1184",2020,"calfin_100m3",0.412653892800696,"NYB",6
"1185",2020,"larvaceans_100m3",0.142970921058845,"NYB",6
"1186",2020,"chaeto_100m3",0.581754552356205,"NYB",6
"1187",2020,"hyper_100m3",1.21991158525103,"NYB",6
"1188",2020,"tlong_100m3",-1.39981007100966,"NYB",6
"1189",2020,"coel_100m3",-0.658668445953165,"NYB",6
"1190",2020,"cham_100m3",-1.11924215050852,"NYB",6
"1191",2020,"calminor_100m3",0.33723052497439,"NYB",6
"1192",2020,"poly_100m3",-0.693849149290064,"NYB",6
"1193",2020,"ctyp_100m3",0.293936951708532,"NYB",6
"1194",2020,"echino_100m3",1.16929240642493,"NYB",6
"1195",2020,"clauso",0.965669557474931,"NYB",6
"1196",2020,"fish_100m3",-0.148823190261378,"NYB",6
"1197",2020,"spirspp_100m3",-1.24474041395739,"NYB",6
"1198",2020,"siph_100m3",-0.0628477701903696,"NYB",6
"1199",2020,"dec_100m3",-0.32386249961639,"NYB",6
"1200",2020,"sm_lg",-1.08063943015029,"NYB",6
"1201",2020,"volume_100m3",-0.0824790789819658,"NYB",6
"1202",2020,"para_100m3",1.1641156489063,"NYB",6
"1203",2020,"gas_100m3",1.30536912886025,"NYB",6
"1204",2020,"acarspp_100m3",-0.920172167260656,"NYB",6
"1205",2021,"dec_100m3",0.0583275869934001,"NYB",92
"1206",2021,"para_100m3",-0.0840072615409501,"NYB",92
"1207",2021,"thecos_100m3",1.3340956451166,"NYB",92
"1208",2021,"cham_100m3",-0.125588700586698,"NYB",92
"1209",2021,"gas_100m3",1.1474157110347,"NYB",92
"1210",2021,"clauso",-0.0764243942893884,"NYB",92
"1211",2021,"echino_100m3",0.170355152939288,"NYB",92
"1212",2021,"acarspp_100m3",0.0556646319813098,"NYB",92
"1213",2021,"siph_100m3",0.73861621516664,"NYB",92
"1214",2021,"larvaceans_100m3",0.276802513984598,"NYB",92
"1215",2021,"euph_100m3",0.267565578783981,"NYB",92
"1216",2021,"volume_100m3",-0.0624102993545361,"NYB",92
"1217",2021,"coel_100m3",-0.022572235434281,"NYB",92
"1218",2021,"calminor_100m3",0.622498118434573,"NYB",92
"1219",2021,"poly_100m3",0.25687419004766,"NYB",92
"1220",2021,"ctyp_100m3",-0.231571485162902,"NYB",92
"1221",2021,"euph1_100m3",0.318342268809375,"NYB",92
"1222",2021,"oithspp_100m3",0.611025500054752,"NYB",92
"1223",2021,"fish_100m3",-0.169128607922466,"NYB",92
"1224",2021,"calfin_100m3",-0.660243075346353,"NYB",92
"1225",2021,"chaeto_100m3",0.294767013085653,"NYB",92
"1226",2021,"pseudo_100m3",-0.543524583461942,"NYB",92
"1227",2021,"mlucens_100m3",0.0977241712253475,"NYB",92
"1228",2021,"spirspp_100m3",-0.771526389432654,"NYB",92
"1229",2021,"hyper_100m3",0.287459673097598,"NYB",92
"1230",2021,"tlong_100m3",-0.405336474605986,"NYB",92
"1231",2021,"evadnespp_100m3",0.305191848498247,"NYB",92
"1232",2021,"sm_lg",0.333737764391971,"NYB",92
