"","Estimate.Status","Year","Fishing.Year","Fishing.Mode","Fishing.Area","Cumulative.Through","PSE","Does.Angler.Trips.Meet.MRIP.Standard","Is.Angler.Trips.Significantly.Different.From.0","Angler.Trips","Angler.Trips.Lower.95..Confidence.Limit","Angler.Trips.Upper.95..Confidence.Limit"
"1","FINAL",1981,"CALENDAR YEAR (JAN 1 - DEC 31)","SHORE","OCEAN (<= 3 MI)","ANNUAL",37.6,"CAUTION","YES","161,983","42,608","281,359"
"2","FINAL",1981,"CALENDAR YEAR (JAN 1 - DEC 31)","SHORE","INLAND","ANNUAL",6.3,"YES","YES","4,784,122","4,193,379","5,374,866"
"3","FINAL",1981,"CALENDAR YEAR (JAN 1 - DEC 31)","PARTY/CHARTER BOAT","OCEAN (<= 3 MI)","ANNUAL",23.6,"YES","YES","138,644","74,513","202,775"
"4","FINAL",1981,"CALENDAR YEAR (JAN 1 - DEC 31)","PARTY/CHARTER BOAT","OCEAN (> 3 MI)","ANNUAL",20.1,"YES","YES","261,971","158,765","365,178"
"5","FINAL",1981,"CALENDAR YEAR (JAN 1 - DEC 31)","PARTY/CHARTER BOAT","INLAND","ANNUAL",22.9,"YES","YES","171,579","94,568","248,591"
"6","FINAL",1981,"CALENDAR YEAR (JAN 1 - DEC 31)","PRIVATE/RENTAL BOAT","OCEAN (<= 3 MI)","ANNUAL",39,"CAUTION","YES","298,967","70,437","527,498"
"7","FINAL",1981,"CALENDAR YEAR (JAN 1 - DEC 31)","PRIVATE/RENTAL BOAT","OCEAN (> 3 MI)","ANNUAL",38.3,"CAUTION","YES","382,249","95,302","669,196"
"8","FINAL",1981,"CALENDAR YEAR (JAN 1 - DEC 31)","PRIVATE/RENTAL BOAT","INLAND","ANNUAL",7.1,"YES","YES","2,791,926","2,403,401","3,180,450"
"9","FINAL",1982,"CALENDAR YEAR (JAN 1 - DEC 31)","SHORE","OCEAN (<= 3 MI)","ANNUAL",40.8,"CAUTION","YES","185,242","37,108","333,376"
"10","FINAL",1982,"CALENDAR YEAR (JAN 1 - DEC 31)","SHORE","INLAND","ANNUAL",6.4,"YES","YES","5,091,456","4,452,784","5,730,129"
"11","FINAL",1982,"CALENDAR YEAR (JAN 1 - DEC 31)","PARTY/CHARTER BOAT","OCEAN (<= 3 MI)","ANNUAL",60.2,"NO","NO","75,863","0","165,375"
"12","FINAL",1982,"CALENDAR YEAR (JAN 1 - DEC 31)","PARTY/CHARTER BOAT","OCEAN (> 3 MI)","ANNUAL",29.7,"YES","YES","256,177","107,051","405,303"
"13","FINAL",1982,"CALENDAR YEAR (JAN 1 - DEC 31)","PARTY/CHARTER BOAT","INLAND","ANNUAL",22.3,"YES","YES","518,579","291,919","745,240"
"14","FINAL",1982,"CALENDAR YEAR (JAN 1 - DEC 31)","PRIVATE/RENTAL BOAT","OCEAN (<= 3 MI)","ANNUAL",25.1,"YES","YES","224,118","113,861","334,376"
"15","FINAL",1982,"CALENDAR YEAR (JAN 1 - DEC 31)","PRIVATE/RENTAL BOAT","OCEAN (> 3 MI)","ANNUAL",23.6,"YES","YES","275,088","147,844","402,333"
"16","FINAL",1982,"CALENDAR YEAR (JAN 1 - DEC 31)","PRIVATE/RENTAL BOAT","INLAND","ANNUAL",6.3,"YES","YES","2,754,223","2,414,131","3,094,314"
"17","FINAL",1983,"CALENDAR YEAR (JAN 1 - DEC 31)","SHORE","OCEAN (<= 3 MI)","ANNUAL",46.9,"CAUTION","YES","35,964","2,905","69,024"
"18","FINAL",1983,"CALENDAR YEAR (JAN 1 - DEC 31)","SHORE","INLAND","ANNUAL",5.9,"YES","YES","4,861,315","4,299,152","5,423,477"
"19","FINAL",1983,"CALENDAR YEAR (JAN 1 - DEC 31)","PARTY/CHARTER BOAT","OCEAN (<= 3 MI)","ANNUAL",39.1,"CAUTION","YES","168,580","39,387","297,774"
"20","FINAL",1983,"CALENDAR YEAR (JAN 1 - DEC 31)","PARTY/CHARTER BOAT","OCEAN (> 3 MI)","ANNUAL",24.5,"YES","YES","201,465","104,722","298,209"
"21","FINAL",1983,"CALENDAR YEAR (JAN 1 - DEC 31)","PARTY/CHARTER BOAT","INLAND","ANNUAL",20.6,"YES","YES","591,796","352,853","830,740"
"22","FINAL",1983,"CALENDAR YEAR (JAN 1 - DEC 31)","PRIVATE/RENTAL BOAT","OCEAN (<= 3 MI)","ANNUAL",28.6,"YES","YES","90,837","39,918","141,757"
"23","FINAL",1983,"CALENDAR YEAR (JAN 1 - DEC 31)","PRIVATE/RENTAL BOAT","OCEAN (> 3 MI)","ANNUAL",36.5,"CAUTION","YES","222,595","63,351","381,839"
"24","FINAL",1983,"CALENDAR YEAR (JAN 1 - DEC 31)","PRIVATE/RENTAL BOAT","INLAND","ANNUAL",5.7,"YES","YES","3,225,639","2,865,271","3,586,007"
"25","FINAL",1984,"CALENDAR YEAR (JAN 1 - DEC 31)","SHORE","OCEAN (<= 3 MI)","ANNUAL",27.6,"YES","YES","200,112","91,859","308,365"
"26","FINAL",1984,"CALENDAR YEAR (JAN 1 - DEC 31)","SHORE","INLAND","ANNUAL",6,"YES","YES","4,588,395","4,048,799","5,127,990"
"27","FINAL",1984,"CALENDAR YEAR (JAN 1 - DEC 31)","PARTY/CHARTER BOAT","OCEAN (<= 3 MI)","ANNUAL",36.9,"CAUTION","YES","195,972","54,237","337,707"
"28","FINAL",1984,"CALENDAR YEAR (JAN 1 - DEC 31)","PARTY/CHARTER BOAT","OCEAN (> 3 MI)","ANNUAL",77.8,"NO","NO","88,443","0","223,309"
"29","FINAL",1984,"CALENDAR YEAR (JAN 1 - DEC 31)","PARTY/CHARTER BOAT","INLAND","ANNUAL",25.7,"YES","YES","520,603","258,365","782,841"
"30","FINAL",1984,"CALENDAR YEAR (JAN 1 - DEC 31)","PRIVATE/RENTAL BOAT","OCEAN (<= 3 MI)","ANNUAL",32.9,"CAUTION","YES","219,144","77,831","360,456"
"31","FINAL",1984,"CALENDAR YEAR (JAN 1 - DEC 31)","PRIVATE/RENTAL BOAT","OCEAN (> 3 MI)","ANNUAL",29.2,"YES","YES","304,347","130,163","478,531"
"32","FINAL",1984,"CALENDAR YEAR (JAN 1 - DEC 31)","PRIVATE/RENTAL BOAT","INLAND","ANNUAL",6.7,"YES","YES","2,967,884","2,578,141","3,357,626"
"33","FINAL",1985,"CALENDAR YEAR (JAN 1 - DEC 31)","SHORE","OCEAN (<= 3 MI)","ANNUAL",26.4,"YES","YES","395,813","191,004","600,623"
"34","FINAL",1985,"CALENDAR YEAR (JAN 1 - DEC 31)","SHORE","INLAND","ANNUAL",6.3,"YES","YES","4,064,610","3,562,712","4,566,508"
"35","FINAL",1985,"CALENDAR YEAR (JAN 1 - DEC 31)","PARTY/CHARTER BOAT","OCEAN (<= 3 MI)","ANNUAL",24.9,"YES","YES","122,690","62,812","182,568"
"36","FINAL",1985,"CALENDAR YEAR (JAN 1 - DEC 31)","PARTY/CHARTER BOAT","OCEAN (> 3 MI)","ANNUAL",34.9,"CAUTION","YES","38,558","12,183","64,932"
"37","FINAL",1985,"CALENDAR YEAR (JAN 1 - DEC 31)","PARTY/CHARTER BOAT","INLAND","ANNUAL",17.5,"YES","YES","375,731","246,855","504,607"
"38","FINAL",1985,"CALENDAR YEAR (JAN 1 - DEC 31)","PRIVATE/RENTAL BOAT","OCEAN (<= 3 MI)","ANNUAL",21.1,"YES","YES","285,858","167,638","404,077"
"39","FINAL",1985,"CALENDAR YEAR (JAN 1 - DEC 31)","PRIVATE/RENTAL BOAT","OCEAN (> 3 MI)","ANNUAL",23.9,"YES","YES","363,444","193,192","533,696"
"40","FINAL",1985,"CALENDAR YEAR (JAN 1 - DEC 31)","PRIVATE/RENTAL BOAT","INLAND","ANNUAL",5.9,"YES","YES","3,007,240","2,659,483","3,354,997"
"41","FINAL",1986,"CALENDAR YEAR (JAN 1 - DEC 31)","SHORE","OCEAN (<= 3 MI)","ANNUAL",23.6,"YES","YES","201,564","108,329","294,800"
"42","FINAL",1986,"CALENDAR YEAR (JAN 1 - DEC 31)","SHORE","INLAND","ANNUAL",5.5,"YES","YES","4,052,918","3,616,014","4,489,823"
"43","FINAL",1986,"CALENDAR YEAR (JAN 1 - DEC 31)","PARTY/CHARTER BOAT","OCEAN (<= 3 MI)","ANNUAL",22.7,"YES","YES","121,255","67,306","175,204"
"44","FINAL",1986,"CALENDAR YEAR (JAN 1 - DEC 31)","PARTY/CHARTER BOAT","OCEAN (> 3 MI)","ANNUAL",18,"YES","YES","102,870","66,578","139,163"
"45","FINAL",1986,"CALENDAR YEAR (JAN 1 - DEC 31)","PARTY/CHARTER BOAT","INLAND","ANNUAL",13.2,"YES","YES","460,387","341,276","579,499"
"46","FINAL",1986,"CALENDAR YEAR (JAN 1 - DEC 31)","PRIVATE/RENTAL BOAT","OCEAN (<= 3 MI)","ANNUAL",14,"YES","YES","334,859","242,974","426,744"
"47","FINAL",1986,"CALENDAR YEAR (JAN 1 - DEC 31)","PRIVATE/RENTAL BOAT","OCEAN (> 3 MI)","ANNUAL",15.5,"YES","YES","570,255","397,012","743,499"
"48","FINAL",1986,"CALENDAR YEAR (JAN 1 - DEC 31)","PRIVATE/RENTAL BOAT","INLAND","ANNUAL",5.7,"YES","YES","2,867,816","2,547,424","3,188,209"
"49","FINAL",1987,"CALENDAR YEAR (JAN 1 - DEC 31)","SHORE","OCEAN (<= 3 MI)","ANNUAL",24.3,"YES","YES","281,063","147,199","414,928"
"50","FINAL",1987,"CALENDAR YEAR (JAN 1 - DEC 31)","SHORE","INLAND","ANNUAL",5.8,"YES","YES","4,119,615","3,651,297","4,587,933"
"51","FINAL",1987,"CALENDAR YEAR (JAN 1 - DEC 31)","PARTY/CHARTER BOAT","OCEAN (<= 3 MI)","ANNUAL",17.4,"YES","YES","229,340","151,126","307,555"
"52","FINAL",1987,"CALENDAR YEAR (JAN 1 - DEC 31)","PARTY/CHARTER BOAT","OCEAN (> 3 MI)","ANNUAL",17.3,"YES","YES","143,024","94,527","191,520"
"53","FINAL",1987,"CALENDAR YEAR (JAN 1 - DEC 31)","PARTY/CHARTER BOAT","INLAND","ANNUAL",17.7,"YES","YES","351,112","229,304","472,920"
"54","FINAL",1987,"CALENDAR YEAR (JAN 1 - DEC 31)","PRIVATE/RENTAL BOAT","OCEAN (<= 3 MI)","ANNUAL",16.2,"YES","YES","801,826","547,231","1,056,422"
"55","FINAL",1987,"CALENDAR YEAR (JAN 1 - DEC 31)","PRIVATE/RENTAL BOAT","OCEAN (> 3 MI)","ANNUAL",23.1,"YES","YES","550,248","301,118","799,379"
"56","FINAL",1987,"CALENDAR YEAR (JAN 1 - DEC 31)","PRIVATE/RENTAL BOAT","INLAND","ANNUAL",8.4,"YES","YES","2,338,153","1,953,200","2,723,107"
"57","FINAL",1988,"CALENDAR YEAR (JAN 1 - DEC 31)","SHORE","OCEAN (<= 3 MI)","ANNUAL",25.7,"YES","YES","352,465","174,921","530,008"
"58","FINAL",1988,"CALENDAR YEAR (JAN 1 - DEC 31)","SHORE","INLAND","ANNUAL",5.8,"YES","YES","4,209,697","3,731,138","4,688,255"
"59","FINAL",1988,"CALENDAR YEAR (JAN 1 - DEC 31)","PARTY/CHARTER BOAT","OCEAN (<= 3 MI)","ANNUAL",28.4,"YES","YES","196,018","86,907","305,130"
"60","FINAL",1988,"CALENDAR YEAR (JAN 1 - DEC 31)","PARTY/CHARTER BOAT","OCEAN (> 3 MI)","ANNUAL",24.4,"YES","YES","169,754","88,571","250,938"
"61","FINAL",1988,"CALENDAR YEAR (JAN 1 - DEC 31)","PARTY/CHARTER BOAT","INLAND","ANNUAL",27,"YES","YES","262,365","123,521","401,208"
"62","FINAL",1988,"CALENDAR YEAR (JAN 1 - DEC 31)","PRIVATE/RENTAL BOAT","OCEAN (<= 3 MI)","ANNUAL",13.6,"YES","YES","676,392","496,093","856,691"
"63","FINAL",1988,"CALENDAR YEAR (JAN 1 - DEC 31)","PRIVATE/RENTAL BOAT","OCEAN (> 3 MI)","ANNUAL",17.2,"YES","YES","586,267","388,625","783,909"
"64","FINAL",1988,"CALENDAR YEAR (JAN 1 - DEC 31)","PRIVATE/RENTAL BOAT","INLAND","ANNUAL",7.3,"YES","YES","2,395,163","2,052,463","2,737,863"
"65","FINAL",1989,"CALENDAR YEAR (JAN 1 - DEC 31)","SHORE","OCEAN (<= 3 MI)","ANNUAL",18.8,"YES","YES","412,668","260,608","564,729"
"66","FINAL",1989,"CALENDAR YEAR (JAN 1 - DEC 31)","SHORE","INLAND","ANNUAL",5.7,"YES","YES","4,087,142","3,630,527","4,543,758"
"67","FINAL",1989,"CALENDAR YEAR (JAN 1 - DEC 31)","PARTY/CHARTER BOAT","OCEAN (<= 3 MI)","ANNUAL",21,"YES","YES","143,147","84,228","202,066"
"68","FINAL",1989,"CALENDAR YEAR (JAN 1 - DEC 31)","PARTY/CHARTER BOAT","OCEAN (> 3 MI)","ANNUAL",21.7,"YES","YES","97,109","55,807","138,412"
"69","FINAL",1989,"CALENDAR YEAR (JAN 1 - DEC 31)","PARTY/CHARTER BOAT","INLAND","ANNUAL",21.3,"YES","YES","209,801","122,213","297,389"
"70","FINAL",1989,"CALENDAR YEAR (JAN 1 - DEC 31)","PRIVATE/RENTAL BOAT","OCEAN (<= 3 MI)","ANNUAL",14.7,"YES","YES","438,629","312,251","565,007"
"71","FINAL",1989,"CALENDAR YEAR (JAN 1 - DEC 31)","PRIVATE/RENTAL BOAT","OCEAN (> 3 MI)","ANNUAL",13.9,"YES","YES","511,238","371,956","650,520"
"72","FINAL",1989,"CALENDAR YEAR (JAN 1 - DEC 31)","PRIVATE/RENTAL BOAT","INLAND","ANNUAL",5.7,"YES","YES","2,621,273","2,328,424","2,914,121"
"73","FINAL",1990,"CALENDAR YEAR (JAN 1 - DEC 31)","SHORE","OCEAN (<= 3 MI)","ANNUAL",15.6,"YES","YES","639,441","443,925","834,956"
"74","FINAL",1990,"CALENDAR YEAR (JAN 1 - DEC 31)","SHORE","INLAND","ANNUAL",5.9,"YES","YES","3,980,157","3,519,892","4,440,423"
"75","FINAL",1990,"CALENDAR YEAR (JAN 1 - DEC 31)","PARTY/CHARTER BOAT","OCEAN (<= 3 MI)","ANNUAL",22.4,"YES","YES","113,587","63,718","163,457"
"76","FINAL",1990,"CALENDAR YEAR (JAN 1 - DEC 31)","PARTY/CHARTER BOAT","OCEAN (> 3 MI)","ANNUAL",23.9,"YES","YES","93,565","49,736","137,395"
"77","FINAL",1990,"CALENDAR YEAR (JAN 1 - DEC 31)","PARTY/CHARTER BOAT","INLAND","ANNUAL",15.5,"YES","YES","278,884","194,159","363,609"
"78","FINAL",1990,"CALENDAR YEAR (JAN 1 - DEC 31)","PRIVATE/RENTAL BOAT","OCEAN (<= 3 MI)","ANNUAL",9,"YES","YES","869,996","716,528","1,023,463"
"79","FINAL",1990,"CALENDAR YEAR (JAN 1 - DEC 31)","PRIVATE/RENTAL BOAT","OCEAN (> 3 MI)","ANNUAL",13.5,"YES","YES","451,368","331,936","570,800"
"80","FINAL",1990,"CALENDAR YEAR (JAN 1 - DEC 31)","PRIVATE/RENTAL BOAT","INLAND","ANNUAL",5.9,"YES","YES","2,353,534","2,081,372","2,625,697"
"81","FINAL",1991,"CALENDAR YEAR (JAN 1 - DEC 31)","SHORE","OCEAN (<= 3 MI)","ANNUAL",17.7,"YES","YES","317,502","207,354","427,649"
"82","FINAL",1991,"CALENDAR YEAR (JAN 1 - DEC 31)","SHORE","INLAND","ANNUAL",5.7,"YES","YES","4,507,890","4,004,269","5,011,512"
"83","FINAL",1991,"CALENDAR YEAR (JAN 1 - DEC 31)","PARTY/CHARTER BOAT","OCEAN (<= 3 MI)","ANNUAL",28.5,"YES","YES","164,711","72,703","256,718"
"84","FINAL",1991,"CALENDAR YEAR (JAN 1 - DEC 31)","PARTY/CHARTER BOAT","OCEAN (> 3 MI)","ANNUAL",26.4,"YES","YES","80,298","38,749","121,848"
"85","FINAL",1991,"CALENDAR YEAR (JAN 1 - DEC 31)","PARTY/CHARTER BOAT","INLAND","ANNUAL",19.7,"YES","YES","345,518","212,107","478,929"
"86","FINAL",1991,"CALENDAR YEAR (JAN 1 - DEC 31)","PRIVATE/RENTAL BOAT","OCEAN (<= 3 MI)","ANNUAL",10.2,"YES","YES","429,529","343,657","515,400"
"87","FINAL",1991,"CALENDAR YEAR (JAN 1 - DEC 31)","PRIVATE/RENTAL BOAT","OCEAN (> 3 MI)","ANNUAL",13.9,"YES","YES","293,615","213,623","373,607"
"88","FINAL",1991,"CALENDAR YEAR (JAN 1 - DEC 31)","PRIVATE/RENTAL BOAT","INLAND","ANNUAL",5.1,"YES","YES","2,915,429","2,624,003","3,206,855"
"89","FINAL",1992,"CALENDAR YEAR (JAN 1 - DEC 31)","SHORE","OCEAN (<= 3 MI)","ANNUAL",21.1,"YES","YES","238,894","140,097","337,690"
"90","FINAL",1992,"CALENDAR YEAR (JAN 1 - DEC 31)","SHORE","INLAND","ANNUAL",5.6,"YES","YES","4,600,682","4,095,711","5,105,653"
"91","FINAL",1992,"CALENDAR YEAR (JAN 1 - DEC 31)","PARTY/CHARTER BOAT","OCEAN (<= 3 MI)","ANNUAL",20.6,"YES","YES","145,154","86,547","203,762"
"92","FINAL",1992,"CALENDAR YEAR (JAN 1 - DEC 31)","PARTY/CHARTER BOAT","OCEAN (> 3 MI)","ANNUAL",27.2,"YES","YES","51,015","23,818","78,212"
"93","FINAL",1992,"CALENDAR YEAR (JAN 1 - DEC 31)","PARTY/CHARTER BOAT","INLAND","ANNUAL",19.4,"YES","YES","186,701","115,710","257,692"
"94","FINAL",1992,"CALENDAR YEAR (JAN 1 - DEC 31)","PRIVATE/RENTAL BOAT","OCEAN (<= 3 MI)","ANNUAL",10.7,"YES","YES","464,965","367,453","562,478"
"95","FINAL",1992,"CALENDAR YEAR (JAN 1 - DEC 31)","PRIVATE/RENTAL BOAT","OCEAN (> 3 MI)","ANNUAL",14,"YES","YES","246,413","178,797","314,029"
"96","FINAL",1992,"CALENDAR YEAR (JAN 1 - DEC 31)","PRIVATE/RENTAL BOAT","INLAND","ANNUAL",5,"YES","YES","2,878,886","2,596,755","3,161,017"
"97","FINAL",1993,"CALENDAR YEAR (JAN 1 - DEC 31)","SHORE","OCEAN (<= 3 MI)","ANNUAL",16.8,"YES","YES","321,411","215,577","427,246"
"98","FINAL",1993,"CALENDAR YEAR (JAN 1 - DEC 31)","SHORE","INLAND","ANNUAL",5.8,"YES","YES","4,926,997","4,366,896","5,487,098"
"99","FINAL",1993,"CALENDAR YEAR (JAN 1 - DEC 31)","PARTY/CHARTER BOAT","OCEAN (<= 3 MI)","ANNUAL",21.8,"YES","YES","151,456","86,742","216,170"
"100","FINAL",1993,"CALENDAR YEAR (JAN 1 - DEC 31)","PARTY/CHARTER BOAT","OCEAN (> 3 MI)","ANNUAL",18.5,"YES","YES","98,929","63,058","134,801"
"101","FINAL",1993,"CALENDAR YEAR (JAN 1 - DEC 31)","PARTY/CHARTER BOAT","INLAND","ANNUAL",13,"YES","YES","505,155","376,442","633,869"
"102","FINAL",1993,"CALENDAR YEAR (JAN 1 - DEC 31)","PRIVATE/RENTAL BOAT","OCEAN (<= 3 MI)","ANNUAL",11.2,"YES","YES","440,086","343,478","536,693"
"103","FINAL",1993,"CALENDAR YEAR (JAN 1 - DEC 31)","PRIVATE/RENTAL BOAT","OCEAN (> 3 MI)","ANNUAL",14.5,"YES","YES","396,074","283,510","508,638"
"104","FINAL",1993,"CALENDAR YEAR (JAN 1 - DEC 31)","PRIVATE/RENTAL BOAT","INLAND","ANNUAL",5.2,"YES","YES","2,937,054","2,637,709","3,236,398"
"105","FINAL",1994,"CALENDAR YEAR (JAN 1 - DEC 31)","SHORE","OCEAN (<= 3 MI)","ANNUAL",23.5,"YES","YES","227,512","122,720","332,304"
"106","FINAL",1994,"CALENDAR YEAR (JAN 1 - DEC 31)","SHORE","INLAND","ANNUAL",5.7,"YES","YES","5,051,528","4,487,171","5,615,885"
"107","FINAL",1994,"CALENDAR YEAR (JAN 1 - DEC 31)","PARTY/CHARTER BOAT","OCEAN (<= 3 MI)","ANNUAL",20.4,"YES","YES","172,283","103,397","241,169"
"108","FINAL",1994,"CALENDAR YEAR (JAN 1 - DEC 31)","PARTY/CHARTER BOAT","OCEAN (> 3 MI)","ANNUAL",29.5,"YES","YES","75,929","32,027","119,831"
"109","FINAL",1994,"CALENDAR YEAR (JAN 1 - DEC 31)","PARTY/CHARTER BOAT","INLAND","ANNUAL",15.8,"YES","YES","324,814","224,225","425,402"
"110","FINAL",1994,"CALENDAR YEAR (JAN 1 - DEC 31)","PRIVATE/RENTAL BOAT","OCEAN (<= 3 MI)","ANNUAL",13.8,"YES","YES","299,917","218,796","381,039"
"111","FINAL",1994,"CALENDAR YEAR (JAN 1 - DEC 31)","PRIVATE/RENTAL BOAT","OCEAN (> 3 MI)","ANNUAL",16.3,"YES","YES","399,109","271,602","526,617"
"112","FINAL",1994,"CALENDAR YEAR (JAN 1 - DEC 31)","PRIVATE/RENTAL BOAT","INLAND","ANNUAL",5.2,"YES","YES","2,984,313","2,680,152","3,288,474"
"113","FINAL",1995,"CALENDAR YEAR (JAN 1 - DEC 31)","SHORE","OCEAN (<= 3 MI)","ANNUAL",30.7,"CAUTION","YES","175,378","69,850","280,907"
"114","FINAL",1995,"CALENDAR YEAR (JAN 1 - DEC 31)","SHORE","INLAND","ANNUAL",5.7,"YES","YES","4,734,697","4,205,737","5,263,658"
"115","FINAL",1995,"CALENDAR YEAR (JAN 1 - DEC 31)","PARTY/CHARTER BOAT","OCEAN (<= 3 MI)","ANNUAL",18.8,"YES","YES","116,317","73,457","159,178"
"116","FINAL",1995,"CALENDAR YEAR (JAN 1 - DEC 31)","PARTY/CHARTER BOAT","OCEAN (> 3 MI)","ANNUAL",15.6,"YES","YES","114,207","79,287","149,127"
"117","FINAL",1995,"CALENDAR YEAR (JAN 1 - DEC 31)","PARTY/CHARTER BOAT","INLAND","ANNUAL",13.8,"YES","YES","262,910","191,798","334,022"
"118","FINAL",1995,"CALENDAR YEAR (JAN 1 - DEC 31)","PRIVATE/RENTAL BOAT","OCEAN (<= 3 MI)","ANNUAL",17.8,"YES","YES","387,340","252,205","522,475"
"119","FINAL",1995,"CALENDAR YEAR (JAN 1 - DEC 31)","PRIVATE/RENTAL BOAT","OCEAN (> 3 MI)","ANNUAL",21,"YES","YES","538,210","316,683","759,737"
"120","FINAL",1995,"CALENDAR YEAR (JAN 1 - DEC 31)","PRIVATE/RENTAL BOAT","INLAND","ANNUAL",6.8,"YES","YES","2,619,066","2,269,997","2,968,136"
"121","FINAL",1996,"CALENDAR YEAR (JAN 1 - DEC 31)","SHORE","OCEAN (<= 3 MI)","ANNUAL",32.4,"CAUTION","YES","284,204","103,723","464,685"
"122","FINAL",1996,"CALENDAR YEAR (JAN 1 - DEC 31)","SHORE","INLAND","ANNUAL",5.8,"YES","YES","4,875,884","4,321,593","5,430,174"
"123","FINAL",1996,"CALENDAR YEAR (JAN 1 - DEC 31)","PARTY/CHARTER BOAT","OCEAN (<= 3 MI)","ANNUAL",15.6,"YES","YES","125,063","86,824","163,302"
"124","FINAL",1996,"CALENDAR YEAR (JAN 1 - DEC 31)","PARTY/CHARTER BOAT","OCEAN (> 3 MI)","ANNUAL",36.4,"CAUTION","YES","51,234","14,682","87,786"
"125","FINAL",1996,"CALENDAR YEAR (JAN 1 - DEC 31)","PARTY/CHARTER BOAT","INLAND","ANNUAL",15.2,"YES","YES","137,134","96,279","177,989"
"126","FINAL",1996,"CALENDAR YEAR (JAN 1 - DEC 31)","PRIVATE/RENTAL BOAT","OCEAN (<= 3 MI)","ANNUAL",17.1,"YES","YES","511,486","340,056","682,915"
"127","FINAL",1996,"CALENDAR YEAR (JAN 1 - DEC 31)","PRIVATE/RENTAL BOAT","OCEAN (> 3 MI)","ANNUAL",24.9,"YES","YES","326,379","167,093","485,666"
"128","FINAL",1996,"CALENDAR YEAR (JAN 1 - DEC 31)","PRIVATE/RENTAL BOAT","INLAND","ANNUAL",6,"YES","YES","2,818,054","2,486,651","3,149,457"
"129","FINAL",1997,"CALENDAR YEAR (JAN 1 - DEC 31)","SHORE","OCEAN (<= 3 MI)","ANNUAL",22.4,"YES","YES","456,006","255,801","656,211"
"130","FINAL",1997,"CALENDAR YEAR (JAN 1 - DEC 31)","SHORE","INLAND","ANNUAL",5.6,"YES","YES","4,875,608","4,340,461","5,410,755"
"131","FINAL",1997,"CALENDAR YEAR (JAN 1 - DEC 31)","PARTY/CHARTER BOAT","OCEAN (<= 3 MI)","ANNUAL",23.3,"YES","YES","89,461","48,606","130,316"
"132","FINAL",1997,"CALENDAR YEAR (JAN 1 - DEC 31)","PARTY/CHARTER BOAT","OCEAN (> 3 MI)","ANNUAL",20.9,"YES","YES","100,630","59,408","141,852"
"133","FINAL",1997,"CALENDAR YEAR (JAN 1 - DEC 31)","PARTY/CHARTER BOAT","INLAND","ANNUAL",21.2,"YES","YES","172,633","100,901","244,366"
"134","FINAL",1997,"CALENDAR YEAR (JAN 1 - DEC 31)","PRIVATE/RENTAL BOAT","OCEAN (<= 3 MI)","ANNUAL",15.8,"YES","YES","606,183","418,460","793,906"
"135","FINAL",1997,"CALENDAR YEAR (JAN 1 - DEC 31)","PRIVATE/RENTAL BOAT","OCEAN (> 3 MI)","ANNUAL",22.7,"YES","YES","379,207","210,490","547,924"
"136","FINAL",1997,"CALENDAR YEAR (JAN 1 - DEC 31)","PRIVATE/RENTAL BOAT","INLAND","ANNUAL",6.1,"YES","YES","2,986,202","2,629,172","3,343,232"
"137","FINAL",1998,"CALENDAR YEAR (JAN 1 - DEC 31)","SHORE","OCEAN (<= 3 MI)","ANNUAL",34.6,"CAUTION","YES","309,407","99,580","519,234"
"138","FINAL",1998,"CALENDAR YEAR (JAN 1 - DEC 31)","SHORE","INLAND","ANNUAL",5.9,"YES","YES","4,505,555","3,984,533","5,026,578"
"139","FINAL",1998,"CALENDAR YEAR (JAN 1 - DEC 31)","PARTY/CHARTER BOAT","OCEAN (<= 3 MI)","ANNUAL",22.5,"YES","YES","70,558","39,442","101,674"
"140","FINAL",1998,"CALENDAR YEAR (JAN 1 - DEC 31)","PARTY/CHARTER BOAT","OCEAN (> 3 MI)","ANNUAL",32,"CAUTION","YES","26,886","10,023","43,749"
"141","FINAL",1998,"CALENDAR YEAR (JAN 1 - DEC 31)","PARTY/CHARTER BOAT","INLAND","ANNUAL",15,"YES","YES","141,706","100,044","183,367"
"142","FINAL",1998,"CALENDAR YEAR (JAN 1 - DEC 31)","PRIVATE/RENTAL BOAT","OCEAN (<= 3 MI)","ANNUAL",20.5,"YES","YES","374,408","223,971","524,845"
"143","FINAL",1998,"CALENDAR YEAR (JAN 1 - DEC 31)","PRIVATE/RENTAL BOAT","OCEAN (> 3 MI)","ANNUAL",21,"YES","YES","399,993","235,356","564,630"
"144","FINAL",1998,"CALENDAR YEAR (JAN 1 - DEC 31)","PRIVATE/RENTAL BOAT","INLAND","ANNUAL",5.6,"YES","YES","3,198,037","2,847,020","3,549,054"
"145","FINAL",1999,"CALENDAR YEAR (JAN 1 - DEC 31)","SHORE","OCEAN (<= 3 MI)","ANNUAL",28.5,"YES","YES","281,462","124,237","438,686"
"146","FINAL",1999,"CALENDAR YEAR (JAN 1 - DEC 31)","SHORE","INLAND","ANNUAL",5.4,"YES","YES","5,727,088","5,120,933","6,333,243"
"147","FINAL",1999,"CALENDAR YEAR (JAN 1 - DEC 31)","PARTY/CHARTER BOAT","OCEAN (<= 3 MI)","ANNUAL",22.9,"YES","YES","100,240","55,248","145,231"
"148","FINAL",1999,"CALENDAR YEAR (JAN 1 - DEC 31)","PARTY/CHARTER BOAT","OCEAN (> 3 MI)","ANNUAL",33.5,"CAUTION","YES","20,981","7,205","34,758"
"149","FINAL",1999,"CALENDAR YEAR (JAN 1 - DEC 31)","PARTY/CHARTER BOAT","INLAND","ANNUAL",17.5,"YES","YES","166,001","109,062","222,939"
"150","FINAL",1999,"CALENDAR YEAR (JAN 1 - DEC 31)","PRIVATE/RENTAL BOAT","OCEAN (<= 3 MI)","ANNUAL",13.6,"YES","YES","895,385","656,711","1,134,059"
"151","FINAL",1999,"CALENDAR YEAR (JAN 1 - DEC 31)","PRIVATE/RENTAL BOAT","OCEAN (> 3 MI)","ANNUAL",24.4,"YES","YES","399,701","208,548","590,854"
"152","FINAL",1999,"CALENDAR YEAR (JAN 1 - DEC 31)","PRIVATE/RENTAL BOAT","INLAND","ANNUAL",6.6,"YES","YES","2,971,974","2,587,519","3,356,428"
"153","FINAL",2000,"CALENDAR YEAR (JAN 1 - DEC 31)","SHORE","OCEAN (<= 3 MI)","ANNUAL",20.4,"YES","YES","826,705","496,155","1,157,255"
"154","FINAL",2000,"CALENDAR YEAR (JAN 1 - DEC 31)","SHORE","INLAND","ANNUAL",5.7,"YES","YES","5,849,353","5,195,864","6,502,843"
"155","FINAL",2000,"CALENDAR YEAR (JAN 1 - DEC 31)","PARTY/CHARTER BOAT","OCEAN (<= 3 MI)","ANNUAL",21.1,"YES","YES","146,926","86,163","207,689"
"156","FINAL",2000,"CALENDAR YEAR (JAN 1 - DEC 31)","PARTY/CHARTER BOAT","OCEAN (> 3 MI)","ANNUAL",32.7,"CAUTION","YES","45,204","16,232","74,176"
"157","FINAL",2000,"CALENDAR YEAR (JAN 1 - DEC 31)","PARTY/CHARTER BOAT","INLAND","ANNUAL",26.7,"YES","YES","116,325","55,450","177,200"
"158","FINAL",2000,"CALENDAR YEAR (JAN 1 - DEC 31)","PRIVATE/RENTAL BOAT","OCEAN (<= 3 MI)","ANNUAL",12.4,"YES","YES","1,306,251","988,780","1,623,722"
"159","FINAL",2000,"CALENDAR YEAR (JAN 1 - DEC 31)","PRIVATE/RENTAL BOAT","OCEAN (> 3 MI)","ANNUAL",25.7,"YES","YES","392,236","194,659","589,813"
"160","FINAL",2000,"CALENDAR YEAR (JAN 1 - DEC 31)","PRIVATE/RENTAL BOAT","INLAND","ANNUAL",7.6,"YES","YES","2,790,614","2,374,925","3,206,304"
"161","FINAL",2001,"CALENDAR YEAR (JAN 1 - DEC 31)","SHORE","OCEAN (<= 3 MI)","ANNUAL",15,"YES","YES","1,479,881","1,044,796","1,914,965"
"162","FINAL",2001,"CALENDAR YEAR (JAN 1 - DEC 31)","SHORE","INLAND","ANNUAL",6.3,"YES","YES","5,492,404","4,814,202","6,170,606"
"163","FINAL",2001,"CALENDAR YEAR (JAN 1 - DEC 31)","PARTY/CHARTER BOAT","OCEAN (<= 3 MI)","ANNUAL",18.7,"YES","YES","143,673","91,014","196,332"
"164","FINAL",2001,"CALENDAR YEAR (JAN 1 - DEC 31)","PARTY/CHARTER BOAT","OCEAN (> 3 MI)","ANNUAL",37.6,"CAUTION","YES","55,403","14,573","96,233"
"165","FINAL",2001,"CALENDAR YEAR (JAN 1 - DEC 31)","PARTY/CHARTER BOAT","INLAND","ANNUAL",17.8,"YES","YES","138,216","89,996","186,437"
"166","FINAL",2001,"CALENDAR YEAR (JAN 1 - DEC 31)","PRIVATE/RENTAL BOAT","OCEAN (<= 3 MI)","ANNUAL",12.8,"YES","YES","792,556","593,719","991,392"
"167","FINAL",2001,"CALENDAR YEAR (JAN 1 - DEC 31)","PRIVATE/RENTAL BOAT","OCEAN (> 3 MI)","ANNUAL",20.2,"YES","YES","444,000","268,211","619,788"
"168","FINAL",2001,"CALENDAR YEAR (JAN 1 - DEC 31)","PRIVATE/RENTAL BOAT","INLAND","ANNUAL",5.9,"YES","YES","3,353,367","2,965,584","3,741,151"
"169","FINAL",2002,"CALENDAR YEAR (JAN 1 - DEC 31)","SHORE","OCEAN (<= 3 MI)","ANNUAL",15,"YES","YES","1,724,472","1,217,477","2,231,467"
"170","FINAL",2002,"CALENDAR YEAR (JAN 1 - DEC 31)","SHORE","INLAND","ANNUAL",6.8,"YES","YES","5,288,146","4,583,342","5,992,950"
"171","FINAL",2002,"CALENDAR YEAR (JAN 1 - DEC 31)","PARTY/CHARTER BOAT","OCEAN (<= 3 MI)","ANNUAL",13.5,"YES","YES","151,798","111,632","191,964"
"172","FINAL",2002,"CALENDAR YEAR (JAN 1 - DEC 31)","PARTY/CHARTER BOAT","OCEAN (> 3 MI)","ANNUAL",32,"CAUTION","YES","37,653","14,037","61,268"
"173","FINAL",2002,"CALENDAR YEAR (JAN 1 - DEC 31)","PARTY/CHARTER BOAT","INLAND","ANNUAL",15,"YES","YES","144,560","102,060","187,061"
"174","FINAL",2002,"CALENDAR YEAR (JAN 1 - DEC 31)","PRIVATE/RENTAL BOAT","OCEAN (<= 3 MI)","ANNUAL",12.1,"YES","YES","1,521,772","1,160,868","1,882,675"
"175","FINAL",2002,"CALENDAR YEAR (JAN 1 - DEC 31)","PRIVATE/RENTAL BOAT","OCEAN (> 3 MI)","ANNUAL",36.4,"CAUTION","YES","225,131","64,513","385,748"
"176","FINAL",2002,"CALENDAR YEAR (JAN 1 - DEC 31)","PRIVATE/RENTAL BOAT","INLAND","ANNUAL",6.9,"YES","YES","3,035,120","2,624,650","3,445,589"
"177","FINAL",2003,"CALENDAR YEAR (JAN 1 - DEC 31)","SHORE","OCEAN (<= 3 MI)","ANNUAL",13.5,"YES","YES","1,609,904","1,183,923","2,035,885"
"178","FINAL",2003,"CALENDAR YEAR (JAN 1 - DEC 31)","SHORE","INLAND","ANNUAL",6.3,"YES","YES","5,905,847","5,176,593","6,635,101"
"179","FINAL",2003,"CALENDAR YEAR (JAN 1 - DEC 31)","PARTY/CHARTER BOAT","OCEAN (<= 3 MI)","ANNUAL",16.3,"YES","YES","142,784","97,168","188,401"
"180","FINAL",2003,"CALENDAR YEAR (JAN 1 - DEC 31)","PARTY/CHARTER BOAT","OCEAN (> 3 MI)","ANNUAL",25.2,"YES","YES","55,382","28,028","82,737"
"181","FINAL",2003,"CALENDAR YEAR (JAN 1 - DEC 31)","PARTY/CHARTER BOAT","INLAND","ANNUAL",13.1,"YES","YES","207,269","154,050","260,487"
"182","FINAL",2003,"CALENDAR YEAR (JAN 1 - DEC 31)","PRIVATE/RENTAL BOAT","OCEAN (<= 3 MI)","ANNUAL",9.4,"YES","YES","1,675,039","1,366,430","1,983,648"
"183","FINAL",2003,"CALENDAR YEAR (JAN 1 - DEC 31)","PRIVATE/RENTAL BOAT","OCEAN (> 3 MI)","ANNUAL",21.1,"YES","YES","466,536","273,596","659,477"
"184","FINAL",2003,"CALENDAR YEAR (JAN 1 - DEC 31)","PRIVATE/RENTAL BOAT","INLAND","ANNUAL",6.8,"YES","YES","3,255,319","2,821,450","3,689,188"
"185","FINAL",2004,"CALENDAR YEAR (JAN 1 - DEC 31)","SHORE","OCEAN (<= 3 MI)","ANNUAL",24.9,"YES","YES","1,820,310","931,926","2,708,695"
"186","FINAL",2004,"CALENDAR YEAR (JAN 1 - DEC 31)","SHORE","INLAND","ANNUAL",9.2,"YES","YES","5,915,325","4,848,674","6,981,977"
"187","FINAL",2004,"CALENDAR YEAR (JAN 1 - DEC 31)","PARTY BOAT","OCEAN (<= 3 MI)","ANNUAL",26,"YES","YES","75,121","36,840","113,403"
"188","FINAL",2004,"CALENDAR YEAR (JAN 1 - DEC 31)","PARTY BOAT","OCEAN (> 3 MI)","ANNUAL",30.5,"CAUTION","YES","33,745","13,572","53,918"
"189","FINAL",2004,"CALENDAR YEAR (JAN 1 - DEC 31)","PARTY BOAT","INLAND","ANNUAL",29.1,"YES","YES","87,144","37,441","136,847"
"190","FINAL",2004,"CALENDAR YEAR (JAN 1 - DEC 31)","CHARTER BOAT","OCEAN (<= 3 MI)","ANNUAL",27.3,"YES","YES","44,418","20,651","68,185"
"191","FINAL",2004,"CALENDAR YEAR (JAN 1 - DEC 31)","CHARTER BOAT","OCEAN (> 3 MI)","ANNUAL",24.7,"YES","YES","37,355","19,271","55,439"
"192","FINAL",2004,"CALENDAR YEAR (JAN 1 - DEC 31)","CHARTER BOAT","INLAND","ANNUAL",24.3,"YES","YES","110,322","57,778","162,866"
"193","FINAL",2004,"CALENDAR YEAR (JAN 1 - DEC 31)","PRIVATE/RENTAL BOAT","OCEAN (<= 3 MI)","ANNUAL",12.4,"YES","YES","1,234,985","934,834","1,535,136"
"194","FINAL",2004,"CALENDAR YEAR (JAN 1 - DEC 31)","PRIVATE/RENTAL BOAT","OCEAN (> 3 MI)","ANNUAL",25.3,"YES","YES","447,415","225,551","669,279"
"195","FINAL",2004,"CALENDAR YEAR (JAN 1 - DEC 31)","PRIVATE/RENTAL BOAT","INLAND","ANNUAL",6.5,"YES","YES","3,678,310","3,209,693","4,146,927"
"196","FINAL",2005,"CALENDAR YEAR (JAN 1 - DEC 31)","SHORE","OCEAN (<= 3 MI)","ANNUAL",15.6,"YES","YES","3,084,590","2,141,446","4,027,735"
"197","FINAL",2005,"CALENDAR YEAR (JAN 1 - DEC 31)","SHORE","INLAND","ANNUAL",10.6,"YES","YES","5,031,851","3,986,434","6,077,268"
"198","FINAL",2005,"CALENDAR YEAR (JAN 1 - DEC 31)","PARTY BOAT","OCEAN (<= 3 MI)","ANNUAL",17.4,"YES","YES","41,158","27,121","55,194"
"199","FINAL",2005,"CALENDAR YEAR (JAN 1 - DEC 31)","PARTY BOAT","OCEAN (> 3 MI)","ANNUAL",16.6,"YES","YES","23,696","15,986","31,406"
"200","FINAL",2005,"CALENDAR YEAR (JAN 1 - DEC 31)","PARTY BOAT","INLAND","ANNUAL",20,"YES","YES","111,537","67,815","155,260"
"201","FINAL",2005,"CALENDAR YEAR (JAN 1 - DEC 31)","CHARTER BOAT","OCEAN (<= 3 MI)","ANNUAL",16.7,"YES","YES","66,474","44,716","88,232"
"202","FINAL",2005,"CALENDAR YEAR (JAN 1 - DEC 31)","CHARTER BOAT","OCEAN (> 3 MI)","ANNUAL",54.4,"NO","NO","45,165","0","93,322"
"203","FINAL",2005,"CALENDAR YEAR (JAN 1 - DEC 31)","CHARTER BOAT","INLAND","ANNUAL",32.6,"CAUTION","YES","95,000","34,299","155,702"
"204","FINAL",2005,"CALENDAR YEAR (JAN 1 - DEC 31)","PRIVATE/RENTAL BOAT","OCEAN (<= 3 MI)","ANNUAL",15.2,"YES","YES","1,357,624","953,160","1,762,087"
"205","FINAL",2005,"CALENDAR YEAR (JAN 1 - DEC 31)","PRIVATE/RENTAL BOAT","OCEAN (> 3 MI)","ANNUAL",33.4,"CAUTION","YES","812,430","280,581","1,344,280"
"206","FINAL",2005,"CALENDAR YEAR (JAN 1 - DEC 31)","PRIVATE/RENTAL BOAT","INLAND","ANNUAL",9.1,"YES","YES","3,480,984","2,860,115","4,101,852"
"207","FINAL",2006,"CALENDAR YEAR (JAN 1 - DEC 31)","SHORE","OCEAN (<= 3 MI)","ANNUAL",18.4,"YES","YES","1,926,662","1,231,831","2,621,493"
"208","FINAL",2006,"CALENDAR YEAR (JAN 1 - DEC 31)","SHORE","INLAND","ANNUAL",8.3,"YES","YES","6,059,791","5,073,984","7,045,598"
"209","FINAL",2006,"CALENDAR YEAR (JAN 1 - DEC 31)","PARTY BOAT","OCEAN (<= 3 MI)","ANNUAL",11.5,"YES","YES","39,919","30,922","48,917"
"210","FINAL",2006,"CALENDAR YEAR (JAN 1 - DEC 31)","PARTY BOAT","OCEAN (> 3 MI)","ANNUAL",18.4,"YES","YES","32,215","20,597","43,833"
"211","FINAL",2006,"CALENDAR YEAR (JAN 1 - DEC 31)","PARTY BOAT","INLAND","ANNUAL",14.8,"YES","YES","62,363","44,273","80,453"
"212","FINAL",2006,"CALENDAR YEAR (JAN 1 - DEC 31)","PARTY BOAT","UNKNOWN","ANNUAL",7.4,"YES","YES","415","355","476"
"213","FINAL",2006,"CALENDAR YEAR (JAN 1 - DEC 31)","CHARTER BOAT","OCEAN (<= 3 MI)","ANNUAL",8.9,"YES","YES","39,181","32,346","46,015"
"214","FINAL",2006,"CALENDAR YEAR (JAN 1 - DEC 31)","CHARTER BOAT","OCEAN (> 3 MI)","ANNUAL",16.5,"YES","YES","23,172","15,678","30,666"
"215","FINAL",2006,"CALENDAR YEAR (JAN 1 - DEC 31)","CHARTER BOAT","INLAND","ANNUAL",16.8,"YES","YES","77,399","51,913","102,885"
"216","FINAL",2006,"CALENDAR YEAR (JAN 1 - DEC 31)","CHARTER BOAT","UNKNOWN","ANNUAL",9.5,"YES","YES","735","598","872"
"217","FINAL",2006,"CALENDAR YEAR (JAN 1 - DEC 31)","PRIVATE/RENTAL BOAT","OCEAN (<= 3 MI)","ANNUAL",12.4,"YES","YES","1,274,370","964,647","1,584,093"
"218","FINAL",2006,"CALENDAR YEAR (JAN 1 - DEC 31)","PRIVATE/RENTAL BOAT","OCEAN (> 3 MI)","ANNUAL",26,"YES","YES","742,946","364,341","1,121,551"
"219","FINAL",2006,"CALENDAR YEAR (JAN 1 - DEC 31)","PRIVATE/RENTAL BOAT","INLAND","ANNUAL",7.6,"YES","YES","3,442,750","2,929,918","3,955,582"
"220","FINAL",2007,"CALENDAR YEAR (JAN 1 - DEC 31)","SHORE","OCEAN (<= 3 MI)","ANNUAL",17.7,"YES","YES","2,037,317","1,330,531","2,744,103"
"221","FINAL",2007,"CALENDAR YEAR (JAN 1 - DEC 31)","SHORE","INLAND","ANNUAL",8.4,"YES","YES","5,893,663","4,923,330","6,863,995"
"222","FINAL",2007,"CALENDAR YEAR (JAN 1 - DEC 31)","PARTY BOAT","OCEAN (<= 3 MI)","ANNUAL",11.6,"YES","YES","92,799","71,700","113,898"
"223","FINAL",2007,"CALENDAR YEAR (JAN 1 - DEC 31)","PARTY BOAT","OCEAN (> 3 MI)","ANNUAL",1.7,"YES","YES","67,859","65,598","70,120"
"224","FINAL",2007,"CALENDAR YEAR (JAN 1 - DEC 31)","PARTY BOAT","INLAND","ANNUAL",29.9,"YES","YES","83,748","34,668","132,828"
"225","FINAL",2007,"CALENDAR YEAR (JAN 1 - DEC 31)","PARTY BOAT","UNKNOWN","ANNUAL",2.1,"YES","YES","749","718","780"
"226","FINAL",2007,"CALENDAR YEAR (JAN 1 - DEC 31)","CHARTER BOAT","OCEAN (<= 3 MI)","ANNUAL",7.9,"YES","YES","105,166","88,882","121,449"
"227","FINAL",2007,"CALENDAR YEAR (JAN 1 - DEC 31)","CHARTER BOAT","OCEAN (> 3 MI)","ANNUAL",16.4,"YES","YES","60,826","41,274","80,378"
"228","FINAL",2007,"CALENDAR YEAR (JAN 1 - DEC 31)","CHARTER BOAT","INLAND","ANNUAL",18.6,"YES","YES","222,622","141,463","303,781"
"229","FINAL",2007,"CALENDAR YEAR (JAN 1 - DEC 31)","CHARTER BOAT","UNKNOWN","ANNUAL",5.5,"YES","YES","764","681","846"
"230","FINAL",2007,"CALENDAR YEAR (JAN 1 - DEC 31)","PRIVATE/RENTAL BOAT","OCEAN (<= 3 MI)","ANNUAL",11.1,"YES","YES","1,270,342","993,967","1,546,718"
"231","FINAL",2007,"CALENDAR YEAR (JAN 1 - DEC 31)","PRIVATE/RENTAL BOAT","OCEAN (> 3 MI)","ANNUAL",26.4,"YES","YES","522,341","252,061","792,622"
"232","FINAL",2007,"CALENDAR YEAR (JAN 1 - DEC 31)","PRIVATE/RENTAL BOAT","INLAND","ANNUAL",6.5,"YES","YES","3,842,805","3,353,232","4,332,378"
"233","FINAL",2008,"CALENDAR YEAR (JAN 1 - DEC 31)","SHORE","OCEAN (<= 3 MI)","ANNUAL",18.1,"YES","YES","2,267,168","1,462,868","3,071,469"
"234","FINAL",2008,"CALENDAR YEAR (JAN 1 - DEC 31)","SHORE","INLAND","ANNUAL",9.4,"YES","YES","5,759,549","4,698,410","6,820,688"
"235","FINAL",2008,"CALENDAR YEAR (JAN 1 - DEC 31)","PARTY BOAT","OCEAN (<= 3 MI)","ANNUAL",8.1,"YES","YES","80,562","67,772","93,352"
"236","FINAL",2008,"CALENDAR YEAR (JAN 1 - DEC 31)","PARTY BOAT","OCEAN (> 3 MI)","ANNUAL",12.6,"YES","YES","36,654","27,602","45,706"
"237","FINAL",2008,"CALENDAR YEAR (JAN 1 - DEC 31)","PARTY BOAT","INLAND","ANNUAL",7.6,"YES","YES","89,540","76,202","102,878"
"238","FINAL",2008,"CALENDAR YEAR (JAN 1 - DEC 31)","PARTY BOAT","UNKNOWN","ANNUAL",3.4,"YES","YES","434","405","463"
"239","FINAL",2008,"CALENDAR YEAR (JAN 1 - DEC 31)","CHARTER BOAT","OCEAN (<= 3 MI)","ANNUAL",6.5,"YES","YES","50,973","44,479","57,467"
"240","FINAL",2008,"CALENDAR YEAR (JAN 1 - DEC 31)","CHARTER BOAT","OCEAN (> 3 MI)","ANNUAL",7,"YES","YES","28,878","24,916","32,841"
"241","FINAL",2008,"CALENDAR YEAR (JAN 1 - DEC 31)","CHARTER BOAT","INLAND","ANNUAL",13.4,"YES","YES","87,403","64,447","110,358"
"242","FINAL",2008,"CALENDAR YEAR (JAN 1 - DEC 31)","CHARTER BOAT","UNKNOWN","ANNUAL",6,"YES","YES","689","608","770"
"243","FINAL",2008,"CALENDAR YEAR (JAN 1 - DEC 31)","PRIVATE/RENTAL BOAT","OCEAN (<= 3 MI)","ANNUAL",9.9,"YES","YES","1,572,674","1,267,512","1,877,836"
"244","FINAL",2008,"CALENDAR YEAR (JAN 1 - DEC 31)","PRIVATE/RENTAL BOAT","OCEAN (> 3 MI)","ANNUAL",31.7,"CAUTION","YES","400,019","151,479","648,558"
"245","FINAL",2008,"CALENDAR YEAR (JAN 1 - DEC 31)","PRIVATE/RENTAL BOAT","INLAND","ANNUAL",6.8,"YES","YES","3,416,802","2,961,410","3,872,193"
"246","FINAL",2009,"CALENDAR YEAR (JAN 1 - DEC 31)","SHORE","OCEAN (<= 3 MI)","ANNUAL",21.4,"YES","YES","1,251,834","726,765","1,776,903"
"247","FINAL",2009,"CALENDAR YEAR (JAN 1 - DEC 31)","SHORE","INLAND","ANNUAL",7.5,"YES","YES","6,720,595","5,732,667","7,708,522"
"248","FINAL",2009,"CALENDAR YEAR (JAN 1 - DEC 31)","PARTY BOAT","OCEAN (<= 3 MI)","ANNUAL",4.5,"YES","YES","60,239","54,926","65,552"
"249","FINAL",2009,"CALENDAR YEAR (JAN 1 - DEC 31)","PARTY BOAT","OCEAN (> 3 MI)","ANNUAL",1.7,"YES","YES","36,164","34,959","37,369"
"250","FINAL",2009,"CALENDAR YEAR (JAN 1 - DEC 31)","PARTY BOAT","INLAND","ANNUAL",2.4,"YES","YES","96,302","91,772","100,832"
"251","FINAL",2009,"CALENDAR YEAR (JAN 1 - DEC 31)","PARTY BOAT","UNKNOWN","ANNUAL",2.4,"YES","YES","333","317","348"
"252","FINAL",2009,"CALENDAR YEAR (JAN 1 - DEC 31)","CHARTER BOAT","OCEAN (<= 3 MI)","ANNUAL",10.5,"YES","YES","55,068","43,735","66,401"
"253","FINAL",2009,"CALENDAR YEAR (JAN 1 - DEC 31)","CHARTER BOAT","OCEAN (> 3 MI)","ANNUAL",15.7,"YES","YES","29,945","20,730","39,159"
"254","FINAL",2009,"CALENDAR YEAR (JAN 1 - DEC 31)","CHARTER BOAT","INLAND","ANNUAL",15.6,"YES","YES","105,059","72,936","137,181"
"255","FINAL",2009,"CALENDAR YEAR (JAN 1 - DEC 31)","CHARTER BOAT","UNKNOWN","ANNUAL",8.9,"YES","YES","1,491","1,231","1,751"
"256","FINAL",2009,"CALENDAR YEAR (JAN 1 - DEC 31)","PRIVATE/RENTAL BOAT","OCEAN (<= 3 MI)","ANNUAL",11,"YES","YES","1,159,961","909,873","1,410,049"
"257","FINAL",2009,"CALENDAR YEAR (JAN 1 - DEC 31)","PRIVATE/RENTAL BOAT","OCEAN (> 3 MI)","ANNUAL",34.6,"CAUTION","YES","367,663","118,329","616,998"
"258","FINAL",2009,"CALENDAR YEAR (JAN 1 - DEC 31)","PRIVATE/RENTAL BOAT","INLAND","ANNUAL",6.6,"YES","YES","3,773,896","3,285,705","4,262,087"
"259","FINAL",2010,"CALENDAR YEAR (JAN 1 - DEC 31)","SHORE","OCEAN (<= 3 MI)","ANNUAL",21.9,"YES","YES","1,065,557","608,177","1,522,936"
"260","FINAL",2010,"CALENDAR YEAR (JAN 1 - DEC 31)","SHORE","INLAND","ANNUAL",7.3,"YES","YES","7,392,969","6,335,183","8,450,755"
"261","FINAL",2010,"CALENDAR YEAR (JAN 1 - DEC 31)","PARTY BOAT","OCEAN (<= 3 MI)","ANNUAL",3.5,"YES","YES","60,521","56,369","64,673"
"262","FINAL",2010,"CALENDAR YEAR (JAN 1 - DEC 31)","PARTY BOAT","OCEAN (> 3 MI)","ANNUAL",3.1,"YES","YES","26,619","25,001","28,236"
"263","FINAL",2010,"CALENDAR YEAR (JAN 1 - DEC 31)","PARTY BOAT","INLAND","ANNUAL",5.1,"YES","YES","67,669","60,905","74,433"
"264","FINAL",2010,"CALENDAR YEAR (JAN 1 - DEC 31)","PARTY BOAT","UNKNOWN","ANNUAL",3.8,"YES","YES","901","834","968"
"265","FINAL",2010,"CALENDAR YEAR (JAN 1 - DEC 31)","CHARTER BOAT","OCEAN (<= 3 MI)","ANNUAL",6.7,"YES","YES","70,587","61,318","79,856"
"266","FINAL",2010,"CALENDAR YEAR (JAN 1 - DEC 31)","CHARTER BOAT","OCEAN (> 3 MI)","ANNUAL",8.1,"YES","YES","29,025","24,417","33,633"
"267","FINAL",2010,"CALENDAR YEAR (JAN 1 - DEC 31)","CHARTER BOAT","INLAND","ANNUAL",10,"YES","YES","77,936","62,661","93,211"
"268","FINAL",2010,"CALENDAR YEAR (JAN 1 - DEC 31)","CHARTER BOAT","UNKNOWN","ANNUAL",6.1,"YES","YES","639","562","715"
"269","FINAL",2010,"CALENDAR YEAR (JAN 1 - DEC 31)","PRIVATE/RENTAL BOAT","OCEAN (<= 3 MI)","ANNUAL",11.6,"YES","YES","1,190,439","919,781","1,461,097"
"270","FINAL",2010,"CALENDAR YEAR (JAN 1 - DEC 31)","PRIVATE/RENTAL BOAT","OCEAN (> 3 MI)","ANNUAL",26.2,"YES","YES","381,452","185,569","577,335"
"271","FINAL",2010,"CALENDAR YEAR (JAN 1 - DEC 31)","PRIVATE/RENTAL BOAT","INLAND","ANNUAL",6.4,"YES","YES","3,802,294","3,325,334","4,279,253"
"272","FINAL",2011,"CALENDAR YEAR (JAN 1 - DEC 31)","SHORE","OCEAN (<= 3 MI)","ANNUAL",23.2,"YES","YES","1,306,528","712,423","1,900,632"
"273","FINAL",2011,"CALENDAR YEAR (JAN 1 - DEC 31)","SHORE","INLAND","ANNUAL",7.7,"YES","YES","6,914,138","5,870,656","7,957,620"
"274","FINAL",2011,"CALENDAR YEAR (JAN 1 - DEC 31)","PARTY BOAT","OCEAN (<= 3 MI)","ANNUAL",3.8,"YES","YES","74,778","69,209","80,347"
"275","FINAL",2011,"CALENDAR YEAR (JAN 1 - DEC 31)","PARTY BOAT","OCEAN (> 3 MI)","ANNUAL",3.2,"YES","YES","28,996","27,178","30,815"
"276","FINAL",2011,"CALENDAR YEAR (JAN 1 - DEC 31)","PARTY BOAT","INLAND","ANNUAL",3.8,"YES","YES","62,993","58,301","67,684"
"277","FINAL",2011,"CALENDAR YEAR (JAN 1 - DEC 31)","CHARTER BOAT","OCEAN (<= 3 MI)","ANNUAL",5.7,"YES","YES","99,708","88,569","110,847"
"278","FINAL",2011,"CALENDAR YEAR (JAN 1 - DEC 31)","CHARTER BOAT","OCEAN (> 3 MI)","ANNUAL",5.1,"YES","YES","44,577","40,121","49,033"
"279","FINAL",2011,"CALENDAR YEAR (JAN 1 - DEC 31)","CHARTER BOAT","INLAND","ANNUAL",10.6,"YES","YES","146,305","115,909","176,701"
"280","FINAL",2011,"CALENDAR YEAR (JAN 1 - DEC 31)","CHARTER BOAT","UNKNOWN","ANNUAL",7.7,"YES","YES","40","34","46"
"281","FINAL",2011,"CALENDAR YEAR (JAN 1 - DEC 31)","PRIVATE/RENTAL BOAT","OCEAN (<= 3 MI)","ANNUAL",11.6,"YES","YES","1,408,808","1,088,501","1,729,115"
"282","FINAL",2011,"CALENDAR YEAR (JAN 1 - DEC 31)","PRIVATE/RENTAL BOAT","OCEAN (> 3 MI)","ANNUAL",41.8,"CAUTION","YES","240,908","43,537","438,280"
"283","FINAL",2011,"CALENDAR YEAR (JAN 1 - DEC 31)","PRIVATE/RENTAL BOAT","INLAND","ANNUAL",7,"YES","YES","3,878,243","3,346,148","4,410,338"
"284","FINAL",2012,"CALENDAR YEAR (JAN 1 - DEC 31)","SHORE","OCEAN (<= 3 MI)","ANNUAL",22.5,"YES","YES","1,276,771","713,715","1,839,826"
"285","FINAL",2012,"CALENDAR YEAR (JAN 1 - DEC 31)","SHORE","INLAND","ANNUAL",7.6,"YES","YES","7,329,912","6,238,049","8,421,776"
"286","FINAL",2012,"CALENDAR YEAR (JAN 1 - DEC 31)","PARTY BOAT","OCEAN (<= 3 MI)","ANNUAL",4,"YES","YES","61,645","56,812","66,478"
"287","FINAL",2012,"CALENDAR YEAR (JAN 1 - DEC 31)","PARTY BOAT","OCEAN (> 3 MI)","ANNUAL",2.7,"YES","YES","32,866","31,126","34,605"
"288","FINAL",2012,"CALENDAR YEAR (JAN 1 - DEC 31)","PARTY BOAT","INLAND","ANNUAL",2.8,"YES","YES","63,854","60,350","67,358"
"289","FINAL",2012,"CALENDAR YEAR (JAN 1 - DEC 31)","CHARTER BOAT","OCEAN (<= 3 MI)","ANNUAL",6.8,"YES","YES","83,647","72,498","94,795"
"290","FINAL",2012,"CALENDAR YEAR (JAN 1 - DEC 31)","CHARTER BOAT","OCEAN (> 3 MI)","ANNUAL",6.8,"YES","YES","43,134","37,385","48,883"
"291","FINAL",2012,"CALENDAR YEAR (JAN 1 - DEC 31)","CHARTER BOAT","INLAND","ANNUAL",10.3,"YES","YES","88,660","70,761","106,559"
"292","FINAL",2012,"CALENDAR YEAR (JAN 1 - DEC 31)","PRIVATE/RENTAL BOAT","OCEAN (<= 3 MI)","ANNUAL",12.8,"YES","YES","1,246,753","933,968","1,559,539"
"293","FINAL",2012,"CALENDAR YEAR (JAN 1 - DEC 31)","PRIVATE/RENTAL BOAT","OCEAN (> 3 MI)","ANNUAL",39.1,"CAUTION","YES","144,472","33,754","255,189"
"294","FINAL",2012,"CALENDAR YEAR (JAN 1 - DEC 31)","PRIVATE/RENTAL BOAT","INLAND","ANNUAL",6.4,"YES","YES","4,260,833","3,726,354","4,795,312"
"295","FINAL",2013,"CALENDAR YEAR (JAN 1 - DEC 31)","SHORE","OCEAN (<= 3 MI)","ANNUAL",17.1,"YES","YES","2,128,787","1,415,303","2,842,271"
"296","FINAL",2013,"CALENDAR YEAR (JAN 1 - DEC 31)","SHORE","INLAND","ANNUAL",8.3,"YES","YES","6,539,353","5,475,531","7,603,175"
"297","FINAL",2013,"CALENDAR YEAR (JAN 1 - DEC 31)","PARTY BOAT","OCEAN (<= 3 MI)","ANNUAL",5,"YES","YES","94,976","85,668","104,284"
"298","FINAL",2013,"CALENDAR YEAR (JAN 1 - DEC 31)","PARTY BOAT","OCEAN (> 3 MI)","ANNUAL",2.1,"YES","YES","51,801","49,669","53,933"
"299","FINAL",2013,"CALENDAR YEAR (JAN 1 - DEC 31)","PARTY BOAT","INLAND","ANNUAL",5.6,"YES","YES","111,607","99,357","123,857"
"300","FINAL",2013,"CALENDAR YEAR (JAN 1 - DEC 31)","CHARTER BOAT","OCEAN (<= 3 MI)","ANNUAL",5.3,"YES","YES","92,926","83,273","102,580"
"301","FINAL",2013,"CALENDAR YEAR (JAN 1 - DEC 31)","CHARTER BOAT","OCEAN (> 3 MI)","ANNUAL",5.5,"YES","YES","35,318","31,511","39,125"
"302","FINAL",2013,"CALENDAR YEAR (JAN 1 - DEC 31)","CHARTER BOAT","INLAND","ANNUAL",16.9,"YES","YES","192,851","128,971","256,730"
"303","FINAL",2013,"CALENDAR YEAR (JAN 1 - DEC 31)","CHARTER BOAT","UNKNOWN","ANNUAL",8.5,"YES","YES","100","83","117"
"304","FINAL",2013,"CALENDAR YEAR (JAN 1 - DEC 31)","PRIVATE/RENTAL BOAT","OCEAN (<= 3 MI)","ANNUAL",16.2,"YES","YES","1,619,834","1,105,505","2,134,164"
"305","FINAL",2013,"CALENDAR YEAR (JAN 1 - DEC 31)","PRIVATE/RENTAL BOAT","OCEAN (> 3 MI)","ANNUAL",22.9,"YES","YES","301,426","166,134","436,718"
"306","FINAL",2013,"CALENDAR YEAR (JAN 1 - DEC 31)","PRIVATE/RENTAL BOAT","INLAND","ANNUAL",8.1,"YES","YES","4,040,075","3,398,672","4,681,477"
"307","FINAL",2014,"CALENDAR YEAR (JAN 1 - DEC 31)","SHORE","OCEAN (<= 3 MI)","ANNUAL",25.7,"YES","YES","2,204,801","1,094,199","3,315,404"
"308","FINAL",2014,"CALENDAR YEAR (JAN 1 - DEC 31)","SHORE","INLAND","ANNUAL",11,"YES","YES","6,306,221","4,946,600","7,665,842"
"309","FINAL",2014,"CALENDAR YEAR (JAN 1 - DEC 31)","PARTY BOAT","OCEAN (<= 3 MI)","ANNUAL",2.1,"YES","YES","76,526","73,376","79,676"
"310","FINAL",2014,"CALENDAR YEAR (JAN 1 - DEC 31)","PARTY BOAT","OCEAN (> 3 MI)","ANNUAL",1.2,"YES","YES","44,562","43,514","45,610"
"311","FINAL",2014,"CALENDAR YEAR (JAN 1 - DEC 31)","PARTY BOAT","INLAND","ANNUAL",1.4,"YES","YES","83,173","80,891","85,456"
"312","FINAL",2014,"CALENDAR YEAR (JAN 1 - DEC 31)","PARTY BOAT","UNKNOWN","ANNUAL",2.1,"YES","YES","48","46","50"
"313","FINAL",2014,"CALENDAR YEAR (JAN 1 - DEC 31)","CHARTER BOAT","OCEAN (<= 3 MI)","ANNUAL",12.9,"YES","YES","85,699","64,031","107,367"
"314","FINAL",2014,"CALENDAR YEAR (JAN 1 - DEC 31)","CHARTER BOAT","OCEAN (> 3 MI)","ANNUAL",6,"YES","YES","46,867","41,356","52,379"
"315","FINAL",2014,"CALENDAR YEAR (JAN 1 - DEC 31)","CHARTER BOAT","INLAND","ANNUAL",15.2,"YES","YES","96,900","68,032","125,769"
"316","FINAL",2014,"CALENDAR YEAR (JAN 1 - DEC 31)","PRIVATE/RENTAL BOAT","OCEAN (<= 3 MI)","ANNUAL",15.3,"YES","YES","2,125,886","1,488,375","2,763,397"
"317","FINAL",2014,"CALENDAR YEAR (JAN 1 - DEC 31)","PRIVATE/RENTAL BOAT","OCEAN (> 3 MI)","ANNUAL",30.4,"CAUTION","YES","479,514","193,800","765,227"
"318","FINAL",2014,"CALENDAR YEAR (JAN 1 - DEC 31)","PRIVATE/RENTAL BOAT","INLAND","ANNUAL",9.8,"YES","YES","3,851,650","3,111,825","4,591,475"
"319","FINAL",2015,"CALENDAR YEAR (JAN 1 - DEC 31)","SHORE","OCEAN (<= 3 MI)","ANNUAL",21,"YES","YES","1,476,135","868,558","2,083,712"
"320","FINAL",2015,"CALENDAR YEAR (JAN 1 - DEC 31)","SHORE","INLAND","ANNUAL",8.7,"YES","YES","6,825,972","5,662,008","7,989,937"
"321","FINAL",2015,"CALENDAR YEAR (JAN 1 - DEC 31)","PARTY BOAT","OCEAN (<= 3 MI)","ANNUAL",3.9,"YES","YES","100,718","93,019","108,417"
"322","FINAL",2015,"CALENDAR YEAR (JAN 1 - DEC 31)","PARTY BOAT","OCEAN (> 3 MI)","ANNUAL",3,"YES","YES","49,406","46,501","52,311"
"323","FINAL",2015,"CALENDAR YEAR (JAN 1 - DEC 31)","PARTY BOAT","INLAND","ANNUAL",2.5,"YES","YES","80,389","76,450","84,329"
"324","FINAL",2015,"CALENDAR YEAR (JAN 1 - DEC 31)","CHARTER BOAT","OCEAN (<= 3 MI)","ANNUAL",5.2,"YES","YES","135,740","121,905","149,574"
"325","FINAL",2015,"CALENDAR YEAR (JAN 1 - DEC 31)","CHARTER BOAT","OCEAN (> 3 MI)","ANNUAL",4.2,"YES","YES","68,582","62,936","74,228"
"326","FINAL",2015,"CALENDAR YEAR (JAN 1 - DEC 31)","CHARTER BOAT","INLAND","ANNUAL",11.5,"YES","YES","134,172","103,930","164,415"
"327","FINAL",2015,"CALENDAR YEAR (JAN 1 - DEC 31)","PRIVATE/RENTAL BOAT","OCEAN (<= 3 MI)","ANNUAL",18.5,"YES","YES","1,302,966","830,510","1,775,421"
"328","FINAL",2015,"CALENDAR YEAR (JAN 1 - DEC 31)","PRIVATE/RENTAL BOAT","OCEAN (> 3 MI)","ANNUAL",20.7,"YES","YES","553,311","328,821","777,800"
"329","FINAL",2015,"CALENDAR YEAR (JAN 1 - DEC 31)","PRIVATE/RENTAL BOAT","INLAND","ANNUAL",9.3,"YES","YES","4,543,893","3,715,632","5,372,154"
"330","FINAL",2016,"CALENDAR YEAR (JAN 1 - DEC 31)","SHORE","OCEAN (<= 3 MI)","ANNUAL",27.1,"YES","YES","949,490","445,159","1,453,821"
"331","FINAL",2016,"CALENDAR YEAR (JAN 1 - DEC 31)","SHORE","INLAND","ANNUAL",9.2,"YES","YES","7,630,665","6,254,704","9,006,627"
"332","FINAL",2016,"CALENDAR YEAR (JAN 1 - DEC 31)","PARTY BOAT","OCEAN (<= 3 MI)","ANNUAL",4.4,"YES","YES","76,111","69,548","82,675"
"333","FINAL",2016,"CALENDAR YEAR (JAN 1 - DEC 31)","PARTY BOAT","OCEAN (> 3 MI)","ANNUAL",8.8,"YES","YES","31,744","26,269","37,219"
"334","FINAL",2016,"CALENDAR YEAR (JAN 1 - DEC 31)","PARTY BOAT","INLAND","ANNUAL",3.6,"YES","YES","46,082","42,831","49,334"
"335","FINAL",2016,"CALENDAR YEAR (JAN 1 - DEC 31)","CHARTER BOAT","OCEAN (<= 3 MI)","ANNUAL",8.8,"YES","YES","45,276","37,467","53,086"
"336","FINAL",2016,"CALENDAR YEAR (JAN 1 - DEC 31)","CHARTER BOAT","OCEAN (> 3 MI)","ANNUAL",10.6,"YES","YES","22,248","17,626","26,870"
"337","FINAL",2016,"CALENDAR YEAR (JAN 1 - DEC 31)","CHARTER BOAT","INLAND","ANNUAL",10.6,"YES","YES","48,922","38,758","59,086"
"338","FINAL",2016,"CALENDAR YEAR (JAN 1 - DEC 31)","CHARTER BOAT","UNKNOWN","ANNUAL",11.1,"YES","YES","81","63","99"
"339","FINAL",2016,"CALENDAR YEAR (JAN 1 - DEC 31)","PRIVATE/RENTAL BOAT","OCEAN (<= 3 MI)","ANNUAL",14.7,"YES","YES","1,624,596","1,156,517","2,092,674"
"340","FINAL",2016,"CALENDAR YEAR (JAN 1 - DEC 31)","PRIVATE/RENTAL BOAT","OCEAN (> 3 MI)","ANNUAL",19.7,"YES","YES","841,532","516,600","1,166,465"
"341","FINAL",2016,"CALENDAR YEAR (JAN 1 - DEC 31)","PRIVATE/RENTAL BOAT","INLAND","ANNUAL",10,"YES","YES","4,448,463","3,576,564","5,320,362"
"342","FINAL",2017,"CALENDAR YEAR (JAN 1 - DEC 31)","SHORE","OCEAN (<= 3 MI)","ANNUAL",28.1,"YES","YES","804,543","361,433","1,247,654"
"343","FINAL",2017,"CALENDAR YEAR (JAN 1 - DEC 31)","SHORE","INLAND","ANNUAL",12.7,"YES","YES","8,198,384","6,157,642","10,239,126"
"344","FINAL",2017,"CALENDAR YEAR (JAN 1 - DEC 31)","PARTY BOAT","OCEAN (<= 3 MI)","ANNUAL",7,"YES","YES","96,684","83,419","109,949"
"345","FINAL",2017,"CALENDAR YEAR (JAN 1 - DEC 31)","PARTY BOAT","OCEAN (> 3 MI)","ANNUAL",13,"YES","YES","33,557","25,006","42,107"
"346","FINAL",2017,"CALENDAR YEAR (JAN 1 - DEC 31)","PARTY BOAT","INLAND","ANNUAL",9.4,"YES","YES","63,714","51,975","75,452"
"347","FINAL",2017,"CALENDAR YEAR (JAN 1 - DEC 31)","CHARTER BOAT","OCEAN (<= 3 MI)","ANNUAL",11.3,"YES","YES","26,898","20,941","32,855"
"348","FINAL",2017,"CALENDAR YEAR (JAN 1 - DEC 31)","CHARTER BOAT","OCEAN (> 3 MI)","ANNUAL",12.8,"YES","YES","10,044","7,524","12,563"
"349","FINAL",2017,"CALENDAR YEAR (JAN 1 - DEC 31)","CHARTER BOAT","INLAND","ANNUAL",13.9,"YES","YES","28,094","20,440","35,747"
"350","FINAL",2017,"CALENDAR YEAR (JAN 1 - DEC 31)","PRIVATE/RENTAL BOAT","OCEAN (<= 3 MI)","ANNUAL",21.6,"YES","YES","1,132,386","652,979","1,611,793"
"351","FINAL",2017,"CALENDAR YEAR (JAN 1 - DEC 31)","PRIVATE/RENTAL BOAT","OCEAN (> 3 MI)","ANNUAL",27.5,"YES","YES","709,861","327,246","1,092,476"
"352","FINAL",2017,"CALENDAR YEAR (JAN 1 - DEC 31)","PRIVATE/RENTAL BOAT","INLAND","ANNUAL",15.3,"YES","YES","5,529,819","3,871,537","7,188,102"
"353","FINAL",2018,"CALENDAR YEAR (JAN 1 - DEC 31)","SHORE","OCEAN (<= 3 MI)","ANNUAL",32,"CAUTION","YES","665,268","248,012","1,082,524"
"354","FINAL",2018,"CALENDAR YEAR (JAN 1 - DEC 31)","SHORE","INLAND","ANNUAL",10.3,"YES","YES","5,621,024","4,486,252","6,755,796"
"355","FINAL",2018,"CALENDAR YEAR (JAN 1 - DEC 31)","PARTY BOAT","OCEAN (<= 3 MI)","ANNUAL",7.7,"YES","YES","61,381","52,117","70,644"
"356","FINAL",2018,"CALENDAR YEAR (JAN 1 - DEC 31)","PARTY BOAT","OCEAN (> 3 MI)","ANNUAL",6.2,"YES","YES","41,616","36,559","46,673"
"357","FINAL",2018,"CALENDAR YEAR (JAN 1 - DEC 31)","PARTY BOAT","INLAND","ANNUAL",8.3,"YES","YES","149,738","125,379","174,098"
"358","FINAL",2018,"CALENDAR YEAR (JAN 1 - DEC 31)","CHARTER BOAT","OCEAN (<= 3 MI)","ANNUAL",13.5,"YES","YES","16,725","12,300","21,150"
"359","FINAL",2018,"CALENDAR YEAR (JAN 1 - DEC 31)","CHARTER BOAT","OCEAN (> 3 MI)","ANNUAL",12.7,"YES","YES","10,544","7,919","13,168"
"360","FINAL",2018,"CALENDAR YEAR (JAN 1 - DEC 31)","CHARTER BOAT","INLAND","ANNUAL",11.9,"YES","YES","24,128","18,501","29,756"
"361","FINAL",2018,"CALENDAR YEAR (JAN 1 - DEC 31)","PRIVATE/RENTAL BOAT","OCEAN (<= 3 MI)","ANNUAL",19,"YES","YES","800,189","502,199","1,098,180"
"362","FINAL",2018,"CALENDAR YEAR (JAN 1 - DEC 31)","PRIVATE/RENTAL BOAT","OCEAN (> 3 MI)","ANNUAL",39.2,"CAUTION","YES","464,873","107,702","822,044"
"363","FINAL",2018,"CALENDAR YEAR (JAN 1 - DEC 31)","PRIVATE/RENTAL BOAT","INLAND","ANNUAL",12.5,"YES","YES","3,386,679","2,556,943","4,216,415"
"364","FINAL",2019,"CALENDAR YEAR (JAN 1 - DEC 31)","SHORE","OCEAN (<= 3 MI)","ANNUAL",28,"YES","YES","1,309,966","591,056","2,028,875"
"365","FINAL",2019,"CALENDAR YEAR (JAN 1 - DEC 31)","SHORE","INLAND","ANNUAL",11.4,"YES","YES","5,883,948","4,569,238","7,198,657"
"366","FINAL",2019,"CALENDAR YEAR (JAN 1 - DEC 31)","PARTY BOAT","OCEAN (<= 3 MI)","ANNUAL",12.1,"YES","YES","72,983","55,675","90,292"
"367","FINAL",2019,"CALENDAR YEAR (JAN 1 - DEC 31)","PARTY BOAT","OCEAN (> 3 MI)","ANNUAL",4.7,"YES","YES","67,923","61,666","74,181"
"368","FINAL",2019,"CALENDAR YEAR (JAN 1 - DEC 31)","PARTY BOAT","INLAND","ANNUAL",8.3,"YES","YES","90,530","75,802","105,257"
"369","FINAL",2019,"CALENDAR YEAR (JAN 1 - DEC 31)","CHARTER BOAT","OCEAN (<= 3 MI)","ANNUAL",17.4,"YES","YES","7,050","4,646","9,454"
"370","FINAL",2019,"CALENDAR YEAR (JAN 1 - DEC 31)","CHARTER BOAT","OCEAN (> 3 MI)","ANNUAL",29.2,"YES","YES","6,569","2,809","10,328"
"371","FINAL",2019,"CALENDAR YEAR (JAN 1 - DEC 31)","CHARTER BOAT","INLAND","ANNUAL",17.2,"YES","YES","20,291","13,451","27,131"
"372","FINAL",2019,"CALENDAR YEAR (JAN 1 - DEC 31)","PRIVATE/RENTAL BOAT","OCEAN (<= 3 MI)","ANNUAL",15.6,"YES","YES","1,483,328","1,029,786","1,936,870"
"373","FINAL",2019,"CALENDAR YEAR (JAN 1 - DEC 31)","PRIVATE/RENTAL BOAT","OCEAN (> 3 MI)","ANNUAL",23.4,"YES","YES","550,829","298,197","803,462"
"374","FINAL",2019,"CALENDAR YEAR (JAN 1 - DEC 31)","PRIVATE/RENTAL BOAT","INLAND","ANNUAL",10.5,"YES","YES","3,918,328","3,111,936","4,724,719"
"375","FINAL",2020,"CALENDAR YEAR (JAN 1 - DEC 31)","SHORE","OCEAN (<= 3 MI)","ANNUAL",25.6,"YES","YES","1,505,763","750,231","2,261,294"
"376","FINAL",2020,"CALENDAR YEAR (JAN 1 - DEC 31)","SHORE","INLAND","ANNUAL",10.1,"YES","YES","7,459,250","5,982,617","8,935,883"
"377","FINAL",2020,"CALENDAR YEAR (JAN 1 - DEC 31)","PARTY BOAT","OCEAN (<= 3 MI)","ANNUAL",8.5,"YES","YES","64,248","53,545","74,952"
"378","FINAL",2020,"CALENDAR YEAR (JAN 1 - DEC 31)","PARTY BOAT","OCEAN (> 3 MI)","ANNUAL",6.2,"YES","YES","77,754","68,306","87,203"
"379","FINAL",2020,"CALENDAR YEAR (JAN 1 - DEC 31)","PARTY BOAT","INLAND","ANNUAL",15.3,"YES","YES","99,889","69,934","129,843"
"380","FINAL",2020,"CALENDAR YEAR (JAN 1 - DEC 31)","CHARTER BOAT","OCEAN (<= 3 MI)","ANNUAL",17.6,"YES","YES","10,554","6,913","14,194"
"381","FINAL",2020,"CALENDAR YEAR (JAN 1 - DEC 31)","CHARTER BOAT","OCEAN (> 3 MI)","ANNUAL",15.2,"YES","YES","4,684","3,289","6,080"
"382","FINAL",2020,"CALENDAR YEAR (JAN 1 - DEC 31)","CHARTER BOAT","INLAND","ANNUAL",16.6,"YES","YES","13,868","9,356","18,380"
"383","FINAL",2020,"CALENDAR YEAR (JAN 1 - DEC 31)","PRIVATE/RENTAL BOAT","OCEAN (<= 3 MI)","ANNUAL",17.8,"YES","YES","825,876","537,745","1,114,008"
"384","FINAL",2020,"CALENDAR YEAR (JAN 1 - DEC 31)","PRIVATE/RENTAL BOAT","OCEAN (> 3 MI)","ANNUAL",20.1,"YES","YES","513,577","311,248","715,905"
"385","FINAL",2020,"CALENDAR YEAR (JAN 1 - DEC 31)","PRIVATE/RENTAL BOAT","INLAND","ANNUAL",9.7,"YES","YES","4,265,573","3,454,602","5,076,544"
"386","FINAL",2021,"CALENDAR YEAR (JAN 1 - DEC 31)","SHORE","OCEAN (<= 3 MI)","ANNUAL",27.2,"YES","YES","1,349,457","630,034","2,068,879"
"387","FINAL",2021,"CALENDAR YEAR (JAN 1 - DEC 31)","SHORE","INLAND","ANNUAL",11.2,"YES","YES","5,626,377","4,391,275","6,861,479"
"388","FINAL",2021,"CALENDAR YEAR (JAN 1 - DEC 31)","PARTY BOAT","OCEAN (<= 3 MI)","ANNUAL",6.3,"YES","YES","49,109","43,045","55,173"
"389","FINAL",2021,"CALENDAR YEAR (JAN 1 - DEC 31)","PARTY BOAT","OCEAN (> 3 MI)","ANNUAL",5.9,"YES","YES","70,193","62,076","78,311"
"390","FINAL",2021,"CALENDAR YEAR (JAN 1 - DEC 31)","PARTY BOAT","INLAND","ANNUAL",11.3,"YES","YES","74,170","57,743","90,598"
"391","FINAL",2021,"CALENDAR YEAR (JAN 1 - DEC 31)","CHARTER BOAT","OCEAN (<= 3 MI)","ANNUAL",17.3,"YES","YES","49,787","32,905","66,669"
"392","FINAL",2021,"CALENDAR YEAR (JAN 1 - DEC 31)","CHARTER BOAT","OCEAN (> 3 MI)","ANNUAL",16,"YES","YES","34,857","23,926","45,788"
"393","FINAL",2021,"CALENDAR YEAR (JAN 1 - DEC 31)","CHARTER BOAT","INLAND","ANNUAL",18.5,"YES","YES","120,834","77,020","164,649"
"394","FINAL",2021,"CALENDAR YEAR (JAN 1 - DEC 31)","PRIVATE/RENTAL BOAT","OCEAN (<= 3 MI)","ANNUAL",18.5,"YES","YES","517,393","329,786","704,999"
"395","FINAL",2021,"CALENDAR YEAR (JAN 1 - DEC 31)","PRIVATE/RENTAL BOAT","OCEAN (> 3 MI)","ANNUAL",28.8,"YES","YES","347,115","151,175","543,054"
"396","FINAL",2021,"CALENDAR YEAR (JAN 1 - DEC 31)","PRIVATE/RENTAL BOAT","INLAND","ANNUAL",11.5,"YES","YES","3,767,646","2,918,418","4,616,873"
"397","FINAL",2022,"CALENDAR YEAR (JAN 1 - DEC 31)","SHORE","OCEAN (<= 3 MI)","ANNUAL",28.9,"YES","YES","1,490,369","646,165","2,334,574"
"398","FINAL",2022,"CALENDAR YEAR (JAN 1 - DEC 31)","SHORE","INLAND","ANNUAL",10.8,"YES","YES","7,357,212","5,799,837","8,914,587"
"399","FINAL",2022,"CALENDAR YEAR (JAN 1 - DEC 31)","PARTY BOAT","OCEAN (<= 3 MI)","ANNUAL",6,"YES","YES","50,968","44,974","56,962"
"400","FINAL",2022,"CALENDAR YEAR (JAN 1 - DEC 31)","PARTY BOAT","OCEAN (> 3 MI)","ANNUAL",3.2,"YES","YES","59,098","55,391","62,804"
"401","FINAL",2022,"CALENDAR YEAR (JAN 1 - DEC 31)","PARTY BOAT","INLAND","ANNUAL",6.1,"YES","YES","65,959","58,073","73,845"
"402","FINAL",2022,"CALENDAR YEAR (JAN 1 - DEC 31)","CHARTER BOAT","OCEAN (<= 3 MI)","ANNUAL",15.2,"YES","YES","36,240","25,444","47,037"
"403","FINAL",2022,"CALENDAR YEAR (JAN 1 - DEC 31)","CHARTER BOAT","OCEAN (> 3 MI)","ANNUAL",13.9,"YES","YES","17,691","12,872","22,511"
"404","FINAL",2022,"CALENDAR YEAR (JAN 1 - DEC 31)","CHARTER BOAT","INLAND","ANNUAL",17,"YES","YES","42,998","28,671","57,325"
"405","FINAL",2022,"CALENDAR YEAR (JAN 1 - DEC 31)","PRIVATE/RENTAL BOAT","OCEAN (<= 3 MI)","ANNUAL",17.7,"YES","YES","1,207,146","788,363","1,625,929"
"406","FINAL",2022,"CALENDAR YEAR (JAN 1 - DEC 31)","PRIVATE/RENTAL BOAT","OCEAN (> 3 MI)","ANNUAL",20.6,"YES","YES","504,010","300,511","707,509"
"407","FINAL",2022,"CALENDAR YEAR (JAN 1 - DEC 31)","PRIVATE/RENTAL BOAT","INLAND","ANNUAL",11.4,"YES","YES","5,643,554","4,382,559","6,904,550"
"408","FINAL",2023,"CALENDAR YEAR (JAN 1 - DEC 31)","SHORE","OCEAN (<= 3 MI)","ANNUAL",24.9,"YES","YES","1,849,573","946,908","2,752,239"
"409","FINAL",2023,"CALENDAR YEAR (JAN 1 - DEC 31)","SHORE","INLAND","ANNUAL",11.9,"YES","YES","5,451,319","4,179,853","6,722,784"
"410","FINAL",2023,"CALENDAR YEAR (JAN 1 - DEC 31)","PARTY BOAT","OCEAN (<= 3 MI)","ANNUAL",5.8,"YES","YES","24,579","21,785","27,373"
"411","FINAL",2023,"CALENDAR YEAR (JAN 1 - DEC 31)","PARTY BOAT","OCEAN (> 3 MI)","ANNUAL",6,"YES","YES","63,739","56,243","71,235"
"412","FINAL",2023,"CALENDAR YEAR (JAN 1 - DEC 31)","PARTY BOAT","INLAND","ANNUAL",6.6,"YES","YES","105,528","91,877","119,179"
"413","FINAL",2023,"CALENDAR YEAR (JAN 1 - DEC 31)","CHARTER BOAT","OCEAN (<= 3 MI)","ANNUAL",32,"CAUTION","YES","6,835","2,548","11,121"
"414","FINAL",2023,"CALENDAR YEAR (JAN 1 - DEC 31)","CHARTER BOAT","OCEAN (> 3 MI)","ANNUAL",36.8,"CAUTION","YES","2,371","661","4,082"
"415","FINAL",2023,"CALENDAR YEAR (JAN 1 - DEC 31)","CHARTER BOAT","INLAND","ANNUAL",35.4,"CAUTION","YES","8,836","2,705","14,967"
"416","FINAL",2023,"CALENDAR YEAR (JAN 1 - DEC 31)","PRIVATE/RENTAL BOAT","OCEAN (<= 3 MI)","ANNUAL",18.9,"YES","YES","827,103","520,711","1,133,495"
"417","FINAL",2023,"CALENDAR YEAR (JAN 1 - DEC 31)","PRIVATE/RENTAL BOAT","OCEAN (> 3 MI)","ANNUAL",23.1,"YES","YES","564,277","308,795","819,759"
"418","FINAL",2023,"CALENDAR YEAR (JAN 1 - DEC 31)","PRIVATE/RENTAL BOAT","INLAND","ANNUAL",10.5,"YES","YES","4,090,390","3,248,588","4,932,193"
"419","FINAL",2024,"CALENDAR YEAR (JAN 1 - DEC 31)","SHORE","OCEAN (<= 3 MI)","ANNUAL",27.4,"YES","YES","962,244","445,480","1,479,007"
"420","FINAL",2024,"CALENDAR YEAR (JAN 1 - DEC 31)","SHORE","INLAND","ANNUAL",12,"YES","YES","6,208,701","4,748,414","7,668,987"
"421","FINAL",2024,"CALENDAR YEAR (JAN 1 - DEC 31)","PARTY BOAT","OCEAN (<= 3 MI)","ANNUAL",5.4,"YES","YES","28,186","25,203","31,169"
"422","FINAL",2024,"CALENDAR YEAR (JAN 1 - DEC 31)","PARTY BOAT","OCEAN (> 3 MI)","ANNUAL",5,"YES","YES","47,640","42,971","52,309"
"423","FINAL",2024,"CALENDAR YEAR (JAN 1 - DEC 31)","PARTY BOAT","INLAND","ANNUAL",5.3,"YES","YES","97,573","87,438","107,709"
"424","FINAL",2024,"CALENDAR YEAR (JAN 1 - DEC 31)","CHARTER BOAT","OCEAN (<= 3 MI)","ANNUAL",16.5,"YES","YES","17,536","11,865","23,207"
"425","FINAL",2024,"CALENDAR YEAR (JAN 1 - DEC 31)","CHARTER BOAT","OCEAN (> 3 MI)","ANNUAL",18.7,"YES","YES","9,569","6,062","13,076"
"426","FINAL",2024,"CALENDAR YEAR (JAN 1 - DEC 31)","CHARTER BOAT","INLAND","ANNUAL",19.1,"YES","YES","46,166","28,883","63,448"
"427","FINAL",2024,"CALENDAR YEAR (JAN 1 - DEC 31)","PRIVATE/RENTAL BOAT","OCEAN (<= 3 MI)","ANNUAL",17.9,"YES","YES","1,106,706","718,429","1,494,982"
"428","FINAL",2024,"CALENDAR YEAR (JAN 1 - DEC 31)","PRIVATE/RENTAL BOAT","OCEAN (> 3 MI)","ANNUAL",24.1,"YES","YES","816,840","430,998","1,202,683"
"429","FINAL",2024,"CALENDAR YEAR (JAN 1 - DEC 31)","PRIVATE/RENTAL BOAT","INLAND","ANNUAL",14.6,"YES","YES","4,067,826","2,903,777","5,231,875"
"430","PRELIMINARY",2025,"CALENDAR YEAR (JAN 1 - DEC 31)","SHORE","OCEAN (<= 3 MI)","WAVE 3",49.8,"CAUTION","YES","156,864","3,752","309,976"
"431","PRELIMINARY",2025,"CALENDAR YEAR (JAN 1 - DEC 31)","SHORE","INLAND","WAVE 3",18.7,"YES","YES","1,986,548","1,258,438","2,714,657"
"432","PRELIMINARY",2025,"CALENDAR YEAR (JAN 1 - DEC 31)","PARTY BOAT","OCEAN (<= 3 MI)","WAVE 3",9.8,"YES","YES","5,147","4,159","6,136"
"433","PRELIMINARY",2025,"CALENDAR YEAR (JAN 1 - DEC 31)","PARTY BOAT","OCEAN (> 3 MI)","WAVE 3",8.8,"YES","YES","6,817","5,641","7,992"
"434","PRELIMINARY",2025,"CALENDAR YEAR (JAN 1 - DEC 31)","PARTY BOAT","INLAND","WAVE 3",9.6,"YES","YES","31,970","25,955","37,986"
"435","PRELIMINARY",2025,"CALENDAR YEAR (JAN 1 - DEC 31)","CHARTER BOAT","OCEAN (<= 3 MI)","WAVE 3",29.5,"YES","YES","3,704","1,563","5,846"
"436","PRELIMINARY",2025,"CALENDAR YEAR (JAN 1 - DEC 31)","CHARTER BOAT","OCEAN (> 3 MI)","WAVE 3",30.5,"CAUTION","YES","2,263","910","3,616"
"437","PRELIMINARY",2025,"CALENDAR YEAR (JAN 1 - DEC 31)","CHARTER BOAT","INLAND","WAVE 3",30.4,"CAUTION","YES","14,865","6,008","23,721"
"438","PRELIMINARY",2025,"CALENDAR YEAR (JAN 1 - DEC 31)","PRIVATE/RENTAL BOAT","OCEAN (<= 3 MI)","WAVE 3",33.1,"CAUTION","YES","86,519","30,389","142,649"
"439","PRELIMINARY",2025,"CALENDAR YEAR (JAN 1 - DEC 31)","PRIVATE/RENTAL BOAT","OCEAN (> 3 MI)","WAVE 3",45.8,"CAUTION","YES","82,993","8,492","157,493"
"440","PRELIMINARY",2025,"CALENDAR YEAR (JAN 1 - DEC 31)","PRIVATE/RENTAL BOAT","INLAND","WAVE 3",15.6,"YES","YES","1,310,718","909,953","1,711,484"
