Year,Month,Day,Hour,Minute,Second,Cruise,Station,Bot.depth [m],Cast,Niskin_Bottle#,Longitude,Latitude,Pressure [db],Depth [m],Temp [°C],Salinity,pH_CTD,Flouresence,PAR%,Density [g/L],pTemp [°C],Sigma_Density [g/L],DO [mg/L],DO [umol/kg],DO_solubility [mg/L],DO_solubility [umol/kg],DO%,Flag_TA,TA [umol/kg],Flag_DIC,DIC [umol/kg],Flag_pH_Spec,pH_Spec [25 degC],pH_from_DIC-TA [25 degC],pH_from_DIC-TA_in situ,fCO2 [uatm],pCO2 [uatm],HCO3 [umol/kg SW],CO3 [umol/kg SW],CO2 [umol/kg SW],B-Alk [umol/kg SW],OH [umol/kg SW],P-Alk [umol/kg SW],Si-Alk [umol/kg SW],Revelle_factor,ΩCa,ΩAr,pH_from_SpecpH-TA_in situ
2023,10,2,21,35,6,NYOS2309,LIS_ARIG,16,C01,3,-73.57986,40.96164,2.29,2.272,19.8697,25.9614,7.848,2.6418,1.32E+01,1017.9254,19.8693,22.246,8.8781,272.56,7.82057,240.09488,113.522,2,1872.2,2,1775.6,,7.766252007,7.756,7.829,624.4,626.6,1673.8,80.4,21.3,35.4,2.1,0,0,15.213,2.05,1.29,7.839403149
2023,10,2,21,33,26,NYOS2309,LIS_ARIG,16,C01,2,-73.57986,40.96164,6.662,6.61,18.8163,26.0836,7.654,0.7705,7.96E-01,1018.2946,18.8152,22.6128,7.143,219.219,7.97211,244.66293,89.601,2,1869.2,2,1816.2,,7.626206444,7.601,7.683,892.7,895.7,1727.5,57.3,31.4,25.7,1.4,0,0,17.473,1.45,0.92,7.71469576
2023,10,2,21,31,28,NYOS2309,LIS_ARIG,16,C01,1,-73.57986,40.96164,13.364,13.26,18.7997,26.1997,7.612,0.5871,2.37E-02,1018.4168,18.7974,22.705,6.803,208.764,7.96911,244.54875,85.367,2,1868.8,2,1827.4,,7.60388492,7.555,7.636,1001,1004.4,1740.3,52,35.2,23.4,1.3,0,0,17.918,1.31,0.83,7.692616835
2023,10,3,6,41,34,NYOS2309,8.1,15.68,C02,3,-73.405,40.5699,2.296,2.278,18.3912,30.4744,7.898,1.4404,1.84E+04,1021.7254,18.3908,26.0417,8.1808,250.219,7.82871,239.45089,104.497,2,2062.1,2,1899,,7.871920335,7.861,7.957,469.8,471.5,1761.1,121.5,16.3,55.2,2.7,0,0,12.642,2.99,1.92,7.966630771
2023,10,3,6,40,37,NYOS2309,8.1,15.68,C02,2,-73.405,40.5699,7.282,7.226,18.1557,30.5059,7.871,1.4374,1.43E+04,1021.8284,18.1545,26.1266,7.8596,240.378,7.86238,240.46155,99.965,2,2067.3,2,1923.1,,7.826022619,7.811,7.91,532.4,534.3,1794.3,110.2,18.6,50.1,2.4,0,0,13.401,2.71,1.74,7.92418729
2023,10,3,6,39,33,NYOS2309,8.1,15.68,C02,1,-73.405,40.5699,13.708,13.602,18.0825,30.804,7.818,1.1567,6.12E+03,1022.1022,18.0802,26.3715,6.8876,210.599,7.85929,240.30931,87.637,2,2082,2,1943.7,,7.799723698,7.79,7.89,563.5,565.4,1816.9,107.1,19.7,48.8,2.3,0,0,13.669,2.63,1.68,7.898963182
2023,10,3,9,32,26,NYOS2309,8.2,34,C03,4,-73.22255,40.2999,2.673,2.653,18.7857,32.2442,8.008,0.5926,3.27E+04,1022.9816,18.7853,27.2783,7.4877,228.74,7.68878,234.88246,97.385,2,2175.7,2,1945.5,,7.979090252,7.971,8.063,367.2,368.5,1767.7,165.2,12.5,73.7,3.8,0,0,10.875,4.02,2.59,8.068026781
2023,10,3,9,32,26,NYOS2309,8.2,34,C03,4,-73.22255,40.2999,2.673,2.653,18.7857,32.2442,8.008,0.5926,3.27E+04,1022.9816,18.7853,27.2783,7.4877,228.74,7.68878,234.88246,97.385,2,2177.2,2,1947.7,,7.977591773,7.969,8.062,369.1,370.4,1770.3,164.9,12.6,73.5,3.7,0,0,10.897,4.01,2.59,8.065463186
2023,10,3,9,31,1,NYOS2309,8.2,34,C03,3,-73.22255,40.2999,10.145,10.066,18.7772,32.2453,8.007,0.6184,1.43E+04,1023.0174,18.7754,27.2817,7.4826,228.582,7.68997,234.91808,97.303,2,2177.3,2,1944.2,,7.980579396,7.976,8.069,361.8,363,1764.8,167.1,12.3,74.5,3.8,0,0,10.808,4.06,2.62,8.069640166
2023,10,3,9,29,36,NYOS2309,8.2,34,C03,2,-73.22255,40.2999,19.964,19.809,18.671,32.2585,7.994,0.83,1.02E+04,1023.097,18.6676,27.3203,7.196,219.821,7.70473,235.3604,93.398,2,2177.7,2,1955.1,,7.967997974,7.955,8.048,382.1,383.4,1781.6,160.5,13,71.6,3.6,0,0,11.077,3.9,2.51,8.058611644
2023,10,3,9,28,11,NYOS2309,8.2,34,C03,1,-73.22255,40.2999,30.017,29.784,18.6409,32.2609,7.986,0.45,1.22E+04,1023.1506,18.6357,27.3305,7.077,216.183,7.70899,235.48835,91.802,2,2178.4,2,1958.3,,7.958761309,7.95,8.043,387.4,388.7,1786.2,158.9,13.2,71,3.5,0,0,11.147,3.85,2.48,8.049815318
2023,10,3,12,17,33,NYOS2309,8.3,43,C04,4,-73.08006,40.07746,2.219,2.202,17.8997,32.0856,7.997,0.5364,3.20E+00,1023.0754,17.8993,27.3898,7.3135,223.397,7.82625,239.05972,93.448,2,2171.7,2,1955.1,,7.944557408,7.946,8.051,379.6,380.9,1785.5,156.3,13.3,70.1,3.4,0,0,11.243,3.81,2.45,8.046483343
2023,10,3,12,16,1,NYOS2309,8.3,43,C04,3,-73.08006,40.07746,10.325,10.246,17.8885,32.0904,7.987,0.5183,1.83E+00,1023.1174,17.8868,27.3967,7.2053,220.091,7.82769,239.10218,92.049,2,2170.6,2,1956.8,,7.945367813,7.94,8.045,385,386.4,1788.8,154.6,13.5,69.4,3.3,0,0,11.314,3.76,2.42,8.047458455
2023,10,3,12,14,27,NYOS2309,8.3,43,C04,2,-73.08006,40.07746,25.469,25.272,17.4337,32.0089,7.985,0.2187,4.02E-01,1023.2307,17.4295,27.4517,7.281,222.392,7.90004,241.30099,92.164,2,2170.7,2,1956.7,,7.92183429,7.941,8.053,376.6,377.9,1788.8,154.6,13.3,69.6,3.2,0,0,11.322,3.75,2.41,8.051283137
2023,10,3,12,12,31,NYOS2309,8.3,43,C04,1,-73.08006,40.07746,38.219,37.923,17.4862,32.2277,7.97,0.0954,8.88E-02,1023.442,17.4799,27.6051,6.9358,211.817,7.88165,240.70279,87.999,2,2182,2,1975.6,,7.92911702,7.921,8.031,400.6,402,1811.4,150,14.2,67.5,3.1,0,0,11.564,3.63,2.33,8.037132273
2023,10,3,15,4,1,NYOS2309,8.4,60,C05,5,-72.91222,39.84236,2.09,2.074,18.2282,32.9518,8.015,0.0518,5.80E+01,1023.6575,18.2278,27.9615,7.3989,225.878,7.73722,236.20565,95.627,2,2219.7,2,1989.3,,7.960644473,7.956,8.056,379.7,381,1810.3,165.9,13.1,74,3.6,0,0,10.988,4.02,2.59,8.057745144
2023,10,3,15,4,1,NYOS2309,8.4,60,C05,5,-72.91222,39.84236,2.09,2.074,18.2282,32.9518,8.015,0.0518,5.80E+01,1023.6575,18.2278,27.9615,7.3989,225.878,7.73722,236.20565,95.627,2,2215.5,2,1999.3,,7.960575589,7.927,8.027,409.8,411.2,1828.4,156.8,14.1,70.1,3.3,0,0,11.349,3.8,2.45,8.05767626
2023,10,3,15,2,22,NYOS2309,8.4,60,C05,4,-72.91222,39.84236,20.822,20.662,18.508,33.2759,8.013,0.3774,5.31E+00,1023.9186,18.5044,28.1344,7.2225,220.454,7.68153,234.46445,94.025,2,2234.8,2,1997.7,,7.969402634,7.963,8.058,378.2,379.5,1814.4,170.4,12.9,75.9,3.7,0,0,10.85,4.11,2.65,8.062401956
2023,10,3,15,1,2,NYOS2309,8.4,60,C05,3,-72.91222,39.84236,29.98,29.749,18.6662,33.3727,7.995,0.376,1.84E+00,1023.9934,18.661,28.1662,7.0381,214.816,7.65428,233.62454,91.949,2,2238.8,2,2004.8,,7.963256311,7.955,8.048,389.4,390.7,1823,168.6,13.2,75,3.7,0,0,10.931,4.05,2.62,8.053940195
2023,10,3,14,59,28,NYOS2309,8.4,60,C05,2,-72.91222,39.84236,43.855,43.515,15.5277,33.0763,7.87,0.1464,4.59E-01,1024.5685,15.521,28.7345,5.807,177.154,8.14611,248.51186,71.286,2,2226.5,2,2054.5,,7.839271865,7.828,7.965,481.9,483.6,1907.7,128.8,18,59,2.2,0,0,12.811,3.09,1.98,7.976365525
2023,10,3,14,56,51,NYOS2309,8.4,60,C05,1,-72.91222,39.84236,58.657,58.2,12.3265,32.6906,7.725,0.1225,6.12E-02,1024.9981,12.3189,29.1589,4.7479,144.791,8.7151,265.77653,54.479,2,2208,2,2110.1,,7.669171058,7.644,7.822,685.9,688.5,1996.9,84.9,28.3,40.2,1.2,0,0,15.938,2.03,1.29,7.854652887
2023,10,3,17,48,27,NYOS2309,8.5,68,C06,5,-72.74847,39.59892,2.19,2.173,19.5308,33.2367,8.035,0.0328,2.84E+00,1023.5484,19.5305,27.829,7.1747,219.056,7.53795,230.14686,95.181,2,2233.1,2,1982.9,,7.99566777,7.989,8.07,366.9,368.2,1791.6,179.1,12.2,79,4.2,0,0,10.524,4.34,2.81,8.073741465
2023,10,3,17,46,26,NYOS2309,8.5,68,C06,4,-72.74847,39.59892,25.685,25.488,19.244,33.3937,8.016,0.1916,3.88E+00,1023.8447,19.2394,28.027,7.1137,217.153,7.57113,231.116,93.959,2,2240.4,2,1992.5,,7.984464234,7.981,8.066,370.7,372,1802.5,177.7,12.4,78.6,4,0,0,10.595,4.28,2.77,8.06671264
2023,10,3,17,45,0,NYOS2309,8.5,68,C06,3,-72.74847,39.59892,35.438,35.165,16.5306,33.0965,7.913,0.5252,1.86E+00,1024.3197,16.5249,28.5055,6.328,193.086,7.98642,243.69052,79.234,2,2231.5,2,2027.6,,7.899682814,7.898,8.022,416.7,418.2,1863.7,148.8,15.1,67.3,2.8,0,0,11.777,3.58,2.3,8.021837013
2023,10,3,17,43,21,NYOS2309,8.5,68,C06,2,-72.74847,39.59892,45.381,45.03,11.6198,32.6068,7.665,0.1359,4.81E-01,1025.0057,11.6142,29.2402,4.5012,137.26,8.85041,269.88536,50.858,2,2201.2,2,2115.9,,7.627280722,7.61,7.796,729.3,732.1,2007.2,77.9,30.8,37.2,1,0,0,16.529,1.87,1.19,7.823591363
2023,10,3,17,41,24,NYOS2309,8.5,68,C06,1,-72.74847,39.59892,65.463,64.953,10.9693,32.7131,7.702,0.0855,3.19E-02,1025.2963,10.9615,29.4528,4.877,148.691,8.96787,273.41398,54.383,2,2207.5,2,2115.8,,7.645856755,7.626,7.823,680.1,682.7,2005.5,81,29.3,38.9,1,0,0,16.292,1.93,1.23,7.852182664
2023,10,3,20,31,9,NYOS2309,8.6,122,C07,6,-72.58607,39.35492,2.35,2.332,21.3562,34.5092,8.059,0.0413,2.72E+00,1024.0334,21.3558,28.2776,6.8665,209.547,7.23664,220.84267,94.885,2,2295.2,2,2015.8,,8.025651852,8.017,8.071,371.5,372.8,1804.7,199.4,11.6,86.6,5.1,0,0,10.019,4.79,3.12,8.077345271
2023,10,3,20,29,23,NYOS2309,8.6,122,C07,5,-72.58607,39.35492,25.272,25.079,20.9537,34.4777,8.05,0.1058,2.45E+00,1024.219,20.9489,28.3707,6.8972,210.466,7.29063,222.47162,94.604,2,2294.6,2,2013.8,,8.022682698,8.02,8.079,362.4,363.6,1802.2,200.1,11.5,87.2,5,0,0,9.998,4.79,3.12,8.080164816
2023,10,3,20,27,47,NYOS2309,8.6,122,C07,4,-72.58607,39.35492,40.361,40.05,18.702,33.8831,7.99,0.3141,6.55E-01,1024.4191,18.6949,28.5433,6.8974,210.445,7.62633,232.68473,90.448,2,2278.6,2,2024.3,,7.983811694,7.981,8.074,367.1,368.3,1829.7,182.2,12.4,80.5,3.9,0,0,10.555,4.36,2.82,8.073971952
2023,10,3,20,27,47,NYOS2309,8.6,122,C07,4,-72.58607,39.35492,40.361,40.05,18.702,33.8831,7.99,0.3141,6.55E-01,1024.4191,18.6949,28.5433,6.8974,210.445,7.62633,232.68473,90.448,2,2278.6,2,2025.6,,7.982060078,7.979,8.071,369.6,370.9,1831.7,181.4,12.5,80.1,3.9,0,0,10.584,4.34,2.81,8.072220336
2023,10,3,20,25,28,NYOS2309,8.6,122,C07,3,-72.58607,39.35492,60.96,60.488,10.1722,33.2205,7.73,-0.0151,8.09E-02,1025.8098,10.1652,29.999,6.1052,186.041,9.09388,277.11162,67.136,2,2236,2,2120.3,,7.692778731,7.685,7.898,566.8,569,2001,94.2,25,45.4,1.1,0,0,15.277,2.24,1.42,7.911439705
2023,10,3,20,23,15,NYOS2309,8.6,122,C07,2,-72.58607,39.35492,90.294,89.588,10.8879,33.7546,7.752,-0.0378,4.88E-14,1026.2332,10.877,30.2729,5.932,180.709,8.92422,271.86409,66.47,2,2262.3,2,2133.5,,7.714816943,7.711,7.913,549.4,551.5,2007.7,102.2,23.6,48.9,1.3,0,0,14.715,2.41,1.54,7.922399337
2023,10,3,20,20,10,NYOS2309,8.6,122,C07,1,-72.58607,39.35492,119.234,118.294,12.3738,34.6146,7.786,-0.0326,4.99E-14,1026.7518,12.3581,30.6298,5.6022,170.597,8.60183,261.94264,65.128,2,2300.2,2,2151.9,,7.752634167,7.746,7.926,538.4,540.4,2015.4,114.6,21.9,54.1,1.5,0,0,13.922,2.68,1.71,7.937393129
2023,10,3,23,18,31,NYOS2309,8.7,930,C08,7,-72.42187,39.11392,2.983,2.96,23.8465,35.0806,8.075,0.1412,4.69E+04,1023.7607,23.8459,27.9633,6.5199,199.025,6.90313,210.72165,94.449,2,2325.8,2,2024.1,,8.050835721,8.043,8.06,384.7,385.9,1797.8,215.1,11.2,91.6,6.2,0,0,9.645,5.16,3.39,8.06706284
2023,10,3,23,18,31,NYOS2309,8.7,930,C08,7,-72.42187,39.11392,2.983,2.96,23.8465,35.0806,8.075,0.1412,4.69E+04,1023.7607,23.8459,27.9633,6.5199,199.025,6.90313,210.72165,94.449,2,2325.6,2,2020.9,,8.050499811,8.048,8.065,379.1,380.4,1792.8,217,11.1,92.4,6.3,0,0,9.594,5.21,3.42,8.066726931
2023,10,3,23,17,27,NYOS2309,8.7,930,C08,6,-72.42187,39.11392,9.379,9.308,23.8388,35.0778,8.071,0.2042,3.88E+04,1023.7885,23.8368,27.964,6.5259,199.206,6.90417,210.75322,94.521,2,2324.5,2,2023.9,,8.053291157,8.042,8.058,385.9,387.2,1798.2,214.4,11.3,91.3,6.2,0,0,9.66,5.14,3.38,8.069627022
2023,10,3,23,16,19,NYOS2309,8.7,930,C08,5,-72.42187,39.11392,20.052,19.899,23.7398,35.0628,8.06,0.2028,6.12E+04,1023.8524,23.7357,27.9839,6.5214,199.064,6.91659,211.1287,94.286,2,2324.4,2,2023.5,,8.049692934,8.042,8.06,383.7,384.9,1797.7,214.5,11.2,91.5,6.2,0,0,9.657,5.14,3.37,8.067427451
2023,10,3,23,14,50,NYOS2309,8.7,930,C08,4,-72.42187,39.11392,40.584,40.272,20.8895,34.974,8,0.5723,5.71E+04,1024.6808,20.8818,28.7646,6.5076,198.501,7.2779,221.99713,89.417,2,2331,2,2053.9,,8.012970163,8.001,8.061,385.1,386.4,1843.4,198.4,12.2,86.1,4.8,0,0,10.156,4.72,3.08,8.071377061
2023,10,3,23,13,13,NYOS2309,8.7,930,C08,3,-72.42187,39.11392,59.917,59.454,14.3394,34.6807,7.866,0.2096,6.94E+04,1026.135,14.3307,30.2408,6.2375,190.01,8.25949,251.60361,75.52,2,2303.3,2,2122.4,,7.831638727,7.82,7.975,479.7,481.4,1969.2,134.9,18.4,62.3,2.1,0,0,12.694,3.19,2.04,7.986568533
2023,10,3,23,11,42,NYOS2309,8.7,930,C08,2,-72.42187,39.11392,81.141,80.51,14.8721,35.5657,7.849,-0.0217,6.73E+04,1026.7961,14.8599,30.7939,5.2724,160.521,8.12747,247.44477,64.871,2,2341,2,2150.8,,7.821260178,7.825,7.971,488.3,490.1,1991.2,141.2,18.3,65.1,2.2,0,0,12.451,3.31,2.13,7.968176064
2023,10,3,23,9,51,NYOS2309,8.7,930,C08,1,-72.42187,39.11392,102.121,101.322,14.4289,35.7561,7.854,-0.074,3.67E+04,1027.1331,14.4138,31.0448,5.28,160.713,8.19003,249.29003,64.469,2,2347.8,2,2159.7,,7.818925982,7.817,7.97,490,491.8,2001.3,139.8,18.6,64.8,2.1,0,0,12.54,3.26,2.09,7.972507277
2023,10,4,0,13,55,NYOS2309,8.7,877,C09,7,-72.4256,39.11324,115.411,114.504,14.4095,35.7932,7.83,-0.0759,5.06E-11,1027.2249,14.3924,31.0782,4.9758,151.448,8.19134,249.32186,60.744,2,2349.6,2,2168.3,,7.809049677,7.802,7.954,510.6,512.5,2013.3,135.7,19.4,62.9,2.1,0,0,12.764,3.15,2.03,7.962923204
2023,10,4,0,12,3,NYOS2309,8.7,877,C09,6,-72.4256,39.11324,151.42,150.216,12.8695,35.5893,7.789,-0.0592,1.02E+04,1027.5516,12.8488,31.2726,4.7873,145.689,8.46216,257.52399,56.573,2,2338.8,2,2174.8,,7.767990582,7.767,7.939,524.2,526.1,2029.5,124.5,20.9,58.7,1.7,0,0,13.381,2.88,1.84,7.945188341
2023,10,4,0,10,22,NYOS2309,8.7,877,C09,5,-72.4256,39.11324,177.374,175.954,11.9174,35.5095,7.741,-0.0642,8.16E+03,1027.7951,11.8943,31.4172,4.1988,127.764,8.63533,262.76182,48.624,2,2334.9,2,2192.7,,7.724283658,7.717,7.901,575.1,577.3,2057.8,111.3,23.6,53.1,1.4,0,0,14.223,2.56,1.64,7.916027609
2023,10,4,0,8,42,NYOS2309,8.7,877,C09,4,-72.4256,39.11324,202.28,200.648,10.7024,35.3564,7.715,-0.0666,4.08E+03,1028.0172,10.6778,31.5493,4.2221,128.461,8.86876,269.83684,47.607,2,2325.6,2,2193.4,,7.732831308,7.696,7.896,577.1,579.3,2063.7,105,24.7,50.7,1.2,0,0,14.649,2.4,1.54,7.94327976
2023,10,4,0,7,5,NYOS2309,8.7,877,C09,3,-72.4256,39.11324,226.685,224.843,9.7623,35.2517,7.695,-0.0601,5.06E-11,1028.2131,9.7363,31.6523,4.3326,131.811,9.05649,275.52656,47.84,2,2321.6,2,2198.5,,7.743552324,7.674,7.887,586.9,589.1,2073.3,99.3,25.9,48.5,1.1,0,0,15.067,2.27,1.44,7.968583533
2023,10,4,0,4,50,NYOS2309,8.7,877,C09,2,-72.4256,39.11324,276.135,273.858,8.2527,35.1014,7.683,-0.054,5.06E-11,1028.5704,8.224,31.8128,4.9146,149.499,9.37219,285.09632,52.438,2,2314.8,2,2203.3,,7.674679244,7.646,7.878,591.4,593.7,2083.7,92.2,27.5,45.8,0.9,0,0,15.628,2.08,1.33,7.9233311
2023,10,4,0,3,3,NYOS2309,8.7,877,C09,1,-72.4256,39.11324,303.97,301.444,7.8559,35.0737,7.688,-0.057,6.12E+03,1028.7373,7.8252,31.8605,5.123,155.832,9.45773,287.68767,54.167,2,2314.5,2,2199.5,,na,7.656,7.893,566.2,568.5,2078.9,93.9,26.7,46.9,0.9,0,0,15.496,2.11,1.34,na
2023,10,4,3,38,32,NYOS2309,9.7,882.8,C10,7,-72.08714,39.32141,2.733,2.712,23.2053,35.2737,8.07,0.0863,9.43E-01,1024.0936,23.2047,28.305,6.5619,200.241,6.97264,212.77407,94.11,2,2338,2,2031.9,,8.049594527,8.046,8.073,372.9,374.1,1802.8,218,11.1,93.1,6.1,0,0,9.605,5.22,3.42,8.074896497
2023,10,4,3,37,39,NYOS2309,9.7,882.8,C10,6,-72.08714,39.32141,9.221,9.151,23.1104,35.2718,8.065,0.063,5.06E-11,1024.1478,23.1085,28.3328,6.5764,200.679,6.98426,213.12325,94.161,2,2338.2,2,2034.1,,8.048052559,8.043,8.071,375.1,376.3,1806.3,216.6,11.2,92.6,6,0,0,9.641,5.18,3.4,8.074700977
2023,10,4,3,36,39,NYOS2309,9.7,882.8,C10,5,-72.08714,39.32141,20.319,20.163,22.4467,35.198,8.058,0.0701,5.06E-11,1024.3303,22.4427,28.4776,6.6544,203.032,7.0691,215.68355,94.134,2,2334.8,2,2032.1,,8.042610315,8.042,8.079,365.6,366.8,1805.5,215.5,11.1,92.6,5.8,0,0,9.666,5.14,3.37,8.078699529
2023,10,4,3,35,10,NYOS2309,9.7,882.8,C10,4,-72.08714,39.32141,40.734,40.421,22.429,35.2222,8.027,0.1718,5.06E-11,1024.4423,22.4208,28.5023,6.5822,200.824,7.07032,215.71572,93.097,2,2335.4,2,2035.9,,8.036724199,8.036,8.073,371.3,372.5,1811.3,213.3,11.3,91.8,5.7,0,0,9.723,5.08,3.32,8.073065767
2023,10,4,3,33,42,NYOS2309,9.7,882.8,C10,3,-72.08714,39.32141,60.638,60.168,14.8977,35.3134,7.857,0.0951,5.06E-11,1026.5051,14.8886,30.5941,5.4372,165.571,8.13596,247.75186,66.829,2,2329.2,2,2144.5,,7.82323557,7.817,7.964,497.6,499.4,1988.1,137.7,18.7,63.4,2.2,0,0,12.604,3.24,2.08,7.969767076
2023,10,4,3,32,18,NYOS2309,9.7,882.8,C10,2,-72.08714,39.32141,81.671,81.034,15.2487,35.7513,7.854,-0.0269,5.06E-11,1026.8576,15.2361,30.8456,5.0758,154.527,8.05785,245.31085,62.992,2,2348.4,2,2156.6,,7.827758597,7.825,7.966,496.6,498.3,1995.7,142.5,18.4,65.5,2.3,0,0,12.404,3.33,2.15,7.969026788
2023,10,4,3,32,18,NYOS2309,9.7,882.8,C10,2,-72.08714,39.32141,81.671,81.034,15.2487,35.7513,7.854,-0.0269,5.06E-11,1026.8576,15.2361,30.8456,5.0758,154.527,8.05785,245.31085,62.992,2,2348.7,2,2161,,7.829604012,7.816,7.957,508.6,510.5,2002.2,140,18.8,64.3,2.2,0,0,12.534,3.27,2.11,7.970872202
2023,10,4,3,30,56,NYOS2309,9.7,882.8,C10,1,-72.08714,39.32141,100.65,99.86,14.4806,35.7543,7.856,-0.0718,5.06E-11,1027.1139,14.4657,31.0313,5.3141,161.754,8.18164,249.03794,64.951,2,2345.3,2,2159.7,,7.81987036,7.812,7.964,497.3,499.1,2002.6,138.3,18.8,64.1,2.1,0,0,12.611,3.22,2.07,7.972673066
2023,10,4,4,17,12,NYOS2309,9.7,1034,C11,7,-72.09112,39.31814,111.163,110.288,13.815,35.7042,7.839,-0.0795,4.08E+03,1027.265,13.799,31.1474,5.223,158.966,8.29453,252.44853,62.97,2,2343.9,2,2163.5,,7.828471493,7.802,7.963,497.4,499.2,2009.4,134.8,19.2,62.9,2,0,0,12.796,3.14,2.01,7.991319416
2023,10,4,4,14,37,NYOS2309,9.7,1034,C11,6,-72.09112,39.31814,151.263,150.058,12.4843,35.5535,7.777,-0.0655,2.04E+03,1027.6008,12.464,31.3291,4.5482,138.406,8.53164,259.62614,53.31,2,2335.1,2,2179.1,,7.749092988,7.749,7.927,540.2,542.2,2037.8,119.5,21.8,56.6,1.6,0,0,13.675,2.76,1.77,7.932164155
2023,10,4,4,12,47,NYOS2309,9.7,1034,C11,5,-72.09112,39.31814,177.49,176.065,11.5474,35.436,7.746,-0.0612,5.06E-11,1027.81,11.5247,31.4381,4.3664,132.863,8.70672,264.93085,50.15,2,2329.5,2,2187,,7.721536503,7.719,7.909,561.7,563.8,2052.4,111.2,23.4,53.3,1.4,0,0,14.211,2.56,1.64,7.91895957
2023,10,4,4,11,5,NYOS2309,9.7,1034,C11,4,-72.09112,39.31814,202.32,200.684,10.9069,35.3822,7.725,-0.0458,5.06E-11,1027.9999,10.882,31.5283,4.1977,127.718,8.82867,268.62171,47.546,2,2326.3,2,2194,,7.70105602,7.695,7.893,582.4,584.6,2064.1,105.1,24.8,50.7,1.3,0,0,14.637,2.41,1.54,7.908345067
2023,10,4,4,11,5,NYOS2309,9.7,1034,C11,4,-72.09112,39.31814,202.32,200.684,10.9069,35.3822,7.725,-0.0458,5.06E-11,1027.9999,10.882,31.5283,4.1977,127.718,8.82867,268.62171,47.546,2,2326.1,2,2192.1,,7.70265183,7.7,7.897,575.7,577.9,2061.6,106.1,24.5,51.2,1.3,0,0,14.567,2.43,1.55,7.909940877
2023,10,4,4,8,20,NYOS2309,9.7,1034,C11,3,-72.09112,39.31814,252.464,250.393,9.8525,35.2508,7.698,-0.0595,5.06E-11,1028.3128,9.8233,31.635,4.1401,125.956,9.03879,274.99248,45.803,2,2323,2,2194.6,,7.680557264,7.687,7.898,568.3,570.5,2067.2,102.3,25,50,1.1,0,0,14.845,2.32,1.48,7.904185096
2023,10,4,4,6,35,NYOS2309,9.7,1034,C11,2,-72.09112,39.31814,278.336,276.035,9.2057,35.2097,7.695,-0.0601,5.06E-11,1028.5087,9.1747,31.7253,4.4674,135.905,9.16986,278.95941,48.719,2,2319.9,2,2195.5,,7.676864714,7.678,7.897,566.2,568.4,2070.3,99.7,25.5,49.1,1.1,0,0,15.036,2.25,1.44,7.910575625
2023,10,4,4,4,58,NYOS2309,9.7,1034,C11,1,-72.09112,39.31814,302.587,300.068,8.4286,35.1427,7.697,-0.0581,5.06E-11,1028.6945,8.3967,31.8145,4.8193,146.6,9.33295,283.90111,51.638,2,2316.1,2,2194.2,,7.670976253,7.673,7.903,554.4,556.6,2070.7,97.9,25.6,48.6,1,0,0,15.169,2.2,1.4,7.916862772
2023,10,4,10,25,34,NYOS2309,9.6,135,C12,6,-72.24054,39.5486,2.833,2.812,18.2729,32.8248,8,0.1357,1.71E+01,1023.5526,18.2724,27.8535,7.3088,223.151,7.73656,236.21053,94.471,2,2212.6,2,1987.7,,7.959364874,7.947,8.047,388.4,389.7,1811.9,162.4,13.4,72.4,3.5,0,0,11.11,3.94,2.54,8.055809797
2023,10,4,10,25,34,NYOS2309,9.6,135,C12,6,-72.24054,39.5486,2.833,2.812,18.2729,32.8248,8,0.1357,1.71E+01,1023.5526,18.2724,27.8535,7.3088,223.151,7.73656,236.21053,94.471,2,2212.7,2,1990.2,,7.959097334,7.942,8.042,393.8,395.2,1815.8,160.8,13.6,71.7,3.4,0,0,11.175,3.9,2.51,8.055542257
2023,10,4,10,24,28,NYOS2309,9.6,135,C12,5,-72.24054,39.5486,14.896,14.782,18.1426,32.8209,7.991,0.2203,5.06E-11,1023.6347,18.1401,27.8852,7.3093,223.158,7.75586,236.793,94.242,2,2212.2,2,1988,,7.962759369,7.946,8.047,387.6,388.9,1812.7,161.8,13.4,72.3,3.4,0,0,11.131,3.92,2.52,8.061116351
2023,10,4,10,22,15,NYOS2309,9.6,135,C12,4,-72.24054,39.5486,50.428,50.038,12.7175,33.1145,7.836,0.0625,5.06E-11,1025.214,12.7108,29.4014,6.7989,207.29,8.6214,262.85413,78.861,2,2228.2,2,2081.8,,7.785854673,7.766,7.944,506.6,508.5,1948.8,112.5,20.6,52.9,1.6,0,0,13.861,2.69,1.71,7.965368189
2023,10,4,10,20,34,NYOS2309,9.6,135,C12,3,-72.24054,39.5486,71.811,71.251,10.3868,33.5181,7.762,-0.0233,5.06E-11,1026.054,10.3784,30.188,6.2207,189.522,9.03451,275.24997,68.855,2,2249.1,2,2130.3,,7.704662276,7.689,7.898,568.8,571,2009.3,96.2,24.9,46.3,1.2,0,0,15.149,2.28,1.45,7.919995508
2023,10,4,10,18,26,NYOS2309,9.6,135,C12,2,-72.24054,39.5486,104.151,103.331,12.7372,34.8528,7.804,-0.0343,5.06E-11,1026.7969,12.7232,30.734,5.4655,166.418,8.52452,259.5596,64.116,2,2311.1,2,2159.9,,7.768354887,7.749,7.924,544,546,2021.3,116.7,21.9,54.9,1.6,0,0,13.814,2.73,1.75,7.94756813
2023,10,4,10,16,34,NYOS2309,9.6,135,C12,1,-72.24054,39.5486,131.273,130.232,12.95,34.9935,7.803,-0.0288,5.06E-11,1026.9841,12.9321,30.7965,5.3657,163.368,8.47972,258.17862,63.277,2,2313.3,2,2161.6,,7.762852908,7.748,7.919,549.7,551.8,2022.7,117,21.9,55.1,1.6,0,0,13.787,2.72,1.74,7.938825226
2023,10,4,13,3,27,NYOS2309,9.5,84,C13,6,-72.39251,39.77581,2.649,2.628,17.8116,32.7439,8.009,0.0984,3.22E+00,1023.6022,17.8111,27.9121,7.3906,225.637,7.80843,238.39315,94.649,2,2208.9,2,1988.9,,7.953144556,7.939,8.045,389.8,391.1,1816.3,159,13.6,71.2,3.3,0,0,11.242,3.86,2.48,8.056366427
2023,10,4,13,1,51,NYOS2309,9.5,84,C13,5,-72.39251,39.77581,20.152,19.997,18.3567,33.078,8.013,0.1464,3.00E+00,1023.8018,18.3533,28.0242,7.2671,221.84,7.7126,235.43905,94.224,2,2224.3,2,1996.1,,7.966978861,7.949,8.047,389.1,390.4,1818.2,164.6,13.3,73.4,3.5,0,0,11.051,3.97,2.56,8.062194983
2023,10,4,13,0,14,NYOS2309,9.5,84,C13,4,-72.39251,39.77581,40.118,39.808,17.1737,33.0275,7.958,0.193,3.56E-01,1024.1372,17.1671,28.2921,7.071,215.802,7.89094,240.82468,89.609,2,2222.3,2,2015.1,,7.919290945,7.907,8.021,415.8,417.3,1849.4,150.9,14.8,68.1,3,0,0,11.64,3.63,2.33,8.03191967
2023,10,4,12,58,43,NYOS2309,9.5,84,C13,3,-72.39251,39.77581,50.918,50.522,10.6069,32.7918,7.732,0.0348,1.08E-01,1025.3555,10.601,29.584,5.7451,175.137,9.03348,275.38083,63.598,2,2214.1,2,2099.4,,7.703508958,7.689,7.895,567.5,569.7,1981.3,93.4,24.7,44.9,1.2,0,0,15.278,2.23,1.42,7.91543439
2023,10,4,12,56,30,NYOS2309,9.5,84,C13,2,-72.39251,39.77581,60.944,60.47,10.5265,32.9616,7.734,0.0148,3.24E-02,1025.547,10.5194,29.7309,5.8674,178.84,9.03936,275.52091,64.91,2,2221.4,2,2114.3,,7.684251321,7.666,7.872,603.3,605.6,1998.7,89.3,26.3,43,1.1,0,0,15.631,2.13,1.35,7.89742097
2023,10,4,12,54,26,NYOS2309,9.5,84,C13,1,-72.39251,39.77581,83.093,82.441,10.1269,33.0517,7.735,-0.017,5.17E-14,1025.7862,10.1175,29.8776,5.7714,175.888,9.11266,277.7175,63.333,2,2226.5,2,2118.7,,7.62357288,7.666,7.878,593,595.3,2002.8,89.6,26.2,43.3,1.1,0,0,15.625,2.13,1.35,7.842936953
2023,10,4,15,26,6,NYOS2309,9.4,63,C14,5,-72.53392,40.00084,2.577,2.558,18.3529,32.7706,8.018,0.0723,4.08E+01,1023.4905,18.3525,27.7914,7.4039,226.066,7.72738,235.94416,95.813,2,2210.6,3,1974.8,,7.964190911,7.97,8.069,365.7,366.9,1793,169.3,12.6,75.4,3.7,0,0,10.83,4.11,2.65,8.059462739
2023,10,4,15,24,18,NYOS2309,9.4,63,C14,4,-72.53392,40.00084,20.706,20.546,18.032,32.7596,8.014,0.2447,4.94E+00,1023.6404,18.0285,27.8676,7.3721,225.08,7.77501,237.38223,94.818,2,2210.8,2,1980.3,,7.960858408,7.96,8.063,371.4,372.7,1801.6,165.8,12.9,74.1,3.5,0,0,10.968,4.01,2.58,8.060839708
2023,10,4,15,22,25,NYOS2309,9.4,63,C14,3,-72.53392,40.00084,40.465,40.151,17.6824,32.8557,7.965,0.4736,5.93E-01,1023.8857,17.6756,28.0318,6.8906,210.346,7.82245,238.79343,88.087,2,2214.7,2,1999.4,,7.923381571,7.927,8.034,401,402.4,1829.2,156.1,14,70.1,3.2,0,0,11.385,3.76,2.42,8.028505369
2023,10,4,15,22,25,NYOS2309,9.4,63,C14,3,-72.53392,40.00084,40.465,40.151,17.6824,32.8557,7.965,0.4736,5.93E-01,1023.8857,17.6756,28.0318,6.8906,210.346,7.82245,238.79343,88.087,2,2214.2,2,2000.1,,7.924185541,7.925,8.032,403.4,404.8,1830.6,155.4,14.1,69.8,3.2,0,0,11.415,3.74,2.41,8.02930934
2023,10,4,15,20,50,NYOS2309,9.4,63,C14,2,-72.53392,40.00084,50.454,50.061,14.2966,32.6285,7.818,0.1853,1.74E-01,1024.5186,14.2894,28.68,5.5702,169.942,8.37224,255.43043,66.532,2,2204.1,2,2058.6,,7.770536724,7.772,7.926,528.3,530.3,1926,112.1,20.5,52,1.8,0,0,13.798,2.69,1.72,7.926111701
2023,10,4,15,19,17,NYOS2309,9.4,63,C14,1,-72.53392,40.00084,60.245,59.774,11.7745,32.5032,7.651,0.0967,5.11E-02,1024.9636,11.767,29.1292,4.0046,122.13,8.82726,269.2079,45.366,2,2196.8,2,2111.4,,7.594737779,7.611,7.795,730,732.8,2002.9,77.9,30.7,37.2,1,0,0,16.52,1.86,1.18,7.788673349
2023,10,4,17,52,30,NYOS2309,9.3,52.68,C15,5,-72.68952,40.21838,2.505,2.486,17.7791,32.0676,7.999,0.1113,3.24E+01,1023.0918,17.7787,27.4072,7.7066,235.401,7.84515,239.63329,98.234,2,2174.7,2,1958.1,,7.948895411,7.946,8.053,378.3,379.7,1788.4,156.4,13.3,70.1,3.3,0,0,11.254,3.81,2.45,8.052595548
2023,10,4,17,50,59,NYOS2309,9.3,52.68,C15,4,-72.68952,40.21838,15.226,15.108,16.9874,32.1174,7.99,0.2524,6.96E+00,1023.3734,16.9849,27.6462,7.4287,226.863,7.9631,243.18265,93.289,2,2178.1,2,1965.6,,7.932084923,7.936,8.054,376.4,377.7,1798.5,153.6,13.5,69.3,3.1,0,0,11.391,3.73,2.39,8.047468742
2023,10,4,17,49,29,NYOS2309,9.3,52.68,C15,3,-72.68952,40.21838,24.675,24.484,17.5104,32.5689,7.998,0.2365,2.10E+00,1023.6377,17.5064,27.8574,7.2488,221.322,7.8618,240.03671,92.203,2,2201.5,2,1982,,7.94503988,7.941,8.052,381.6,383,1810.1,158.5,13.5,71.2,3.3,0,0,11.245,3.83,2.46,8.05269828
2023,10,4,17,47,57,NYOS2309,9.3,52.68,C15,2,-72.68952,40.21838,35.642,35.366,18.3948,33.1239,8.013,0.2299,7.06E-01,1023.8956,18.3887,28.0497,7.1775,219.098,7.70494,235.199,93.154,2,2228.4,2,1991.7,,7.951153861,7.965,8.062,373.7,375,1808.9,170,12.8,75.8,3.7,0,0,10.85,4.09,2.64,8.045811537
2023,10,4,17,45,54,NYOS2309,9.3,52.68,C15,1,-72.68952,40.21838,49.847,49.458,16.3751,32.7458,7.906,0.2938,1.52E-01,1024.15,16.3673,28.2774,6.0395,184.327,8.02775,245.00747,75.233,2,2217.5,2,2022.1,,7.875505607,7.886,8.011,426.2,427.7,1863.3,143.3,15.5,64.9,2.7,0,0,12.009,3.44,2.21,7.999969394
2023,10,4,20,41,19,NYOS2309,9.2,38,C16,4,-72.82766,40.43285,2.243,2.225,19.1329,31.8879,7.988,0.4248,1.48E+01,1022.6208,19.1325,26.9161,7.7466,236.733,7.65515,233.93729,101.195,2,2150.7,2,1940.7,,7.94139612,7.937,8.024,405.2,406.6,1774.9,152.2,13.7,67.9,3.5,0,0,11.342,3.72,2.39,8.02526392
2023,10,4,20,39,54,NYOS2309,9.2,38,C16,3,-72.82766,40.43285,9.649,9.574,17.9919,31.8602,7.99,0.4558,2.73E+00,1022.9135,17.9903,27.1954,7.8247,239.059,7.8231,239.0088,100.021,2,2147.7,2,1946.7,,7.931677181,7.919,8.022,406.4,407.8,1786.5,146.1,14.2,65.9,3.2,0,0,11.617,3.56,2.29,8.032247712
2023,10,4,20,38,42,NYOS2309,9.2,38,C16,2,-72.82766,40.43285,20.163,20.007,17.5068,31.8524,7.947,0.808,5.93E-01,1023.0701,17.5035,27.3142,7.1428,218.201,7.89639,241.22185,90.457,2,2147.7,2,1967.1,,7.90563146,7.873,7.983,450.8,452.4,1817.8,133.3,16,60.5,2.8,0,0,12.27,3.24,2.08,8.013342942
2023,10,4,20,38,42,NYOS2309,9.2,38,C16,2,-72.82766,40.43285,20.163,20.007,17.5068,31.8524,7.947,0.808,5.93E-01,1023.0701,17.5035,27.3142,7.1428,218.201,7.89639,241.22185,90.457,2,2147.3,2,1966.3,,7.892187781,7.874,7.984,449.5,451.1,1816.8,133.6,15.9,60.6,2.8,0,0,12.256,3.25,2.08,7.999899263
2023,10,4,20,36,30,NYOS2309,9.2,38,C16,1,-72.82766,40.43285,34.963,34.691,17.325,31.9027,7.948,0.3108,7.62E-02,1023.217,17.3194,27.399,6.9735,213.013,7.92164,241.97383,88.031,2,2155.7,2,1974.1,,7.892202534,7.873,7.985,448.5,450,1824.2,134,15.9,60.8,2.7,0,0,12.27,3.25,2.08,8.002596361
2023,10,4,22,58,22,NYOS2309,9.1,15,C17,3,-72.97859,40.66533,2.113,2.097,19.1136,30.9992,7.96,1.9472,1.43E+04,1021.9473,19.1132,26.249,8.8434,270.428,7.69856,235.41871,114.871,2,2097.8,2,1909.5,,7.911394247,7.909,7.995,430.3,431.8,1757,137.8,14.6,61.9,3.2,0,0,11.856,3.39,2.18,7.995543488
2023,10,4,22,57,13,NYOS2309,9.1,15,C17,2,-72.97859,40.66533,7.518,7.459,17.8275,31.0975,7.887,2.0122,8.16E+03,1022.3604,17.8263,26.6592,7.7645,237.344,7.88376,240.99012,98.487,2,2101.6,2,1951,,7.828575239,7.816,7.92,524.4,526.2,1817.9,114.6,18.5,52.1,2.4,0,0,13.233,2.81,1.8,7.931563165
2023,10,4,22,55,47,NYOS2309,9.1,15,C17,1,-72.97859,40.66533,13.55,13.445,17.7381,31.3486,7.845,1.075,5.06E-11,1022.6003,17.7358,26.8727,7.1096,217.279,7.88535,240.98841,90.162,2,2113.3,2,1970.1,,7.799037059,7.792,7.897,558.5,560.4,1840.1,110.3,19.7,50.3,2.3,0,0,13.554,2.69,1.73,7.903340701
2023,10,5,1,40,18,NYOS2309,10.1,20.3,C18,3,-72.57777,40.77545,2.133,2.116,18.9699,31.0446,7.961,1.112,4.69E+04,1022.0178,18.9696,26.3215,8.4869,259.509,7.71725,235.97414,109.973,2,2095.2,2,1911.3,,7.912475794,7.899,7.987,439.1,440.6,1761.3,135,15,60.8,3.1,0,0,11.988,3.32,2.13,7.998721709
2023,10,5,1,38,58,NYOS2309,10.1,20.3,C18,2,-72.57777,40.77545,8.521,8.455,17.8567,31.1297,7.88,1.4881,4.29E+04,1022.3824,17.8552,26.6762,7.5007,229.277,7.87784,240.80505,95.213,2,2100.2,2,1949.3,,7.830721707,7.817,7.92,523.8,525.6,1816.1,114.7,18.4,52.2,2.4,0,0,13.213,2.81,1.8,7.933280067
2023,10,5,1,37,37,NYOS2309,10.1,20.3,C18,1,-72.57777,40.77545,18.142,18.001,17.5092,31.5643,7.79,0.7255,2.65E+04,1022.8401,17.5063,27.0948,5.8654,179.219,7.90975,241.68248,74.155,2,2124.6,2,2002.4,,7.744266071,7.733,7.839,650.6,652.9,1881,98.4,23.1,44.9,2,0,0,14.457,2.4,1.54,7.851942165
2023,10,5,4,9,22,NYOS2309,11.1,21.89,C19,3,-72.20821,40.89154,2.246,2.228,18.8603,31.2092,7.892,1.3039,1.02E+04,1022.1711,18.86,26.4751,7.7606,237.264,7.72558,236.1935,100.453,2,2105.4,2,1947.4,,7.846800851,7.833,7.922,523.7,525.5,1810.2,119.4,17.9,53.8,2.7,0,0,12.925,2.93,1.88,7.934647287
2023,10,5,4,8,11,NYOS2309,11.1,21.89,C19,2,-72.20821,40.89154,7.204,7.149,17.8847,31.2561,7.905,1.6334,8.16E+03,1022.4665,17.8835,26.7648,7.7804,237.804,7.86764,240.47228,98.891,2,2106.6,2,1949.5,,7.842261104,7.83,7.933,507.5,509.3,1813.2,118.5,17.8,53.9,2.5,0,0,12.991,2.9,1.86,7.944407631
2023,10,5,4,6,41,NYOS2309,11.1,21.89,C19,1,-72.20821,40.89154,19.481,19.33,17.3402,31.4512,7.869,0.6817,1.22E+04,1022.7993,17.337,27.0517,6.9633,212.772,7.94094,242.64637,87.688,2,2117.2,2,1971.2,,7.808344717,7.798,7.908,541.8,543.7,1840,111.9,19.3,51.2,2.3,0,0,13.459,2.73,1.75,7.918514149
2023,10,5,4,6,41,NYOS2309,11.1,21.89,C19,1,-72.20821,40.89154,19.481,19.33,17.3402,31.4512,7.869,0.6817,1.22E+04,1022.7993,17.337,27.0517,6.9633,212.772,7.94094,242.64637,87.688,2,2116.2,2,1973.3,,7.808979463,7.79,7.9,553.4,555.4,1843.6,110,19.7,50.4,2.2,0,0,13.584,2.68,1.72,7.919148895