Year ,Month,Day,Hour,Minute,Second,Cruise,Station,Bot.depth [m],Cast,Niskin_Bottle#,Longitude,Latitude,Pressure [db],Depth [m],Temp [°C],Salinity,pH_CTD,Flouresence,PAR%,Density [g/L],pTemp [°C],Sigma_Density [g/L],DO [mg/L],DO [umol/kg],DO_solubility [mg/L],DO_solubility [umol/kg],DO%,Bottle ID,Flag_TA,TA [umol/kg],Flag_DIC,DIC [umol/kg],Flag_pH_Spec,pH_Spec [25 degC],pH_from_DIC-TA [25 degC],pH_from_DIC-TA_in situ ,fCO2 [uatm],pCO2 [uatm],HCO3 [umol/kg SW],CO3 [umol/kg SW],CO2 [umol/kg SW],B-Alk [umol/kg SW],OH [umol/kg SW],P-Alk [umol/kg SW],Si-Alk [umol/kg SW],Revelle_factor,ΩCa,ΩAr,pH_from_SpecpH-TA_in situ 
2024,7,8,1,36,7,NYOS2407,LIS_ARIG,16,C01,3,-73.5843,40.9582,2.065,2.049,22.4645,25.3775,7.927,2.0363,4.66E+01,1016.8089,22.4641,16.7999,9.9648,306.26,7.48166,229.94206,133.19,C003,,1863.362554,,1716.583812,,7.933053685,7.918181652,7.954325041,453.2501295,454.7462243,1591.357413,110.7656337,14.46076583,46.91069687,3.574500578,0,0,12.7446251,2.841324368,1.804251285,7.96888915
2024,7,8,1,34,20,NYOS2407,LIS_ARIG,16,C01,2,-73.5843,40.9582,6.916,6.862,18.5971,25.5952,7.571,3.3936,4.34E-11,1017.976,18.5959,17.9456,5.9708,183.301,8.02894,246.48464,74.366,C002,,1887.628073,,1866.574514,,7.484971588,7.482902491,7.563112046,1214.238508,1218.443776,1779.644895,43.84213642,43.0874825,19.30094049,1.025833065,0,0,18.61370897,1.112176305,0.7000744156,7.576666521
2024,7,8,1,32,40,NYOS2407,LIS_ARIG,16,C01,1,-73.5843,40.9582,14.054,13.945,16.8849,26.2911,7.585,1.9724,4.81E-11,1018.9313,16.8828,18.8691,3.3931,104.072,8.26551,253.51727,41.051,C001,,1913.233321,,1885.404122,,7.317003735,7.500893241,7.60491554,1095.663901,1099.541069,1798.089731,46.59877302,40.71561812,20.99477162,0.976587607,0,0,18.58591688,1.172932104,0.7376245216,7.433904884
2024,7,8,7,51,20,NYOS2407,HR1,23,C02,4,-73.8382,40.4267,1.823,1.809,20.1893,29.3896,7.986,1.5974,2.64E+01,1020.4479,20.189,20.4399,8.5155,260.784,7.61821,233.30372,111.779,C007,,2048.337761,,1869.615451,,7.943286655,7.915299092,7.986009188,438.330229,439.8184208,1723.033866,132.015746,14.56583899,57.88638401,3.396563229,0,0,12.06297895,3.285798136,2.107173528,8.011805998
2024,7,8,7,49,58,NYOS2407,HR1,23,C02,3,-73.8382,40.4267,10.057,9.979,15.203,30.6195,7.888,2.9652,2.53E-11,1022.5992,15.2016,22.5546,8.8487,270.426,8.32337,254.37157,106.312,C006,,2101.43655,,1941.903222,,7.874975846,7.844839566,7.989055487,437.9389468,439.5220147,1806.067109,119.1276854,16.70842799,54.93737395,2.18716999,0,0,13.00498983,2.916162065,1.855641148,8.016928592
2024,7,8,7,48,14,NYOS2407,HR1,23,C02,2,-73.8382,40.4267,15.247,15.129,11.0235,30.7777,7.751,2.144,2.53E-11,1023.5547,11.0217,23.4859,5.7198,174.646,9.0683,276.88536,63.075,C005,,2119.991776,,2080.702206,,7.531078151,7.488703021,7.675402487,960.3614244,964.0240604,1984.721158,54.23275946,41.74828852,26.1207905,0.705860517,0,0,18.41900369,1.320719241,0.8339267893,7.736567832
2024,7,8,7,46,38,NYOS2407,HR1,23,C02,1,-73.8382,40.4267,21.202,21.037,10.1424,30.9986,7.826,2.0144,2.53E-11,1023.9024,10.1401,23.8064,5.8464,178.455,9.23011,281.73796,63.341,C004,,2128.70726,,2091.285831,,7.535951054,7.480033471,7.678471031,950.9608304,954.6292707,1995.448815,53.33838497,42.49863125,25.94997064,0.6531053206,0,0,18.52435455,1.2953888,0.8172340633,7.755074527
2024,7,8,9,9,15,NYOS2407,HR2,25,C03,4,-73.717,40.4455,1.8,1.786,20.8101,29.042,8.009,1.3952,9.80E+04,1020.0228,20.8098,20.015,8.4364,258.468,7.54701,231.21951,111.785,C012,,2033.13541,,1851.740436,,7.949882859,7.928705593,7.990299801,431.8081117,433.2628943,1703.902789,133.7064693,14.13117801,58.22320298,3.606920271,0,0,11.92292025,3.339890922,2.142728727,8.009434048
2024,7,8,9,7,33,NYOS2407,HR2,25,C03,3,-73.717,40.4455,10.296,10.216,12.4228,30.9917,7.904,2.9148,1.95E-11,1023.446,12.4215,23.3998,8.9426,273.07,8.79087,268.4372,101.726,C011,,2110.430611,,1956.330662,,7.848234777,7.825302683,8.011534776,411.1297612,412.6696864,1824.450192,114.8160567,17.06441405,54.59254252,1.765708214,0,0,13.30531882,2.797522031,1.771977987,8.032245144
2024,7,8,9,7,33,NYOS2407,HR2,25,C03,3,-73.717,40.4455,10.296,10.216,12.4228,30.9917,7.904,2.9148,1.95E-11,1023.446,12.4215,23.3998,8.9426,273.07,8.79087,268.4372,101.726,C010,,2109.475489,,1958.592235,,7.840198847,7.817300663,8.0032403,419.9373334,421.5102482,1828.281669,112.8805831,17.42998247,53.71048245,1.732305406,0,0,13.43197552,2.75036373,1.742107455,8.024209214
2024,7,8,9,6,4,NYOS2407,HR2,25,C03,2,-73.717,40.4455,15.365,15.246,9.6809,31.1511,7.821,1.3853,2.41E-11,1024.0696,9.6793,23.9999,6.0249,183.867,9.31484,284.27035,64.68,C009,,2132.388457,,2090.07641,,7.542017581,7.494520765,7.701279567,898.4731833,901.9600011,1994.003173,55.33631291,40.73692381,27.0748256,0.6581387831,0,0,18.40858064,1.343984368,0.8475272358,7.768316021
2024,7,8,9,4,38,NYOS2407,HR2,25,C03,1,-73.717,40.4455,23.246,23.066,9.5975,31.1676,7.89,0.8716,2.48E-11,1024.1318,9.595,24.0262,6.0001,183.107,9.33099,284.75589,64.303,C008,,2137.611778,,2091.4697,,7.530612063,7.506763864,7.715563686,868.4841793,871.8582752,1994.910449,57.07614519,39.48310541,27.89368128,0.6750062151,0,0,18.30547019,1.384065553,0.8728016918,7.758209626
2024,7,8,19,5,29,NYOS2407,8.1,19,C04,3,-73.404,40.5522,2.232,2.215,23.1369,30.134,7.901,1.0386,6.29E+01,1020.219,23.1365,20.2094,8.7339,267.53,7.19152,220.28632,121.446,C015,,2062.826067,,1849.209722,,7.96450579,7.98206788,8.009495611,411.3826916,412.7293975,1682.036653,154.6014867,12.57158223,66.83947685,4.756959509,0,0,10.95495346,3.850421669,2.49480231,7.990778137
2024,7,8,19,4,29,NYOS2407,8.1,19,C04,2,-73.404,40.5522,6.714,6.663,18.5344,30.1894,7.79,2.795,6.99E+00,1021.4926,18.5333,21.4632,7.9886,244.401,7.82079,239.26766,102.146,C014,,2059.988106,,1911.791608,,7.801085723,7.826912168,7.92071323,518.4011009,520.1978884,1781.125553,112.6942727,17.97178226,50.94102672,2.545238015,0,0,13.22712571,2.779799287,1.780048584,7.893698476
2024,7,8,19,3,7,NYOS2407,8.1,19,C04,1,-73.404,40.5522,18.26,18.118,13.1218,30.7508,7.797,0.8895,4.17E-02,1023.162,13.1193,23.0804,6.2434,190.706,8.67675,265.035,71.955,C013,,2110.018438,,2033.372949,,7.631743804,7.610322649,7.775473221,753.230675,756.0267626,1930.638547,72.11224861,30.62215278,34.07762932,1.094884183,0,0,16.81205006,1.75791863,1.11434559,7.805103138
2024,7,8,21,52,5,NYOS2407,8.2,35.06,C05,4,-73.2192,40.3023,2.088,2.072,24.018,30.2287,8.027,0.3218,3.44E+01,1020.0377,24.0175,20.0288,7.4125,227.096,7.07728,216.82534,104.737,C019,,2086.021127,,1888.039398,,7.957274035,7.942857294,7.95716543,479.1182641,480.6698443,1728.000238,145.7380335,14.30112648,61.98458448,4.571512607,0,0,11.44744378,3.634314391,2.361338062,7.971080567
2024,7,8,21,51,0,NYOS2407,8.2,35.06,C05,3,-73.2192,40.3023,7.291,7.235,21.9983,30.4313,7.962,0.6466,9.24E+00,1020.7829,21.9969,20.7514,7.9367,242.982,7.3262,224.29252,108.333,C018,,2092.639691,,1886.767787,,7.982820526,7.956591895,8.000625555,426.2378774,427.6529254,1723.329145,150.0334913,13.40515003,65.02279557,4.230968656,0,0,11.27855824,3.716959641,2.403186823,8.025312035
2024,7,8,21,49,42,NYOS2407,8.2,35.06,C05,2,-73.2192,40.3023,14.993,14.877,10.8731,31.0832,7.884,1.6136,1.40E+00,1023.8171,10.8714,23.7494,8.5243,260.207,9.08005,277.17286,93.879,C017,,2127.998871,,2002.12106,,7.770864156,7.748467669,7.955235647,477.2086129,479.0321417,1883.132158,98.17838201,20.81051986,47.19022978,1.331036142,0,0,14.62681842,2.386700717,1.507895415,7.97867508
2024,7,8,21,47,43,NYOS2407,8.2,35.06,C05,1,-73.2192,40.3023,33.185,32.928,8.0816,31.5252,7.872,0.1357,4.70E-02,1024.6866,8.0784,24.5348,6.3756,194.469,9.62999,293.73467,66.206,C016,,2153.199557,,2115.122862,,7.522092784,7.476356833,7.704166712,889.780456,893.3064004,2019.180614,53.45311091,42.48913713,26.5663834,0.566508887,0,0,18.63966186,1.290745739,0.8128597708,7.773437834
2024,7,9,0,16,13,NYOS2407,8.3,42.49,C06,4,-73.0703,40.0823,1.883,1.869,23.9678,30.1608,8.161,0.3579,3.19E+01,1020.0001,23.9674,19.992,7.4071,226.938,7.08625,217.10785,104.528,C024,,2083.731977,,1871.145665,,7.981455055,7.976263346,7.991395302,436.4883798,437.9027766,1703.221211,154.8741606,13.05029356,65.85521489,4.917651614,0,0,11.03254889,3.863788963,2.509529876,7.995969831
2024,7,9,0,14,48,NYOS2407,8.3,42.49,C06,3,-73.0703,40.0823,11.137,11.052,22.3166,30.3689,8.109,1.1926,3.23E+00,1020.6648,22.3144,20.6168,7.7355,236.854,7.28719,223.12759,106.152,C023,,2094.062632,,1882.07193,,7.981888632,7.970537817,8.009794021,416.1421571,417.5182724,1715.006874,154.0843104,12.98074616,66.45333996,4.443786591,0,0,11.10857593,3.819266883,2.471100126,8.019833425
2024,7,9,0,12,58,NYOS2407,8.3,42.49,C06,2,-73.0703,40.0823,20.912,20.751,11.4219,30.8697,8.012,1.8373,5.63E-12,1023.582,11.4194,23.4878,6.6805,203.979,8.98597,274.3711,74.344,C022,,2121.164348,,2036.956536,,7.646747527,7.631537421,7.823061055,666.9494105,669.4799637,1932.76669,75.58425074,28.60559504,36.21030418,1.03419412,0,0,16.58591222,1.838228448,1.161915347,7.846100242
2024,7,9,0,10,49,NYOS2407,8.3,42.49,C06,1,-73.0703,40.0823,40.149,39.838,7.1075,31.6617,8.113,0.0888,4.60E-12,1024.9608,7.104,24.7764,6.5137,198.636,9.83773,300.00049,66.212,C021,,2147.806035,,2115.427146,,7.476843981,7.456389679,7.696139506,898.9529117,902.5610518,2020.403868,50.6644652,44.35881266,25.58978579,0.5039969448,0,0,18.8262907,1.220756941,0.7680101912,7.743584472
2024,7,9,0,10,49,NYOS2407,8.3,42.49,C06,1,-73.0703,40.0823,40.149,39.838,7.1075,31.6617,8.113,0.0888,4.60E-12,1024.9608,7.104,24.7764,6.5137,198.636,9.83773,300.00049,66.212,C020,,2147.496016,,2119.250085,,7.486357828,7.442795791,7.681028118,932.5362255,936.2791594,2024.210025,49.02408026,46.01598058,24.77234202,0.4867618306,0,0,18.906924,1.181231974,0.7431439986,7.753098319
2024,7,9,2,49,25,NYOS2407,8.4,60.51,C07,5,-72.9083,39.8407,1.882,1.868,23.7136,30.0223,8.043,0.6523,7.18E+00,1019.9687,23.7132,19.9606,7.6336,233.885,7.12352,218.25662,107.161,C029,,2071.451199,,1874.767576,,7.956093105,7.944909607,7.963698825,468.3698401,469.8922817,1716.115368,144.5455562,14.10665174,61.75785667,4.497968088,0,0,11.45452847,3.607760908,2.340512702,7.974197926
2024,7,9,2,47,54,NYOS2407,8.4,60.51,C07,4,-72.9083,39.8407,9.892,9.816,17.5088,30.7814,8.001,2.0936,1.71E-11,1022.2046,17.5072,22.1612,8.768,268.064,7.94724,242.97037,110.328,C028,,2113.563867,,1927.542548,,7.911292418,7.904329271,8.014965296,411.9786041,413.4250361,1776.48177,136.3969547,14.66382244,61.39505618,2.902998145,0,0,12.03861371,3.344746187,2.140444643,8.01897441
2024,7,9,2,46,24,NYOS2407,8.4,60.51,C07,3,-72.9083,39.8407,20.559,20.401,8.6817,31.9719,7.975,0.4978,1.69E-11,1024.8903,8.6796,24.7966,10.6269,324.059,9.47332,288.88201,112.177,C027,,2181.438166,,2023.114582,,7.824749457,7.814743555,8.058985984,369.1944301,370.6459993,1888.739143,117.146689,17.22874963,57.04209004,1.372467287,0,0,13.42577097,2.828981729,1.785018704,8.06666303
2024,7,9,2,44,54,NYOS2407,8.4,60.51,C07,2,-72.9083,39.8407,35.473,35.199,6.8566,31.9665,7.93,0.0619,1.79E-11,1025.2122,6.8535,25.0491,7.8826,240.315,9.87504,301.05818,79.823,C026,,2179.45804,,2093.555196,,7.627788389,7.61997485,7.880007339,577.9518215,580.2792284,1988.904697,75.93222349,28.71827548,37.94937212,0.7529794232,0,0,16.80444398,1.828303025,1.150651061,7.898511649
2024,7,9,2,42,38,NYOS2407,8.4,60.51,C07,1,-72.9083,39.8407,59.748,59.282,7.0618,32.1545,7.965,0.0493,1.74E-11,1025.4447,7.0565,25.1704,8.5426,260.405,9.81625,299.23031,87.025,C025,,2187.708563,,2090.457908,,7.665471878,7.650289926,7.908720024,538.1625868,540.3239168,1981.905653,82.03078941,26.52146515,40.92800017,0.8259262182,0,0,16.24970004,1.96396225,1.237325793,7.932937277
2024,7,9,5,20,26,NYOS2407,8.5,67,C08,5,-72.744,39.5998,1.876,1.862,23.8896,29.9716,8.117,0.6392,2.81E+01,1019.8798,23.8892,19.8717,7.6261,233.676,7.10364,217.6666,107.355,C035,,2070.994864,,1868.781978,,7.963100853,7.958069559,7.974306586,455.2734494,456.7501315,1707.039508,148.0893122,13.65315824,63.11005539,4.677513415,0,0,11.28997769,3.699103173,2.400572992,7.978719387
2024,7,9,5,18,21,NYOS2407,8.5,67,C08,4,-72.744,39.5998,9.991,9.914,21.5913,30.8887,8.046,1.2409,1.77E-11,1021.2524,21.5894,21.2092,7.852,240.283,7.36039,225.23834,106.679,C034,,2143.292714,,1924.5626,,7.974466656,7.970401454,8.020537073,411.8578652,413.232069,1752.303082,159.19556,13.0639584,68.30186183,4.306394878,0,0,11.07809713,3.926330264,2.53932386,8.022786214
2024,7,9,5,16,54,NYOS2407,8.5,67,C08,3,-72.744,39.5998,20.094,19.94,7.9632,31.9532,8.026,1.0199,1.69E-11,1024.9793,7.9613,24.8874,9.3713,285.746,9.62896,293.60223,97.324,C033,,2178.906581,,2053.543942,,7.749840549,7.731258724,7.982508873,448.5152322,450.2953291,1934.412648,97.68003051,21.45126377,48.07625883,1.068241121,0,0,14.86007028,2.359148974,1.486829417,8.003051189
2024,7,9,5,15,30,NYOS2407,8.5,67,C08,2,-72.744,39.5998,35.245,34.973,7.3049,32.1228,8.032,0.3034,1.76E-11,1025.2741,7.3017,25.1124,9.2637,282.404,9.76362,297.64297,94.88,C032,,2188.447616,,2071.861774,,7.717439561,7.704652793,7.964081489,469.778708,471.6593773,1956.238215,92.66248521,22.96107326,45.93563008,0.9598892094,0,0,15.31324189,2.229399825,1.40452607,7.981051547
2024,7,9,5,13,37,NYOS2407,8.5,67,C08,1,-72.744,39.5998,65.724,65.212,9.3401,33.0766,8.031,0.0274,1.74E-11,1025.8572,9.3331,25.5595,8.2301,250.786,9.26944,282.45457,88.788,C031,,n/a,,n/a,,7.757338163,,,,,,,,,,,,,,,7.988950088
2024,7,9,5,13,37,NYOS2407,8.5,67,C08,1,-72.744,39.5998,65.724,65.212,9.3401,33.0766,8.031,0.0274,1.74E-11,1025.8572,9.3331,25.5595,8.2301,250.786,9.26944,282.45457,88.788,C030,,2229.222044,,2087.4864,,7.75491662,7.754982452,7.984641292,452.6622239,454.42674,1958.646683,108.3103996,20.52931715,52.70172228,1.263421027,0,0,14.17456893,2.577910995,1.633373933,7.986528545
2024,7,9,7,51,40,NYOS2407,8.6,122,C09,7,-72.5895,39.356,2.603,2.583,24.2056,30.7597,8.18,0.2124,6.59E+00,1020.3863,24.2051,20.3751,7.1502,218.984,7.03273,215.38731,101.67,C043,,2116.109762,,1896.299074,,7.982333761,7.978504061,7.990113455,442.1387212,443.5672615,1723.195511,160.0066064,13.09695656,67.84397139,5.067522989,0,0,10.9146217,3.975528074,2.588671259,7.993495665
2024,7,9,7,50,16,NYOS2407,8.6,122,C09,6,-72.5895,39.356,14.776,14.663,24.6993,34.2689,8.14,0.0817,2.03E-11,1022.9434,24.6962,22.8806,6.6393,202.841,6.83438,208.79978,97.146,C042,,2288.208448,,2014.295768,,8.011828941,8.011194778,8.015143103,431.6112692,432.997403,1804.912496,196.9882036,12.39506858,83.33786859,5.991558655,0,0,10.06691734,4.757936227,3.129766761,8.016046994
2024,7,9,7,48,44,NYOS2407,8.6,122,C09,5,-72.5895,39.356,29.407,29.181,21.4887,35.0545,8.047,0.4092,1.77E-11,1024.5292,21.483,24.4029,7.4155,226.217,7.19651,219.53659,103.043,C041,,2317.211597,,2052.50499,,7.998338914,7.980553642,8.031767242,415.9028823,417.2923453,1849.448878,190.1186949,12.93741737,82.81528736,4.719554574,0,0,10.35802473,4.53213268,2.95850134,8.048130196
2024,7,9,7,48,44,NYOS2407,8.6,122,C09,5,-72.5895,39.356,29.407,29.181,21.4887,35.0545,8.047,0.4092,1.77E-11,1024.5292,21.483,24.4029,7.4155,226.217,7.19651,219.53659,103.043,C040,,2316.781551,,2048.117183,,7.997318157,7.987751814,8.039014505,407.5529855,408.914553,1842.815016,192.6244884,12.67767861,83.92793955,4.798972651,0,0,10.27565115,4.591866883,2.99749484,8.047109439
2024,7,9,7,46,54,NYOS2407,8.6,122,C09,4,-72.5895,39.356,50.353,49.964,9.3486,33.4117,8.046,-0.0255,1.71E-11,1026.0479,9.3432,25.8198,7.0616,215.122,9.24771,281.72085,76.36,C039,,2246.633934,,2122.276159,,7.720641431,7.704938335,7.932474307,521.487327,523.5199041,1999.886797,98.79108573,23.59827654,48.05119942,1.125701286,0,0,14.95085744,2.353555122,1.492009586,7.952120675
2024,7,9,7,45,4,NYOS2407,8.6,122,C09,3,-72.5895,39.356,75.209,74.623,11.048,34.1834,8.039,-0.0455,1.89E-11,1026.4699,11.0388,26.1326,6.9895,212.864,8.86953,270.11769,78.804,C038,,2280.287588,,2123.456328,,7.78996346,7.773229026,7.97714461,470.6072994,472.4015375,1984.783544,118.6256688,20.04711535,56.75980083,1.503679675,0,0,13.60706038,2.801321524,1.784202205,7.995075245
2024,7,9,7,43,22,NYOS2407,8.6,122,C09,2,-72.5895,39.356,100.838,100.047,11.925,34.8089,8.015,-0.0666,1.71E-11,1026.9073,11.912,26.4574,6.376,194.118,8.67222,264.02515,73.522,C037,,2307.320523,,2140.180427,,7.79236731,7.786938961,7.977045443,474.1891222,475.9766607,1995.164193,125.4490964,19.56713848,59.6078355,1.661081897,0,0,13.24743255,2.938208552,1.876939787,7.983994764
2024,7,9,7,41,6,NYOS2407,8.6,122,C09,1,-72.5895,39.356,122.158,121.193,11.9802,35.1933,8.005,-0.0559,1.76E-11,1027.2905,11.9643,26.7461,5.3639,163.256,8.64121,263.00731,62.073,C036,,2323.462276,,2171.550723,,7.756389353,7.745513728,7.932401013,534.0141273,536.0257552,2032.825854,116.775991,21.94887809,55.57801457,1.51837352,0,0,13.8340425,2.718063896,1.737939141,7.947170853
2024,7,9,10,39,39,NYOS2407,8.7,873,C10,8,-72.428,39.1148,2.482,2.463,26.3559,34.4422,8.201,-0.0386,3.37E+01,1022.5121,26.3553,22.5016,6.3217,193.209,6.63897,202.90504,95.221,C052,,2296.923131,,2018.725916,,8.025949467,8.015324289,7.995216039,456.7213247,458.1588127,1805.71894,200.4347156,12.57226027,83.70105835,6.644049912,0,0,9.974505396,4.857197598,3.211852796,8.007034855
2024,7,9,10,38,49,NYOS2407,8.7,873,C10,7,-72.428,39.1148,6.71,6.659,26.2495,34.6951,8.201,-0.0524,1.84E+01,1022.7543,26.248,22.7259,6.3353,193.581,6.6413,202.93161,95.392,C051,,2317.313869,,2028.280092,,8.034692262,8.028011663,8.009292141,441.9897344,443.3826539,1808.280251,207.8170051,12.18283655,86.57808485,6.831544239,0,0,9.823357546,5.021427608,3.321033565,8.01725572
2024,7,9,10,38,49,NYOS2407,8.7,873,C10,7,-72.428,39.1148,6.71,6.659,26.2495,34.6951,8.201,-0.0524,1.84E+01,1022.7543,26.248,22.7259,6.3353,193.581,6.6413,202.93161,95.392,C050,,2316.323834,,2027.109781,,8.034696775,8.028473346,8.009752863,441.2211678,442.6116652,1807.051866,207.8962628,12.16165208,86.65065659,6.838795335,0,0,9.817501571,5.02334269,3.322300148,8.017260233
2024,7,9,10,37,54,NYOS2407,8.7,873,C10,6,-72.428,39.1148,14.976,14.862,26.4915,35.5338,8.184,-0.0458,1.17E+01,1023.346,26.4881,23.2827,6.2761,191.668,6.58322,201.04758,95.334,C049,,2348.585001,,2039.327424,,8.050290347,8.0469389,8.024308218,425.8142649,427.1522728,1806.590496,221.1197881,11.61714081,92.42867679,7.335933867,0,0,9.529270621,5.301043949,3.513786592,8.029493549
2024,7,9,10,36,31,NYOS2407,8.7,873,C10,5,-72.428,39.1148,30.034,29.804,24.8477,35.9002,8.125,-0.0126,6.06E+00,1024.1975,24.8412,24.0701,6.6672,203.455,6.75383,206.09928,98.717,C048,,2362.625509,,2062.239289,,8.040141484,8.025567244,8.026801119,425.0552412,426.4178486,1835.232468,214.9488095,12.05801072,91.08307374,6.421974599,0,0,9.726584429,5.112395719,3.373909453,8.0422768
2024,7,9,10,35,4,NYOS2407,8.7,873,C10,4,-72.428,39.1148,45.257,44.909,17.9863,35.6928,8.095,1.1345,1.73E+00,1026.0048,17.9785,25.8082,6.5726,200.229,7.6458,232.9233,85.963,C047,,2356.8453,,2106.085595,,7.951826517,7.941730725,8.044939734,406.5856657,408.0046207,1911.680439,180.5117293,13.89342647,80.60576792,3.544862378,0,0,10.80777942,4.256968826,2.756889636,8.052479348
2024,7,9,10,33,43,NYOS2407,8.7,873,C10,3,-72.428,39.1148,60.148,59.683,17.5959,36.2427,8.043,0.1735,4.16E-01,1026.5881,17.5857,26.3265,4.8452,147.531,7.67701,233.75606,63.113,C046,,2376.025994,,2162.603544,,7.874096734,7.861074722,7.968414885,501.7384017,503.4980456,1988.141064,157.1761683,17.28631242,70.65222711,2.891374958,0,0,11.78159666,3.681755285,2.384144986,7.980494826
2024,7,9,10,32,10,NYOS2407,8.7,873,C10,2,-72.428,39.1148,80.674,80.046,14.6107,35.7516,8.045,-0.0466,1.09E-01,1026.9949,14.5987,26.6397,4.9937,152.007,8.16054,248.40318,61.194,C045,,2349.135021,,2167.688344,,7.812962241,7.803284192,7.953700608,514.3439668,516.2172891,2012.403658,135.8704997,19.41418632,62.92086861,2.080877305,0,0,12.75695346,3.177366368,2.042923596,7.963806911
2024,7,9,10,29,47,NYOS2407,8.7,873,C10,1,-72.428,39.1148,101.699,100.903,13.3626,35.6671,8.077,-0.0584,1.56E-02,1027.2891,13.3484,26.8389,4.6501,141.52,8.37304,254.82199,55.537,C044,,2343.074802,,2180.370076,,7.777614087,7.763193843,7.930521479,542.8222687,544.8310855,2035.033502,124.0343812,21.30219318,58.23970846,1.744833548,0,0,13.41999927,2.890089353,1.853674619,7.947316259
2024,7,9,11,42,13,NYOS2407,8.7,900,C11,8,-72.4213,39.1148,110.692,109.823,13.0649,35.6096,8.003,-0.0743,2.93E-05,1027.3459,13.0496,26.8553,4.7389,144.22,8.42721,256.46643,56.233,C061,,2341.030871,,2180.979317,,7.773664553,7.757981061,7.929310999,543.3259715,545.3443384,2037.148406,122.3028558,21.52805438,57.59975397,1.689036184,0,0,13.52255375,2.845997399,1.824364494,7.947888957
2024,7,9,11,42,13,NYOS2407,8.7,900,C11,8,-72.4213,39.1148,110.692,109.823,13.0649,35.6096,8.003,-0.0743,2.93E-05,1027.3459,13.0496,26.8553,4.7389,144.22,8.42721,256.46643,56.233,C060,,2339.810302,,2182.258832,,7.769862632,7.752345395,7.923458586,551.3603089,553.408522,2039.601344,120.811091,21.8463967,56.93254854,1.666427948,0,0,13.60953626,2.81128391,1.80211217,7.944087036
2024,7,9,11,40,41,NYOS2407,8.7,900,C11,7,-72.4213,39.1148,130.776,129.743,11.5213,35.4261,7.997,-0.0721,3.64E-13,1027.598,11.5047,27.0142,4.5409,138.172,8.71204,265.09386,52.122,C059,,2335.058088,,2187.024271,,7.727280727,7.732577018,7.9256786,544.2952446,546.357772,2049.815031,114.5365979,22.67264202,54.74850995,1.433486074,0,0,14.01720461,2.657415428,1.698442786,7.925104959
2024,7,9,11,38,52,NYOS2407,8.7,900,C11,6,-72.4213,39.1148,161.515,160.228,10.7611,35.3596,7.989,-0.0647,3.38E-13,1027.8259,10.7414,27.1025,4.3084,131.088,8.85746,269.4954,48.642,C058,,2328.124857,,2192.998701,,7.708273868,7.702799247,7.904931136,569.4121292,571.5911475,2062.029673,106.6499753,24.3190532,51.54059508,1.267366194,0,0,14.53847395,2.461109175,1.571251456,7.917814974
2024,7,9,11,37,0,NYOS2407,8.7,900,C11,5,-72.4213,39.1148,201.31,199.687,9.6024,35.2155,7.993,-0.0545,3.14E-13,1028.0981,9.5795,27.1917,4.5896,139.631,9.09021,276.55299,50.49,C057,,2320.271198,,2199.446653,,7.690059497,7.669232599,7.88567735,591.5911261,593.8893348,2075.188879,97.98757866,26.2701949,48.04197826,1.078484642,0,0,15.16752682,2.245824213,1.431354331,7.917580711
2024,7,9,11,35,22,NYOS2407,8.7,900,C11,4,-72.4213,39.1148,226.743,224.901,8.9666,35.1475,7.997,-0.0601,2.93E-13,1028.267,8.9419,27.2431,4.7098,143.278,9.22197,280.54761,51.071,C056,,2316.629501,,2199.335829,,7.681872802,7.661205502,7.885910329,587.4601997,589.7613511,2077.00415,95.6741599,26.6575192,47.27842345,1.011900962,0,0,15.34285434,2.182828486,1.390054758,7.919322789
2024,7,9,11,33,44,NYOS2407,8.7,900,C11,3,-72.4213,39.1148,252.175,250.111,8.3816,35.1101,8.006,-0.0688,2.88E-13,1028.4481,8.3552,27.3062,4.9622,150.949,9.34472,284.26428,53.102,C055,,2315.979198,,2198.187287,,7.67186423,7.662946828,7.895795124,569.9505225,572.2002191,2076.158025,95.64449393,26.38476835,47.56920412,0.9759730199,0,0,15.35087148,2.171739236,1.382073715,7.918489301
2024,7,9,11,32,4,NYOS2407,8.7,900,C11,2,-72.4213,39.1148,276.96,274.676,7.9629,35.1242,8.013,-0.0647,3.05E-13,1028.6377,7.9348,27.3812,5.1988,158.136,9.43188,286.89473,55.12,C054,,2316.489435,,2196.283127,,7.694012491,7.668954759,7.907739983,550.5721695,552.7573252,2073.687801,96.7436397,25.85168639,48.36432616,0.9626683069,0,0,15.26700672,2.185855445,1.390618474,7.94722786
2024,7,9,11,29,42,NYOS2407,8.7,900,C11,1,-72.4213,39.1148,303.505,300.982,7.3185,35.0724,8.028,-0.0743,3.52E-13,1028.8162,7.2891,27.4351,5.6749,172.608,9.57355,291.18875,59.277,C053,,2314.468494,,2192.716603,,7.685484145,7.673639021,7.921722919,528.0985838,530.2123477,2070.129442,97.22770818,25.35945311,48.96496677,0.9309054548,0,0,15.22770717,2.185737057,1.389571403,7.948880753
2024,7,9,15,18,54,NYOS2407,9.7,1709,C12,8,-72.0917,39.3215,2.298,2.281,25.1314,33.1874,8.196,0,2.91E+01,1021.9422,25.1309,21.9324,6.7452,206.265,6.82614,208.74152,98.814,C069,,2238.601285,,1992.97325,,7.997356353,7.97992527,7.97791215,472.774313,474.2846572,1800.995406,178.4727011,13.50514294,75.07089549,5.600343527,0,0,10.54840156,4.359705896,2.864718523,7.995515817
2024,7,9,15,17,41,NYOS2407,9.7,1709,C12,7,-72.0917,39.3215,15.559,15.441,24.7518,34.3698,8.188,0.0071,9.89E+00,1023.0072,24.7485,22.941,6.6427,202.932,6.82431,208.47984,97.339,C068,,2290.896968,,2028.046654,,8.020109983,7.989510779,7.992647124,459.5663709,461.0413372,1824.939576,189.933715,13.17336326,80.3740579,5.726312223,0,0,10.29106279,4.583767743,3.016262438,8.023590981
2024,7,9,15,16,29,NYOS2407,9.7,1709,C12,6,-72.0917,39.3215,26.775,26.57,23.4554,35.6543,8.121,0.0586,5.52E+00,1024.4132,23.4498,24.299,6.9416,211.783,6.92713,211.34032,100.209,C067,,2341.044739,,2064.049156,,8.015304002,7.991670625,8.013663628,438.9256518,440.3569118,1852.178737,198.9501626,12.92025593,85.50385375,5.471743303,0,0,10.12442999,4.734327537,3.110348371,8.03706166
2024,7,9,15,14,57,NYOS2407,9.7,1709,C12,5,-72.0917,39.3215,45.621,45.269,11.0719,33.3881,8.194,0.5312,7.51E-01,1025.7135,11.0664,25.5085,8.4326,256.966,8.90992,271.51298,94.642,C066,,2243.175541,,2080.924382,,7.829001207,7.799574714,8.005109413,433.9767541,435.6308231,1941.073631,121.2941187,18.55663172,57.9394403,1.584330954,0,0,13.3298841,2.893825548,1.839754422,8.033744414
2024,7,9,15,13,36,NYOS2407,9.7,1709,C12,4,-72.0917,39.3215,56.819,56.379,15.5243,34.8515,8.16,0.2757,2.43E-01,1025.9927,15.5156,25.743,7.1161,216.801,8.05852,245.51217,88.306,C065,,2312.83351,,2100.950457,,7.90075002,7.882235532,8.021466113,426.7734995,428.3099249,1930.820582,154.3808818,15.74899399,70.64308601,2.617814249,0,0,11.74435922,3.649412702,2.347399296,8.037894505
2024,7,9,15,11,52,NYOS2407,9.7,1709,C12,3,-72.0917,39.3215,70.7,70.15,18.6019,36.2541,8.082,0.1039,8.21E-02,1026.3912,18.5894,26.085,5.1591,157.126,7.53256,229.41157,68.491,C064,,2377.496526,,2153.626207,,7.906873195,7.881376383,7.973540514,494.8242391,496.5378592,1972.96861,164.0942327,16.56336372,73.12753418,3.222795113,0,0,11.48556528,3.840190393,2.493195866,7.99849788
2024,7,9,15,10,7,NYOS2407,9.7,1709,C12,2,-72.0917,39.3215,86.549,85.873,14.7026,35.4622,8.105,-0.0028,2.95E-02,1026.7775,14.6897,26.3964,5.9703,181.775,8.16015,248.45004,73.164,C063,,2340.147293,,2142.43665,,7.857955777,7.842347138,7.992212881,463.3025317,464.987979,1979.325133,145.6444599,17.46705654,67.25831677,2.285339276,0,0,12.2316556,3.409809775,2.192097268,8.007418397
2024,7,9,15,8,21,NYOS2407,9.7,1709,C12,1,-72.0917,39.3215,100.803,100.013,14.6735,35.5656,8.123,-0.0518,1.07E-02,1026.9269,14.6584,26.4831,5.737,174.658,8.15968,248.41481,70.309,C062,,2340.097547,,2153.606009,,7.843548829,7.817349773,7.96647498,494.8737997,496.6747674,1996.206117,138.7368519,18.6630407,64.27531472,2.153463471,0,0,12.57596443,3.23790908,2.082092924,7.993448978
2024,7,9,16,11,1,NYOS2407,9.7,1709,C13,8,-72.0873,39.3217,126.672,125.67,13.9419,35.6887,8.024,-0.0549,1.21E-13,1027.2949,13.9236,26.7357,4.9047,149.283,8.27407,251.83545,59.278,C078,,2341.459916,,2175.054725,,7.797146472,7.771518834,7.929439963,543.1200754,545.1151551,2027.758928,126.3635804,20.9322165,59.13858465,1.847277169,0,0,13.26594288,2.932508887,1.883687633,7.958075629
2024,7,9,16,9,23,NYOS2407,9.7,1709,C13,7,-72.0873,39.3217,152.053,150.842,12.5015,35.5619,8.008,-0.0655,1.10E-13,1027.6074,12.481,26.932,4.4516,135.467,8.52817,259.51954,52.199,C077,,2334.356775,,2186.834565,,7.748989114,7.729920592,7.907199838,570.524041,572.6588313,2049.256403,114.5620127,23.01615012,54.46771821,1.521293363,0,0,13.99098147,2.647239654,1.695779884,7.931797684
2024,7,9,16,7,47,NYOS2407,9.7,1709,C13,6,-72.0873,39.3217,177.186,175.764,11.8358,35.5142,8.002,-0.0543,1.14E-13,1027.8137,11.8128,27.0245,4.4469,135.311,8.64984,263.19851,51.41,C076,,2331.113604,,2189.961064,,7.737739254,7.715501648,7.901333833,575.903445,578.0769108,2055.70412,110.5203251,23.7366191,52.97585611,1.405813522,0,0,14.25593919,2.542525118,1.62701963,7.930734413
2024,7,9,16,6,7,NYOS2407,9.7,1709,C13,5,-72.0873,39.3217,202.238,200.602,11.0123,35.394,7.994,-0.0598,1.18E-13,1027.9891,10.9872,27.0848,4.1983,127.74,8.80823,268.00219,47.664,C075,,2326.447816,,2193.22876,,7.706990508,7.69787627,7.894439875,582.3146145,584.5357736,2063.00377,105.5620373,24.66295226,51.05933985,1.273670092,0,0,14.59982826,2.418521588,1.545541174,7.912652963
2024,7,9,16,4,28,NYOS2407,9.7,1709,C13,4,-72.0873,39.3217,227.256,225.405,10.4752,35.3252,7.995,-0.0661,1.10E-13,1028.1464,10.4479,27.1279,4.2302,128.704,8.91382,271.20349,47.457,C074,,2322.577897,,2198.079875,,7.695843371,7.677180497,7.879857531,600.9052883,603.21336,2071.806977,100.3628951,25.91000273,48.89116059,1.167452044,0,0,14.97468844,2.289437208,1.46195703,7.909807273
2024,7,9,16,2,39,NYOS2407,9.7,1709,C13,3,-72.0873,39.3217,252.629,250.555,9.8223,35.2241,7.997,-0.0537,9.88E-14,1028.298,9.7932,27.1624,4.5987,139.911,9.04628,275.22443,50.835,C073,,2319.235242,,2194.81218,,7.68993282,7.678374345,7.890118781,581.8744644,584.1284682,2069.222724,99.93984639,25.64960967,49.02699467,1.118997415,0,0,15.00636415,2.269943834,1.448122335,7.914030419
2024,7,9,16,0,52,NYOS2407,9.7,1709,C13,2,-72.0873,39.3217,277.179,274.888,8.6367,35.0904,8.01,-0.0546,1.03E-13,1028.5048,8.6072,27.2516,5.0748,154.384,9.29299,282.70591,54.609,C072,,2311.953031,,2195.619018,,7.687789871,7.659719589,7.887526364,580.1417927,582.4240897,2074.164715,94.82575362,26.62854947,47.16530685,0.9847436809,0,0,15.39384621,2.144481083,1.365595567,7.930409294
2024,7,9,15,58,57,NYOS2407,9.7,1709,C13,1,-72.0873,39.3217,302.674,300.154,7.7366,35.0157,8.031,-0.0644,9.55E-14,1028.7045,7.7064,27.3299,5.446,165.663,9.48679,288.57952,57.407,C071,,2308.804643,,2195.951839,,7.66748124,7.651717905,7.89186466,569.5793494,571.8466611,2076.517923,92.4646477,26.96926842,46.46367911,0.9068542007,0,0,15.58539836,2.081105089,1.32368657,7.924266728
2024,7,9,15,58,57,NYOS2407,9.7,1709,C13,1,-72.0873,39.3217,302.674,300.154,7.7366,35.0157,8.031,-0.0644,9.55E-14,1028.7045,7.7064,27.3299,5.446,165.663,9.48679,288.57952,57.407,C070,,2307.939438,,2194.711325,,7.672472763,7.652766781,7.892985764,567.7461653,570.0061797,2075.184728,92.64412891,26.88246817,46.57032877,0.9091982127,0,0,15.56640631,2.085144679,1.326255951,7.929258251
2024,7,9,18,57,49,NYOS2407,9.6,133.1,C14,7,-72.2393,39.5502,1.878,1.864,25.9781,33.4204,8.217,0.0367,5.70E+01,1021.857,25.9777,21.849,6.5438,200.123,6.71996,205.51143,97.378,C086,,2238.92405,,1987.752143,,8.012209393,7.987469248,7.973014466,477.8086604,479.3194347,1792.349282,182.056557,13.34630369,76.47848424,5.99405583,0,0,10.40189861,4.446518306,2.930771298,7.998547804
2024,7,9,18,56,42,NYOS2407,9.6,133.1,C14,6,-72.2393,39.5502,15.306,15.189,26.1973,34.9785,8.202,-0.0113,1.50E+01,1023.0212,26.1939,22.9565,6.4139,195.939,6.63644,202.73765,96.647,C085,,2340.156074,,2052.048297,,8.04541811,8.019433921,8.001211544,455.2687567,456.7044344,1831.781483,207.7201003,12.54671389,86.23224598,6.712352506,0,0,9.89204663,5.000677755,3.308708242,8.028707096
2024,7,9,18,54,53,NYOS2407,9.6,133.1,C14,5,-72.2393,39.5502,34.525,34.259,22.5332,35.7176,8.142,0.0847,3.85E+00,1024.7617,22.5262,24.6141,7.0904,216.255,7.03706,214.62842,100.758,C084,,2349.975829,,2067.74899,,8.011552668,7.998729819,8.034249885,416.1116814,417.4840266,1853.028341,202.1768066,12.54384247,87.31944757,5.283888396,0,0,10.06135142,4.797302111,3.143949347,8.046409062
2024,7,9,18,53,25,NYOS2407,9.6,133.1,C14,4,-72.2393,39.5502,50.298,49.909,15.9631,34.8729,8.133,0.8165,8.46E-01,1025.8807,15.9552,25.6601,7.4088,225.735,7.98839,243.39508,92.744,C083,,2317.770615,,2094.90231,,7.919290609,7.903432766,8.036632274,410.9398627,412.4110783,1918.392144,161.5448526,14.96531293,73.46994705,2.828219613,0,0,11.44884814,3.823444931,2.46164369,8.049885705
2024,7,9,18,51,30,NYOS2407,9.6,133.1,C14,3,-72.2393,39.5502,80.437,79.808,13.7588,35.3159,8.104,-0.0386,8.76E-02,1026.8401,13.7473,26.4844,6.0829,185.188,8.32404,253.41827,73.076,C082,,2329.898559,,2144.698531,,7.83438317,7.818629894,7.98247691,473.4065338,475.1496044,1988.866737,137.4443623,18.38743196,64.12273935,2.031008173,0,0,12.62257804,3.222874824,2.067264758,7.998081395
2024,7,9,18,48,57,NYOS2407,9.6,133.1,C14,2,-72.2393,39.5502,101.259,100.463,14.2636,35.7544,8.068,0.009,2.86E-02,1027.1638,14.2487,26.7174,4.829,146.982,8.2173,250.112,58.767,C081,,2346.881661,,2172.729717,,7.827359123,7.787511101,7.942005099,528.3988003,530.3318476,2021.31518,131.2575089,20.15702853,61.10236864,1.960787648,0,0,13.00206034,3.05850452,1.965521129,7.983431676
2024,7,9,18,48,57,NYOS2407,9.6,133.1,C14,2,-72.2393,39.5502,101.259,100.463,14.2636,35.7544,8.068,0.009,2.86E-02,1027.1638,14.2487,26.7174,4.829,146.982,8.2173,250.112,58.767,C080,,2346.583189,,2173.617674,,7.806484252,7.784914627,7.939325959,532.0529523,533.9993677,2022.776649,130.5445998,20.29642485,60.78037542,1.948728883,0,0,13.04123561,3.041892628,1.954845642,7.962556804
2024,7,9,18,47,12,NYOS2407,9.6,133.1,C14,1,-72.2393,39.5502,131.561,130.517,11.5221,35.3307,8.115,-0.0601,5.96E-03,1027.5272,11.5054,26.9399,4.7979,146.003,8.71716,265.26884,55.04,C079,,2325.28218,,2185.806901,,7.729054766,7.714011906,7.906206676,570.1682645,572.3288115,2052.615992,109.4282005,23.76270886,52.45367399,1.368804474,0,0,14.32770001,2.540561326,1.623539276,7.9268667
2024,7,9,22,33,12,NYOS2407,9.5,82,C15,6,-72.3893,39.7758,2.301,2.283,24.8313,30.4824,8.134,0.3815,2.12E+01,1019.9914,24.8308,19.9816,7.3304,224.59,6.96805,213.48886,105.2,C093,,2080.166369,,1860.431227,,7.979046474,7.987656063,7.990060673,435.5801443,436.9767711,1688.486318,159.2293789,12.71552946,67.90421911,5.327530076,0,0,10.80021846,3.970458319,2.587863631,7.981411856
2024,7,9,22,32,6,NYOS2407,9.5,82,C15,5,-72.3893,39.7758,10.38,10.3,22.3825,32.404,8.111,1.0893,2.43E+00,1022.1855,22.3804,22.1408,7.7978,238.407,7.19303,219.91624,108.408,C092,,2189.656141,,1957.793687,,7.979806832,7.970275332,8.008641511,428.3718958,429.7873022,1776.718861,167.879554,13.19527117,72.55705369,4.631141189,0,0,10.8091837,4.100451866,2.668461242,8.016811508
2024,7,9,22,30,47,NYOS2407,9.5,82,C15,4,-72.3893,39.7758,19.945,19.792,18.5267,33.3463,8.068,0.8453,5.54E-01,1023.9639,18.5233,23.8771,8.3747,255.609,7.67559,234.27172,109.108,C091,,2238.038581,,2014.754106,,7.947727031,7.933933622,8.029538718,410.4343646,411.8570747,1839.053749,161.7118745,13.98848239,72.11134181,3.459293912,0,0,11.21042337,3.896054989,2.515662639,8.040452526
2024,7,9,22,30,47,NYOS2407,9.5,82,C15,4,-72.3893,39.7758,19.945,19.792,18.5267,33.3463,8.068,0.8453,5.54E-01,1023.9639,18.5233,23.8771,8.3747,255.609,7.67559,234.27172,109.108,C090,,2236.40693,,2012.635118,,7.952473259,7.935145951,8.03076638,408.7604748,410.1773826,1836.738223,161.9654624,13.93143264,72.27822145,3.469086469,0,0,11.19263887,3.902164575,2.519607567,8.045198754
2024,7,9,22,29,35,NYOS2407,9.5,82,C15,3,-72.3893,39.7758,30.027,29.795,11.9874,32.7043,8.088,0.3169,1.21E-01,1024.9429,11.9836,24.8085,9.3182,284.15,8.77744,267.65874,106.142,C089,,2202.400929,,2036.842035,,7.835022818,7.820479307,8.012979704,420.7956501,422.3806377,1896.35859,122.9452361,17.53820859,58.4141879,1.747594334,0,0,13.08648379,2.954465161,1.878376825,8.025694
2024,7,9,22,27,44,NYOS2407,9.5,82,C15,2,-72.3893,39.7758,45.614,45.26,7.5021,32.5836,8.076,-0.008,9.50E-03,1025.6566,7.4978,25.4478,8.3322,253.923,9.6904,295.31429,85.984,C088,,2203.817048,,2099.173055,,7.690308468,7.664995752,7.918442854,529.4232007,531.5371609,1987.099517,86.44207208,25.63146608,42.95667883,0.8890286125,0,0,15.87636622,2.070626646,1.306461848,7.950799513
2024,7,9,22,25,6,NYOS2407,9.5,82,C15,1,-72.3893,39.7758,80.799,80.166,8.8521,33.191,8.079,-0.0252,1.12E-13,1026.093,8.8437,25.7261,7.4951,228.35,9.36317,285.26437,80.049,C087,,2231.650404,,2114.301175,,7.716299726,7.690336461,7.923449644,528.0399814,530.1114708,1995.630936,94.34266269,24.32757608,46.29953012,1.046795936,0,0,15.2580101,2.237731708,1.417304844,7.955542524
2024,7,10,1,0,50,NYOS2407,9.4,63.68,C16,5,-72.5372,39.9987,2.629,2.609,23.8565,30.2528,8.067,0.6194,5.31E+00,1020.105,23.8559,20.0937,7.4628,228.621,7.09628,217.39369,105.165,C098,,2075.423255,,1865.41718,,7.992454801,7.970659577,7.987394632,438.9919379,440.4163886,1699.402177,152.8582163,13.15678653,65.48177323,4.833388477,0,0,11.07399984,3.809498059,2.474226302,8.008540701
2024,7,10,0,59,41,NYOS2407,9.4,63.68,C16,4,-72.5372,39.9987,10.557,10.476,17.7186,30.8572,8.011,2.0653,1.69E-11,1022.2157,17.7169,22.1695,8.5424,261.163,7.91177,241.88394,107.97,C097,,2111.248877,,1918.405215,,7.927913061,7.919166114,8.026870365,398.3620881,399.7570275,1763.75016,140.5679602,14.08709489,63.32460443,3.0477932,0,0,11.80363804,3.445962117,2.206804238,8.032503795
2024,7,10,0,58,24,NYOS2407,9.4,63.68,C16,3,-72.5372,39.9987,19.862,19.709,8.723,31.9271,8.017,0.5759,1.69E-11,1024.8458,8.721,24.7553,10.2729,313.278,9.46732,288.7109,108.509,C096,,2175.740979,,2028.390482,,7.815751122,7.788841622,8.031223617,396.0087801,397.5649358,1899.365054,110.5663922,18.45903556,53.96068184,1.291959665,0,0,13.85642597,2.671170657,1.685348455,8.057017081
2024,7,10,0,56,53,NYOS2407,9.4,63.68,C16,2,-72.5372,39.9987,39.518,39.211,6.6762,31.9846,8.01,0.0764,1.69E-11,1025.2686,6.6728,25.0868,8.4385,257.252,9.91519,302.27096,85.106,C095,,2174.823652,,2094.446274,,7.629311688,7.603601795,7.864875726,598.1291781,600.5435706,1991.596977,72.94351118,29.9057861,36.63957742,0.7140081257,0,0,17.06353627,1.754905498,1.104277472,7.902903019
2024,7,10,0,55,3,NYOS2407,9.4,63.68,C16,1,-72.5372,39.9987,62.67,62.181,7.2063,32.3726,8.043,-0.0075,1.69E-11,1025.6101,7.2006,25.3227,8.0106,244.152,9.7697,297.7672,81.994,C094,,2195.07465,,2105.181224,,7.657751467,7.626019371,7.880325199,579.3550271,581.6773727,1998.441697,78.3671553,28.37237207,39.12390538,0.7881862951,0,0,16.5929943,1.873210828,1.18105051,7.92292557
2024,7,10,3,38,34,NYOS2407,9.3,54.23,C17,5,-72.686,40.2207,2.251,2.234,23.4934,30.3237,7.991,0.8401,7.00E+00,1020.2612,23.493,20.2515,7.6002,232.794,7.13866,218.65816,106.465,C104,,2068.842125,,1869.451961,,7.953536645,7.947233883,7.969261861,459.3014319,460.7984354,1709.737994,145.8226945,13.89127241,62.97604103,4.493666442,0,0,11.3572429,3.629506841,2.355419305,7.974756306
2024,7,10,3,37,36,NYOS2407,9.3,54.23,C17,4,-72.686,40.2207,7.862,7.801,16.9473,30.6649,7.958,3.3608,1.69E-11,1022.2369,16.946,22.2023,9.106,278.387,8.03977,245.78931,113.256,C103,,2091.890843,,1917.722393,,7.896152581,7.881086876,7.999800174,424.7250384,426.2268081,1773.986531,128.3580094,15.37785276,58.54663334,2.651876867,0,0,12.38485144,3.148764482,2.011669893,8.012129882
2024,7,10,3,36,23,NYOS2407,9.3,54.23,C17,3,-72.686,40.2207,13.21,13.108,9.7421,31.629,7.936,1.908,1.72E-11,1024.423,9.7406,24.3631,9.0987,277.575,9.27382,282.91807,98.111,C102,,2162.415126,,2024.490815,,7.782322349,7.769972505,7.995601779,434.050139,435.7332713,1899.60322,105.301762,19.58583263,50.90459835,1.314096514,0,0,14.20341968,2.551862735,1.61140589,8.007667963
2024,7,10,3,34,50,NYOS2407,9.3,54.23,C17,2,-72.686,40.2207,30.156,29.922,7.5352,31.7697,7.911,0.0534,1.69E-11,1024.9416,7.5324,24.8034,7.7283,235.666,9.73482,296.85427,79.388,C101,,2167.933725,,2089.053552,,7.637307271,7.601932031,7.850102824,622.4891186,624.9736061,1986.412604,72.39514665,30.24580124,35.99345978,0.7517828778,0,0,17.09128219,1.746849773,1.099846756,7.897274897
2024,7,10,3,34,50,NYOS2407,9.3,54.23,C17,2,-72.686,40.2207,30.156,29.922,7.5352,31.7697,7.911,0.0534,1.69E-11,1024.9416,7.5324,24.8034,7.7283,235.666,9.73482,296.85427,79.388,C100,,2167.594713,,2089.62918,,7.626267329,7.599184086,7.847121503,627.0358757,629.5385104,1987.232893,71.92956543,30.46672127,35.77056315,0.7466397538,0,0,17.1332359,1.735615588,1.09277352,7.886234955
2024,7,10,3,32,3,NYOS2407,9.3,54.23,C17,1,-72.686,40.2207,52.552,52.141,6.7222,31.966,7.967,0.0101,1.69E-11,1025.3082,6.7177,25.0664,7.6559,233.401,9.90583,301.99176,77.287,C099,,2175.262373,,2108.523903,,7.600482823,7.562228063,7.81849274,670.6494545,673.3549398,2008.769063,66.27343069,33.48140914,33.31665401,0.6452972549,0,0,17.68948579,1.590592219,1.00105666,7.873342477
2024,7,10,6,7,53,NYOS2407,9.2,41,C18,4,-72.8303,40.4295,2.195,2.178,22.8824,29.9742,7.966,1.1032,2.03E+00,1020.1696,22.8819,20.1601,8.1133,248.534,7.23068,221.49663,112.207,C108,,2041.748897,,1840.202966,,7.962230272,7.960946702,7.992044426,427.5811968,428.9853182,1680.624701,146.4124254,13.16583971,63.85754942,4.452198984,0,0,11.2339618,3.648761289,2.361264571,7.992117101
2024,7,10,6,6,25,NYOS2407,9.2,41,C18,3,-72.8303,40.4295,10.572,10.49,10.2828,31.5148,7.908,1.214,1.69E-11,1024.2331,10.2816,24.1852,8.5963,262.296,9.17157,279.84747,93.728,C107,,2161.985709,,2034.617409,,7.754734653,7.743656332,7.959645319,477.3543831,479.192479,1913.94733,99.49858425,21.17149477,47.7770725,1.275341867,0,0,14.66135828,2.414342001,1.525471575,7.971679955
2024,7,10,6,4,46,NYOS2407,9.2,41,C18,2,-72.8303,40.4295,20.261,20.104,7.975,31.6242,7.898,0.1354,1.76E-11,1024.7202,7.9731,24.6275,6.8016,207.444,9.64704,294.22806,70.504,C106,,2167.178661,,2107.633884,,7.572783791,7.543852447,7.78049427,742.6641532,745.6112318,2008.838552,63.22211952,35.57321178,31.24451875,0.6682709606,0,0,17.9320524,1.529615587,0.9632326336,7.825808432
2024,7,10,6,2,46,NYOS2407,9.2,41,C18,1,-72.8303,40.4295,39.941,39.63,7.7467,31.6319,7.963,0.0956,1.69E-11,1024.8489,7.743,24.6659,6.7487,205.823,9.69671,295.73198,69.598,C105,,2164.422402,,2108.421396,,7.548961593,7.532678012,7.770903599,756.9410391,759.9537779,2010.464963,61.41563184,36.54080028,30.50396465,0.6395074971,0,0,18.08362015,1.480283098,0.932082254,7.80558762
2024,7,10,8,42,12,NYOS2407,9.1,14,C19,3,-72.9808,40.6663,2.154,2.137,21.1007,29.9856,8.009,1.1662,6.40E+00,1020.6643,21.1002,20.6549,8.183,250.547,7.46555,228.58026,109.61,C112,,2052.92373,,1879.23528,,7.874764599,7.894379787,7.951339298,479.2558145,480.8646418,1734.837372,128.9171745,15.48073386,56.81417197,3.449261147,0,0,12.19375213,3.20086398,2.061572508,7.930130747
2024,7,10,8,41,1,NYOS2407,9.1,14,C19,2,-72.9808,40.6663,7.387,7.33,16.5536,30.1591,7.989,1.6758,1.69E-11,1021.937,16.5524,21.9045,8.2993,253.797,8.12659,248.51578,102.125,C111,,2053.562863,,1936.491424,,7.788199504,7.743308455,7.864235043,595.5780875,597.6944624,1820.844448,93.76989077,21.8770851,43.34031852,1.852271579,0,0,14.61931515,2.306709816,1.470136195,7.910012302
2024,7,10,8,41,1,NYOS2407,9.1,14,C19,2,-72.9808,40.6663,7.387,7.33,16.5536,30.1591,7.989,1.6758,1.69E-11,1021.937,16.5524,21.9045,8.2993,253.797,8.12659,248.51578,102.125,C110,,2070.849401,,1923.103724,,7.795249722,7.824808427,7.948093071,483.5764705,485.2948499,1793.318071,112.0226693,17.76298326,51.25070619,2.246791082,0,0,13.35100444,2.755722427,1.756305564,7.91706252
2024,7,10,8,39,48,NYOS2407,9.1,14,C19,1,-72.9808,40.6663,12.212,12.118,14.9388,30.3194,7.985,2.1234,1.69E-11,1022.434,14.937,22.3798,7.019,214.545,8.38306,256.2398,83.728,C109,,2081.504939,,2006.448719,,7.667785592,7.612162987,7.751111721,798.197008,801.0920505,1904.34582,71.35264002,30.75025834,33.24564167,1.226305359,0,0,16.73807791,1.748743169,1.111184159,7.81370013
2024,7,10,11,41,16,NYOS2407,10.1,20,C20,3,-72.5783,40.7763,2.008,1.993,20.5872,29.9376,8.04,0.9525,2.53E+01,1020.7623,20.5868,20.7535,8.1318,248.954,7.53813,230.78033,107.875,C115,,2062.073957,,1895.84173,,7.866439971,7.87560565,7.939950499,496.2167992,497.8932109,1755.086051,124.4951823,16.26049701,54.80683364,3.202434317,0,0,12.50417098,3.089175664,1.986672194,7.929206839
2024,7,10,11,40,7,NYOS2407,10.1,20,C20,2,-72.5783,40.7763,8.09,8.027,16.8725,30.0053,8.044,1.0339,2.37E+00,1021.75,16.8712,21.7144,8.7488,267.595,8.08363,247.24807,108.229,C114,,2067.238443,,1914.297299,,7.841179394,7.840673606,7.959515227,469.4048098,471.0661279,1781.972085,115.2299903,17.09522364,52.44633219,2.371252277,0,0,13.13037689,2.838227044,1.809353178,7.958264176
2024,7,10,11,38,31,NYOS2407,10.1,20,C20,1,-72.5783,40.7763,18.511,18.367,15.5698,30.386,8.041,1.618,1.04E-01,1022.3784,15.567,22.2965,7.5013,229.306,8.2745,252.94216,90.655,C113,,2087.254587,,1971.253961,,7.734713314,7.733966139,7.868794384,595.0691585,597.210228,1855.185091,93.58663145,22.48223794,43.19815759,1.711888208,0,0,14.8070219,2.291866111,1.458679624,7.871177755
2024,7,10,14,7,20,NYOS2407,10.2,44.24,C21,4,-72.448,40.5583,2.425,2.407,22.6314,30.447,7.996,0.6408,2.69E+01,1020.5986,22.6309,20.5882,7.803,238.928,7.24311,221.78431,107.73,C119,,2071.434652,,1854.281481,,7.966278729,7.984000038,8.018943894,401.3460658,402.6681134,1685.22419,156.6478348,12.40945606,68.25108144,4.673491221,0,0,10.88560174,3.888178082,2.518210163,7.999736424
2024,7,10,14,5,54,NYOS2407,10.2,44.24,C21,3,-72.448,40.5583,9.444,9.371,12.6536,31.3642,7.979,2.4159,1.65E+00,1023.6861,12.6524,23.6439,9.0495,276.268,8.72865,266.47367,103.664,C118,,2135.107033,,1960.728048,,7.835196784,7.866677779,8.050851396,374.2114812,375.6089737,1817.789925,127.5519497,15.38617245,60.23219709,1.990094441,0,0,12.59425378,3.101966745,1.967679993,8.015684568
2024,7,10,14,4,23,NYOS2407,10.2,44.24,C21,2,-72.448,40.5583,19.892,19.737,8.2545,31.7606,7.956,0.2036,1.45E-01,1024.7852,8.2525,24.6943,7.7497,236.344,9.57777,292.09624,80.913,C117,,2173.460988,,2079.531996,,7.650198908,7.646324925,7.887354553,570.9257038,573.1830014,1971.920334,80.54618865,27.06547367,39.57988277,0.8816249998,0,0,16.34720379,1.947478132,1.227324902,7.898822448
2024,7,10,14,2,36,NYOS2407,10.2,44.24,C21,1,-72.448,40.5583,41.556,41.231,7.6392,31.7734,8.021,0.0189,3.93E-03,1024.9825,7.6353,24.7921,7.1186,217.077,9.7115,296.14666,73.3,C116,,2177.12378,,2110.183938,,7.587902127,7.564859611,7.807751453,694.0256939,696.7919198,2009.800834,66.78293047,33.60017384,33.08293072,0.6900460304,0,0,17.6506478,1.607828169,1.012623519,7.846225974
2024,7,10,16,25,19,NYOS2407,10.3,55.31,C22,5,-72.3073,40.3565,2.673,2.652,22.7109,30.0702,8.002,0.4045,4.80E+01,1020.2923,22.7104,20.2808,7.7284,236.716,7.2487,222.02211,106.618,C125,,2070.370937,,1887.288168,,7.91063544,7.913134745,7.946498586,489.8248661,491.4367869,1736.444842,135.699875,15.14345076,58.58288876,3.955009483,0,0,11.89389235,3.377932241,2.18565187,7.942961469
2024,7,10,16,24,20,NYOS2407,10.3,55.31,C22,4,-72.3073,40.3565,7.528,7.47,21.4784,30.1652,7.933,1.0753,1.52E+01,1020.7232,21.477,20.6906,8.0893,247.671,7.4067,226.77048,109.217,C124,,2071.324267,,1890.920916,,7.910990771,7.905409431,7.956719508,475.806827,477.396622,1742.145199,133.5783754,15.19734165,58.40475325,3.628847707,0,0,12.01197176,3.312086759,2.136680576,7.960929856
2024,7,10,16,23,14,NYOS2407,10.3,55.31,C22,3,-72.3073,40.3565,15.18,15.063,9.4981,31.7941,7.957,1.1844,1.30E+00,1024.6,9.4964,24.531,9.7584,297.653,9.31385,284.09279,104.773,C123,,2176.622028,,2020.985378,,7.804830591,7.810980094,8.042324986,386.2549847,387.757544,1887.556487,115.8741161,17.5547744,55.89515069,1.431419003,0,0,13.50594534,2.804247009,1.770850215,8.033977512
2024,7,10,16,21,12,NYOS2407,10.3,55.31,C22,2,-72.3073,40.3565,34.311,34.044,7.3049,31.8821,7.908,0.1321,5.70E-02,1025.0806,7.3018,24.9232,8.2594,251.834,9.77905,298.16832,84.461,C122,,2172.738464,,2089.303183,,7.638406439,7.614043325,7.86665622,597.2855529,599.6766715,1985.372039,74.69699662,29.23414759,37.22220332,0.7641052393,0,0,16.8884533,1.799779261,1.133172585,7.902018425
2024,7,10,16,19,17,NYOS2407,10.3,55.31,C22,1,-72.3073,40.3565,54.506,54.079,6.7199,31.9718,7.955,0.014,8.94E-05,1025.322,6.7153,25.0713,7.6024,231.766,9.90597,301.99462,76.745,C121,,2177.535217,,2113.645615,,7.568541213,7.553234111,7.808580583,687.8317376,690.6066225,2014.333591,64.97120979,34.34081425,32.6443021,0.6307648231,0,0,17.81719356,1.558575652,0.9809456787,7.841437445
2024,7,10,16,19,17,NYOS2407,10.3,55.31,C22,1,-72.3073,40.3565,54.506,54.079,6.7199,31.9718,7.955,0.014,8.94E-05,1025.322,6.7153,25.0713,7.6024,231.766,9.90597,301.99462,76.745,C120,,2177.705813,,2112.407864,,7.568017784,7.557592297,7.813360813,679.7936102,682.5360673,2012.827198,65.64116504,33.93950121,32.97422568,0.6377459294,0,0,17.7575237,1.574647016,0.9910607699,7.840914016
2024,7,10,19,25,12,NYOS2407,11.3,62.7,C23,5,-71.9283,40.498,2.428,2.409,23.5752,30.3314,8.099,0.3037,1.31E+02,1020.2444,23.5747,20.234,7.6113,233.141,7.12811,218.33859,106.779,C131,,2054.803331,,1853.96522,,7.956105909,7.952456335,7.97328879,451.0913204,452.5600894,1694.055316,146.2966414,13.6132621,63.59596121,4.56963439,0,0,11.2661495,3.641654801,2.36390909,7.976167929
2024,7,10,19,25,12,NYOS2407,11.3,62.7,C23,5,-71.9283,40.498,2.428,2.409,23.5752,30.3314,8.099,0.3037,1.31E+02,1020.2444,23.5747,20.234,7.6113,233.141,7.12811,218.33859,106.779,C130,,2056.47845,,1850.551849,,7.955710343,7.963508271,7.98437758,438.0969303,439.5233891,1687.804408,149.5263305,13.22111082,64.94415934,4.687812623,0,0,11.12712461,3.722049077,2.416095464,7.975772363
2024,7,10,19,24,11,NYOS2407,11.3,62.7,C23,4,-71.9283,40.498,6.993,6.939,21.1057,30.3901,8.066,0.7598,9.45E+00,1020.9911,21.1044,20.9608,8.0343,245.921,7.4472,227.95025,107.884,C129,,2059.130723,,1860.08505,,7.94761032,7.946988907,8.004229929,415.2776249,416.6715956,1702.26484,144.4369851,13.38322483,64.07258267,3.92944577,0,0,11.38579276,3.573420141,2.304591629,8.002904533
2024,7,10,19,23,11,NYOS2407,11.3,62.7,C23,3,-71.9283,40.498,10.654,10.572,16.1788,31.2523,8.031,1.456,3.93E+00,1022.8744,16.1772,22.8274,8.6805,265.214,8.1323,248.46598,106.741,C128,,2120.83964,,1952.639909,,7.875499593,7.855267667,7.985016725,444.9887032,446.5774733,1811.345877,124.8653367,16.42869543,57.36646835,2.407194268,0,0,12.68445599,3.047427051,1.946827909,8.002882503
2024,7,10,19,21,22,NYOS2407,11.3,62.7,C23,2,-71.9283,40.498,30.529,30.292,7.6744,31.9268,8.028,0.148,2.23E-01,1025.0473,7.6716,24.9075,9.0278,275.268,9.69399,295.57914,93.128,C127,,2180.643041,,2065.998152,,7.710790318,7.70238902,7.955980691,479.3736811,481.2834712,1951.222548,91.61629262,23.15931168,45.2234889,0.975716061,0,0,15.38244919,2.208664767,1.391461431,7.968558084
2024,7,10,19,19,8,NYOS2407,11.3,62.7,C23,1,-71.9283,40.498,60.755,60.278,6.6896,32.018,8.059,-0.0009,4.11E-14,1025.3912,6.6844,25.1116,8.1004,246.939,9.90993,302.10331,81.74,C126,,2183.468006,,2104.676287,,7.619123245,7.597936583,7.857709693,609.8359569,612.2971699,2001.880885,72.3245455,30.47085686,36.24728472,0.7049107319,0,0,17.15961591,1.732609958,1.090635657,7.89250141
2024,7,10,21,38,6,NYOS2407,11.2,46.4,C24,4,-72.0605,40.6877,2.279,2.261,23.5097,30.4916,8.067,0.799,2.14E+01,1020.3835,23.5092,20.3737,7.8122,239.259,7.12972,218.35822,109.572,C135,,2062.753178,,1844.300736,,7.985973776,7.987504713,8.009428115,409.7772459,411.1125678,1674.503096,157.4204266,12.37721353,68.46675284,4.952475156,0,0,10.8037064,3.913399734,2.541093741,8.006962706
2024,7,10,21,37,7,NYOS2407,11.2,46.4,C24,3,-72.0605,40.6877,7.32,7.263,23.4325,30.4881,7.974,1.066,4.14E+00,1020.4249,23.431,20.3935,7.8505,240.428,7.13955,218.65489,109.958,C134,,2066.266915,,1848.279635,,7.984581733,7.986014068,8.008904202,410.9045149,412.2447797,1678.629178,157.2138647,12.43659236,68.30614776,4.913870582,0,0,10.82907212,3.904836573,2.535099127,8.006663671
2024,7,10,21,36,14,NYOS2407,11.2,46.4,C24,2,-72.0605,40.6877,14.502,14.39,13.4007,31.7032,7.976,1.3398,2.66E-01,1023.8264,13.3988,23.7617,9.6642,295.002,8.57581,261.77761,112.692,C133,,2156.645816,,1986.470654,,7.859342621,7.849616277,8.021605703,407.5411681,409.0486158,1844.4574,125.6772682,16.33598626,58.82840005,2.015197894,0,0,12.78303807,3.049086743,1.938828944,8.028466711
2024,7,10,21,34,10,NYOS2407,11.2,46.4,C24,1,-72.0605,40.6877,44.565,44.216,7.1486,31.9028,8.028,0.037,3.12E-03,1025.1652,7.1446,24.9606,7.6276,232.562,9.8129,299.18934,77.731,C132,,2182.469785,,2111.785793,,7.580752483,7.574685971,7.825903296,662.8435691,665.5025958,2010.653112,68.51729815,32.61538244,34.11211183,0.6852050129,0,0,17.51395377,1.647544136,1.037265238,7.846841235
2024,7,10,23,55,51,NYOS2407,11.1,21,C25,3,-72.2073,40.8918,2.54,2.52,19.8303,30.1583,7.963,1.3916,1.25E+01,1021.1276,19.8299,21.1166,8.2692,253.072,7.6343,233.64147,108.317,C138,,2070.099602,,1898.033694,,7.900283261,7.885771275,7.961468368,469.1727172,470.7727598,1754.486751,127.864646,15.68229705,56.74325977,3.151459395,0,0,12.33466767,3.163448158,2.031933314,7.974006106
2024,7,10,23,54,30,NYOS2407,11.1,21,C25,2,-72.2073,40.8918,12.219,12.124,16.4905,30.173,7.924,1.8707,5.62E-01,1021.9834,16.4886,21.9295,7.5935,232.207,8.13593,248.79552,93.332,C137,,2075.0219,,1953.466438,,7.75852968,7.753572178,7.875606107,584.1680683,586.2455537,1835.125126,96.84481765,21.49649393,44.3295572,1.891178978,0,0,14.49077891,2.380052919,1.51681302,7.881279232
2024,7,10,23,53,8,NYOS2407,11.1,21,C25,1,-72.2073,40.8918,19.229,19.079,15.1242,30.604,7.939,1.1761,5.12E-03,1022.6451,15.1214,22.5599,7.4801,228.598,8.33731,254.79638,89.718,C136,,2100.210142,,1985.762651,,7.743329466,7.72555287,7.866719436,600.1509403,602.3225483,1870.004997,92.80364237,22.9540116,42.97330886,1.638431851,0,0,14.92199446,2.268284751,1.443220664,7.886463092