Estimate Status,Year,Common Name,PSE Harvest,Does Total Harvest (A+B1) Meet MRIP Standard,Is Total Harvest (A+B1) Significantly Different From 0,Total Harvest (A+B1),Total Harvest (A+B1) Lower 95% Confidence Limit,Total Harvest (A+B1) Upper 95% Confidence Limit,PSE Released,Does Released Alive (B2) Meet MRIP Standard,Is Released Alive (B2) Significantly Different From 0,Released (B2),Released Alive (B2) Lower 95% Confidence Limit,Released Alive (B2) Upper 95% Confidence Limit
FINAL,1981,ALL SPECIES,12.4,YES,YES,"37,502,539","28,387,922","46,617,156",10.5,YES,YES,"15,221,857","12,089,199","18,354,516"
FINAL,1982,ALL SPECIES,12.1,YES,YES,"27,157,522","20,716,844","33,598,200",11.9,YES,YES,"10,627,049","8,148,396","13,105,701"
FINAL,1983,ALL SPECIES,13.6,YES,YES,"35,883,386","26,318,311","45,448,461",10.7,YES,YES,"15,628,282","12,350,719","18,905,845"
FINAL,1984,ALL SPECIES,12.2,YES,YES,"39,844,483","30,316,870","49,372,096",8.3,YES,YES,"27,761,390","23,245,167","32,277,613"
FINAL,1985,ALL SPECIES,9.5,YES,YES,"40,960,383","33,333,560","48,587,206",9.5,YES,YES,"21,730,116","17,683,969","25,776,264"
FINAL,1986,ALL SPECIES,7.8,YES,YES,"37,512,610","31,777,682","43,247,538",6.5,YES,YES,"23,470,746","20,480,573","26,460,919"
FINAL,1987,ALL SPECIES,10.2,YES,YES,"31,794,517","25,438,157","38,150,877",13.8,YES,YES,"26,364,178","19,233,195","33,495,161"
FINAL,1988,ALL SPECIES,7.9,YES,YES,"19,517,306","16,495,246","22,539,366",7.9,YES,YES,"13,237,712","11,187,984","15,287,439"
FINAL,1989,ALL SPECIES,8.6,YES,YES,"30,084,658","25,013,588","35,155,728",8.6,YES,YES,"15,608,188","12,977,272","18,239,104"
FINAL,1990,ALL SPECIES,9.8,YES,YES,"27,138,419","21,925,672","32,351,167",6.6,YES,YES,"15,154,456","13,194,075","17,114,836"
FINAL,1991,ALL SPECIES,7.1,YES,YES,"29,860,350","25,704,984","34,015,716",7.8,YES,YES,"19,743,774","16,725,346","22,762,202"
FINAL,1992,ALL SPECIES,9.4,YES,YES,"14,459,293","11,795,313","17,123,273",5.4,YES,YES,"12,302,419","11,000,331","13,604,507"
FINAL,1993,ALL SPECIES,8.6,YES,YES,"12,293,687","10,221,463","14,365,911",5.9,YES,YES,"17,174,014","15,188,011","19,160,017"
FINAL,1994,ALL SPECIES,15.6,YES,YES,"17,463,208","12,123,658","22,802,759",6.6,YES,YES,"15,633,323","13,610,996","17,655,649"
FINAL,1995,ALL SPECIES,17.2,YES,YES,"8,121,106","5,383,319","10,858,893",7.2,YES,YES,"11,667,872","10,021,302","13,314,442"
FINAL,1996,ALL SPECIES,19.7,YES,YES,"8,546,582","5,246,576","11,846,588",8.3,YES,YES,"13,529,385","11,328,425","15,730,346"
FINAL,1997,ALL SPECIES,10.5,YES,YES,"8,681,481","6,894,832","10,468,130",9.4,YES,YES,"13,385,005","10,918,951","15,851,058"
FINAL,1998,ALL SPECIES,17.6,YES,YES,"10,609,577","6,949,697","14,269,457",9.6,YES,YES,"12,518,420","10,162,954","14,873,886"
FINAL,1999,ALL SPECIES,26.7,YES,YES,"14,465,223","6,895,283","22,035,164",6.4,YES,YES,"29,671,199","25,949,244","33,393,154"
FINAL,2000,ALL SPECIES,63.7,NO,NO,"46,799,741",0,"105,230,154",12.6,YES,YES,"29,747,755","22,401,249","37,094,260"
FINAL,2001,ALL SPECIES,10.9,YES,YES,"9,459,156","7,438,302","11,480,010",6.1,YES,YES,"34,906,431","30,733,018","39,079,844"
FINAL,2002,ALL SPECIES,8.3,YES,YES,"9,419,261","7,886,936","10,951,586",5.6,YES,YES,"34,707,794","30,898,267","38,517,322"
FINAL,2003,ALL SPECIES,11.6,YES,YES,"19,738,588","15,250,823","24,226,353",5,YES,YES,"27,681,983","24,969,149","30,394,817"
FINAL,2004,ALL SPECIES,17.9,YES,YES,"17,064,903","11,077,852","23,051,954",8.6,YES,YES,"34,000,232","28,269,153","39,731,311"
FINAL,2005,ALL SPECIES,12.9,YES,YES,"10,070,011","7,523,909","12,616,113",8.6,YES,YES,"35,273,760","29,328,015","41,219,505"
FINAL,2006,ALL SPECIES,13.2,YES,YES,"12,224,161","9,061,526","15,386,796",8.2,YES,YES,"36,857,265","30,933,565","42,780,964"
FINAL,2007,ALL SPECIES,11.2,YES,YES,"11,589,252","9,045,179","14,133,325",6.3,YES,YES,"31,333,284","27,464,250","35,202,318"
FINAL,2008,ALL SPECIES,14.4,YES,YES,"12,120,412","8,699,547","15,541,277",7.1,YES,YES,"37,289,532","32,100,320","42,478,743"
FINAL,2009,ALL SPECIES,10.8,YES,YES,"9,708,058","7,653,056","11,763,060",6.8,YES,YES,"36,135,302","31,319,189","40,951,415"
FINAL,2010,ALL SPECIES,10.2,YES,YES,"11,215,391","8,973,210","13,457,572",6.2,YES,YES,"35,811,370","31,459,572","40,163,168"
FINAL,2011,ALL SPECIES,10.8,YES,YES,"9,540,058","7,520,619","11,559,498",5.9,YES,YES,"35,922,928","31,768,801","40,077,056"
FINAL,2012,ALL SPECIES,10.1,YES,YES,"10,922,679","8,760,426","13,084,933",7.6,YES,YES,"47,572,355","40,485,977","54,658,733"
FINAL,2013,ALL SPECIES,10.3,YES,YES,"12,480,019","9,960,553","14,999,485",6.8,YES,YES,"53,826,100","46,652,158","61,000,043"
FINAL,2014,ALL SPECIES,13.4,YES,YES,"14,276,794","10,527,137","18,026,451",9.9,YES,YES,"46,348,563","37,355,088","55,342,038"
FINAL,2015,ALL SPECIES,22.6,YES,YES,"28,230,553","15,725,547","40,735,559",7.7,YES,YES,"62,415,658","52,995,887","71,835,429"
FINAL,2016,ALL SPECIES,10.6,YES,YES,"17,549,063","13,903,070","21,195,056",7.4,YES,YES,"70,250,691","60,061,531","80,439,852"
FINAL,2017,ALL SPECIES,10.8,YES,YES,"18,234,668","14,374,754","22,094,583",8.4,YES,YES,"84,058,675","70,219,254","97,898,095"
FINAL,2018,ALL SPECIES,11.2,YES,YES,"10,627,873","8,294,842","12,960,904",6.4,YES,YES,"42,097,022","36,816,371","47,377,672"
FINAL,2019,ALL SPECIES,11.2,YES,YES,"19,945,312","15,566,917","24,323,707",5.8,YES,YES,"60,625,357","53,733,466","67,517,248"
FINAL,2020,ALL SPECIES,11.6,YES,YES,"16,388,990","12,662,789","20,115,191",6,YES,YES,"53,395,054","47,115,795","59,674,312"
FINAL,2021,ALL SPECIES,16.3,YES,YES,"15,495,461","10,544,971","20,445,951",6.6,YES,YES,"41,530,927","36,158,487","46,903,368"
FINAL,2022,ALL SPECIES,13.2,YES,YES,"24,655,988","18,276,991","31,034,985",7.3,YES,YES,"63,665,286","54,556,057","72,774,515"
FINAL,2023,ALL SPECIES,9.9,YES,YES,"14,344,419","11,561,028","17,127,810",7.6,YES,YES,"52,510,159","44,688,246","60,332,073"
FINAL,2024,ALL SPECIES,8.8,YES,YES,"12,803,703","10,595,320","15,012,086",7.9,YES,YES,"54,852,514","46,359,151","63,345,878"
PRELIMINARY,2025,ALL SPECIES,18.2,YES,YES,"2,276,748","1,464,587","3,088,910",19.5,YES,YES,"8,966,245","5,539,346","12,393,145"